"order_id","order_date","total_items","total_quantity","total_order_value","total_discount","bill_amount"
"ORD20250520_567533","2025-05-20","4","16","6120.0","0.0","6120.0"
"ORD20250520_567529","2025-05-20","2","6","1481.0","0.2","1332.9"
"ORD20250520_567527","2025-05-20","3","11","3904.0","0.0","3904.0"
"ORD20250520_567526","2025-05-20","3","8","3557.0","0.6000000000000001","2845.6"
"ORD20250520_567536","2025-05-20","3","8","2860.0","0.0","2860.0"
"ORD20250520_567524","2025-05-20","3","6","1957.0","0.0","1957.0"
"ORD20250520_567525","2025-05-20","4","13","4064.0","0.0","4064.0"
"ORD20250520_567528","2025-05-20","4","14","4299.0","0.8","3439.2"
"ORD20250520_567535","2025-05-20","3","12","2688.0","0.30000000000000004","2419.2"
"ORD20250520_567534","2025-05-20","3","10","3800.0","0.0","3800.0"
"ORD20250520_567530","2025-05-20","3","7","2530.0","0.36","2226.4"
"ORD20250520_567532","2025-05-20","2","6","1998.0","0.2","1798.2"
"ORD20250520_567531","2025-05-20","2","7","2415.0","0.24","2125.2"
"ORD20250519_567353","2025-05-19","1","4","3120.0","0.0","3120.0"
"ORD20250519_567522","2025-05-19","2","6","2100.0","0.0","2100.0"
"ORD20250519_567435","2025-05-19","2","6","3600.0","0.0","3600.0"
"ORD20250519_567518","2025-05-19","3","11","4506.0","0.36","3965.28"
"ORD20250519_567348","2025-05-19","1","3","1350.0","0.0","1350.0"
"ORD20250519_567502","2025-05-19","1","2","500.0","0.1","450.0"
"ORD20250519_567442","2025-05-19","1","1","370.0","0.0","370.0"
"ORD20250519_567505","2025-05-19","2","7","2760.0","0.24","2428.8"
"ORD20250519_567339","2025-05-19","3","10","5120.0","0.0","5120.0"
"ORD20250519_567501","2025-05-19","1","2","500.0","0.0","500.0"
"ORD20250519_567445","2025-05-19","2","9","3300.0","0.0","3300.0"
"ORD20250519_567504","2025-05-19","2","5","3080.0","0.0","3080.0"
"ORD20250519_567337","2025-05-19","3","6","1765.0","0.0","1765.0"
"ORD20250519_567498","2025-05-19","3","13","4801.0","0.36","4224.88"
"ORD20250519_567450","2025-05-19","4","13","5826.0","0.0","5826.0"
"ORD20250519_567493","2025-05-19","1","4","888.0","0.0","888.0"
"ORD20250519_567336","2025-05-19","3","9","3082.0","0.0","3082.0"
"ORD20250519_567496","2025-05-19","4","12","5952.0","0.4","5356.8"
"ORD20250519_567458","2025-05-19","2","4","1167.0","0.0","1167.0"
"ORD20250519_567488","2025-05-19","4","14","3670.0","0.0","3670.0"
"ORD20250519_567324","2025-05-19","1","1","222.0","0.0","222.0"
"ORD20250519_567460","2025-05-19","3","11","3380.0","0.30000000000000004","3042.0"
"ORD20250519_567468","2025-05-19","2","8","2980.0","0.4","2384.0"
"ORD20250519_567486","2025-05-19","3","9","3612.0","0.0","3612.0"
"ORD20250519_567315","2025-05-19","1","1","360.0","0.0","360.0"
"ORD20250519_567448","2025-05-19","1","6","900.0","0.0","900.0"
"ORD20250519_567469","2025-05-19","4","15","3478.0","0.0","3478.0"
"ORD20250519_567475","2025-05-19","3","9","2850.0","0.6000000000000001","2280.0"
"ORD20250519_567286","2025-05-19","4","10","4068.0","0.4","3661.2"
"ORD20250519_567446","2025-05-19","4","10","4550.0","0.8","3640.0"
"ORD20250519_567470","2025-05-19","1","6","1200.0","0.0","1200.0"
"ORD20250519_567473","2025-05-19","3","10","4196.0","0.0","4196.0"
"ORD20250519_567282","2025-05-19","3","12","2418.0","0.6000000000000001","1934.4"
"ORD20250519_567427","2025-05-19","3","8","2915.0","0.0","2915.0"
"ORD20250519_567471","2025-05-19","1","3","666.0","0.0","666.0"
"ORD20250519_567463","2025-05-19","2","10","5264.0","0.0","5264.0"
"ORD20250519_567281","2025-05-19","3","12","3805.0","0.0","3805.0"
"ORD20250519_567426","2025-05-19","2","9","3145.0","0.4","2516.0"
"ORD20250519_567480","2025-05-19","2","5","1088.0","0.0","1088.0"
"ORD20250519_567449","2025-05-19","1","1","360.0","0.0","360.0"
"ORD20250519_567280","2025-05-19","2","8","4443.0","0.0","4443.0"
"ORD20250519_567409","2025-05-19","3","9","2050.0","0.0","2050.0"
"ORD20250519_567491","2025-05-19","4","10","2390.0","0.0","2390.0"
"ORD20250519_567438","2025-05-19","1","1","320.0","0.0","320.0"
"ORD20250519_567273","2025-05-19","3","8","2012.0","0.6000000000000001","1609.6"
"ORD20250519_567399","2025-05-19","1","2","300.0","0.0","300.0"
"ORD20250519_567499","2025-05-19","3","4","1140.0","0.0","1140.0"
"ORD20250519_567417","2025-05-19","4","16","5495.0","0.4","4945.5"
"ORD20250519_567268","2025-05-19","1","1","600.0","0.0","600.0"
"ORD20250519_567397","2025-05-19","2","10","3876.0","0.0","3876.0"
"ORD20250519_567503","2025-05-19","1","1","400.0","0.0","400.0"
"ORD20250519_567415","2025-05-19","2","6","1980.0","0.0","1980.0"
"ORD20250519_567259","2025-05-19","1","1","270.0","0.0","270.0"
"ORD20250519_567388","2025-05-19","3","6","2062.0","0.0","2062.0"
"ORD20250519_567510","2025-05-19","2","7","2056.0","0.0","2056.0"
"ORD20250519_567412","2025-05-19","3","9","3085.0","0.0","3085.0"
"ORD20250519_567257","2025-05-19","4","10","3766.0","0.4","3389.4"
"ORD20250519_567378","2025-05-19","2","8","3080.0","0.4","2464.0"
"ORD20250519_567515","2025-05-19","3","11","5270.0","0.0","5270.0"
"ORD20250519_567408","2025-05-19","4","15","4923.0","0.0","4923.0"
"ORD20250519_567495","2025-05-19","1","2","720.0","0.1","648.0"
"ORD20250519_567371","2025-05-19","1","3","1110.0","0.0","1110.0"
"ORD20250519_567253","2025-05-19","2","5","1648.0","0.4","1318.4"
"ORD20250519_567391","2025-05-19","4","5","1941.0","0.48","1708.08"
"ORD20250519_567489","2025-05-19","4","10","2476.0","0.48","2178.88"
"ORD20250519_567368","2025-05-19","1","3","750.0","0.0","750.0"
"ORD20250519_567269","2025-05-19","4","8","2708.0","0.4","2437.2"
"ORD20250519_567387","2025-05-19","1","4","3120.0","0.0","3120.0"
"ORD20250519_567485","2025-05-19","4","10","3680.0","0.0","3680.0"
"ORD20250519_567354","2025-05-19","1","4","1664.0","0.12","1464.32"
"ORD20250519_567293","2025-05-19","3","7","1988.0","0.30000000000000004","1789.2"
"ORD20250519_567385","2025-05-19","1","4","1400.0","0.0","1400.0"
"ORD20250519_567483","2025-05-19","2","4","1376.0","0.2","1238.4"
"ORD20250519_567344","2025-05-19","4","11","3090.0","0.4","2781.0"
"ORD20250519_567301","2025-05-19","1","3","576.0","0.2","460.8"
"ORD20250519_567380","2025-05-19","4","8","2420.0","0.8","1936.0"
"ORD20250519_567478","2025-05-19","1","6","2964.0","0.0","2964.0"
"ORD20250519_567328","2025-05-19","2","7","1984.0","0.0","1984.0"
"ORD20250519_567340","2025-05-19","3","11","4316.0","0.36","3798.08"
"ORD20250519_567377","2025-05-19","4","16","4328.0","0.48","3808.64"
"ORD20250519_567476","2025-05-19","1","2","300.0","0.1","270.0"
"ORD20250519_567322","2025-05-19","3","7","3085.0","0.0","3085.0"
"ORD20250519_567341","2025-05-19","2","6","2200.0","0.24","1936.0"
"ORD20250519_567370","2025-05-19","1","2","300.0","0.0","300.0"
"ORD20250519_567472","2025-05-19","4","9","3495.0","0.8","2796.0"
"ORD20250519_567320","2025-05-19","2","5","1464.0","0.2","1317.6"
"ORD20250519_567345","2025-05-19","2","7","1362.0","0.0","1362.0"
"ORD20250519_567363","2025-05-19","3","12","4756.0","0.0","4756.0"
"ORD20250519_567447","2025-05-19","2","5","2168.0","0.2","1951.2"
"ORD20250519_567316","2025-05-19","3","7","3861.0","0.6000000000000001","3088.8"
"ORD20250519_567346","2025-05-19","1","5","2405.0","0.0","2405.0"
"ORD20250519_567355","2025-05-19","3","10","4070.0","0.0","4070.0"
"ORD20250519_567441","2025-05-19","4","16","8700.0","0.8","6960.0"
"ORD20250519_567308","2025-05-19","2","10","3365.0","0.0","3365.0"
"ORD20250519_567352","2025-05-19","2","6","2475.0","0.0","2475.0"
"ORD20250519_567319","2025-05-19","1","2","500.0","0.12","440.0"
"ORD20250519_567436","2025-05-19","1","4","2340.0","0.0","2340.0"
"ORD20250519_567307","2025-05-19","3","8","2140.0","0.30000000000000004","1926.0"
"ORD20250519_567372","2025-05-19","3","5","1290.0","0.30000000000000004","1161.0"
"ORD20250519_567312","2025-05-19","3","9","2330.0","0.36","2050.4"
"ORD20250519_567434","2025-05-19","1","6","1368.0","0.0","1368.0"
"ORD20250519_567295","2025-05-19","2","7","2760.0","0.4","2208.0"
"ORD20250519_567373","2025-05-19","2","7","1728.0","0.0","1728.0"
"ORD20250519_567311","2025-05-19","1","5","1850.0","0.0","1850.0"
"ORD20250519_567429","2025-05-19","1","2","740.0","0.2","592.0"
"ORD20250519_567288","2025-05-19","1","5","1140.0","0.0","1140.0"
"ORD20250519_567416","2025-05-19","4","6","3505.0","0.48","3084.4"
"ORD20250519_567297","2025-05-19","1","2","520.0","0.0","520.0"
"ORD20250519_567400","2025-05-19","1","6","1920.0","0.0","1920.0"
"ORD20250519_567283","2025-05-19","3","9","3520.0","0.0","3520.0"
"ORD20250519_567420","2025-05-19","3","8","2560.0","0.30000000000000004","2304.0"
"ORD20250519_567294","2025-05-19","4","11","2786.0","0.4","2507.4"
"ORD20250519_567394","2025-05-19","4","20","10020.0","0.0","10020.0"
"ORD20250519_567276","2025-05-19","4","17","3086.0","0.4","2777.4"
"ORD20250519_567421","2025-05-19","1","5","2000.0","0.0","2000.0"
"ORD20250519_567279","2025-05-19","1","2","760.0","0.0","760.0"
"ORD20250519_567374","2025-05-19","2","7","2816.0","0.4","2252.8"
"ORD20250519_567271","2025-05-19","2","4","1132.0","0.0","1132.0"
"ORD20250519_567250","2025-05-19","4","12","4112.0","0.8","3289.6"
"ORD20250519_567272","2025-05-19","2","6","2820.0","0.0","2820.0"
"ORD20250519_567358","2025-05-19","3","8","2808.0","0.30000000000000004","2527.2"
"ORD20250519_567267","2025-05-19","2","7","1970.0","0.0","1970.0"
"ORD20250519_567260","2025-05-19","3","7","2156.0","0.0","2156.0"
"ORD20250519_567258","2025-05-19","3","6","2600.0","0.36","2288.0"
"ORD20250519_567300","2025-05-19","2","5","1800.0","0.24","1584.0"
"ORD20250519_567264","2025-05-19","4","15","5105.0","0.0","5105.0"
"ORD20250519_567265","2025-05-19","2","8","1806.0","0.24","1589.28"
"ORD20250519_567255","2025-05-19","4","14","7150.0","0.0","7150.0"
"ORD20250519_567306","2025-05-19","3","9","3376.0","0.0","3376.0"
"ORD20250519_567263","2025-05-19","3","6","1044.0","0.0","1044.0"
"ORD20250519_567277","2025-05-19","2","8","2520.0","0.2","2268.0"
"ORD20250519_567254","2025-05-19","1","2","540.0","0.0","540.0"
"ORD20250519_567309","2025-05-19","4","13","3576.0","0.8","2860.8"
"ORD20250519_567261","2025-05-19","4","15","5388.0","0.48","4741.44"
"ORD20250519_567290","2025-05-19","1","3","1080.0","0.12","950.4"
"ORD20250519_567251","2025-05-19","4","10","3628.0","0.0","3628.0"
"ORD20250519_567313","2025-05-19","1","3","1110.0","0.2","888.0"
"ORD20250519_567248","2025-05-19","1","1","416.0","0.0","416.0"
"ORD20250519_567292","2025-05-19","4","9","3133.0","0.8","2506.4"
"ORD20250519_567305","2025-05-19","4","15","5185.0","0.48","4562.8"
"ORD20250519_567331","2025-05-19","2","4","1280.0","0.0","1280.0"
"ORD20250519_567457","2025-05-19","2","5","1324.0","0.2","1191.6"
"ORD20250519_567310","2025-05-19","4","19","6264.0","0.48","5512.32"
"ORD20250519_567304","2025-05-19","2","7","2056.0","0.4","1644.8"
"ORD20250519_567332","2025-05-19","1","1","370.0","0.0","370.0"
"ORD20250519_567455","2025-05-19","3","7","1466.0","0.0","1466.0"
"ORD20250519_567326","2025-05-19","3","5","2174.0","0.0","2174.0"
"ORD20250519_567299","2025-05-19","1","1","600.0","0.12","528.0"
"ORD20250519_567335","2025-05-19","1","4","2400.0","0.0","2400.0"
"ORD20250519_567444","2025-05-19","4","13","3246.0","0.0","3246.0"
"ORD20250519_567327","2025-05-19","2","6","2476.0","0.0","2476.0"
"ORD20250519_567298","2025-05-19","2","5","1050.0","0.0","1050.0"
"ORD20250519_567338","2025-05-19","3","12","5482.0","0.0","5482.0"
"ORD20250519_567431","2025-05-19","2","8","2938.0","0.4","2350.4"
"ORD20250519_567343","2025-05-19","4","9","2860.0","0.0","2860.0"
"ORD20250519_567296","2025-05-19","4","14","6120.0","0.48","5385.6"
"ORD20250519_567342","2025-05-19","1","4","1924.0","0.0","1924.0"
"ORD20250519_567430","2025-05-19","4","9","1892.0","0.0","1892.0"
"ORD20250519_567367","2025-05-19","4","13","5612.0","0.0","5612.0"
"ORD20250519_567291","2025-05-19","4","16","6010.0","0.0","6010.0"
"ORD20250519_567361","2025-05-19","4","12","3380.0","0.0","3380.0"
"ORD20250519_567422","2025-05-19","4","10","2006.0","0.8","1604.8"
"ORD20250519_567369","2025-05-19","4","12","2862.0","0.8","2289.6"
"ORD20250519_567289","2025-05-19","1","1","150.0","0.12","132.0"
"ORD20250519_567366","2025-05-19","3","13","3470.0","0.30000000000000004","3123.0"
"ORD20250519_567411","2025-05-19","3","12","3960.0","0.0","3960.0"
"ORD20250519_567379","2025-05-19","4","15","3484.0","0.0","3484.0"
"ORD20250519_567287","2025-05-19","2","4","1444.0","0.4","1155.2"
"ORD20250519_567382","2025-05-19","1","2","400.0","0.0","400.0"
"ORD20250519_567410","2025-05-19","2","6","1634.0","0.0","1634.0"
"ORD20250519_567381","2025-05-19","2","8","1802.0","0.0","1802.0"
"ORD20250519_567278","2025-05-19","3","13","4840.0","0.0","4840.0"
"ORD20250519_567384","2025-05-19","3","8","2590.0","0.30000000000000004","2331.0"
"ORD20250519_567407","2025-05-19","3","12","4510.0","0.0","4510.0"
"ORD20250519_567403","2025-05-19","2","3","1180.0","0.0","1180.0"
"ORD20250519_567274","2025-05-19","1","3","1443.0","0.0","1443.0"
"ORD20250519_567390","2025-05-19","4","12","3203.0","0.0","3203.0"
"ORD20250519_567404","2025-05-19","4","16","7144.0","0.48","6286.72"
"ORD20250519_567406","2025-05-19","4","14","6784.0","0.8","5427.2"
"ORD20250519_567256","2025-05-19","1","3","750.0","0.0","750.0"
"ORD20250519_567398","2025-05-19","2","7","3266.0","0.0","3266.0"
"ORD20250519_567395","2025-05-19","1","6","2220.0","0.1","1998.0"
"ORD20250519_567413","2025-05-19","3","6","1955.0","0.0","1955.0"
"ORD20250519_567249","2025-05-19","4","16","8026.0","0.0","8026.0"
"ORD20250519_567401","2025-05-19","2","6","2560.0","0.0","2560.0"
"ORD20250519_567392","2025-05-19","2","9","4485.0","0.0","4485.0"
"ORD20250519_567423","2025-05-19","3","11","3870.0","0.0","3870.0"
"ORD20250519_567245","2025-05-19","2","6","1788.0","0.0","1788.0"
"ORD20250519_567402","2025-05-19","4","12","5364.0","0.0","5364.0"
"ORD20250519_567389","2025-05-19","4","9","3758.0","0.0","3758.0"
"ORD20250519_567440","2025-05-19","3","9","3570.0","0.0","3570.0"
"ORD20250519_567520","2025-05-19","1","6","3600.0","0.0","3600.0"
"ORD20250519_567424","2025-05-19","3","11","3342.0","0.0","3342.0"
"ORD20250519_567376","2025-05-19","4","15","7285.0","0.4","6556.5"
"ORD20250519_567453","2025-05-19","4","9","3248.0","0.0","3248.0"
"ORD20250519_567519","2025-05-19","3","11","4162.0","0.0","4162.0"
"ORD20250519_567428","2025-05-19","2","4","1444.0","0.2","1299.6"
"ORD20250519_567364","2025-05-19","1","6","2400.0","0.0","2400.0"
"ORD20250519_567461","2025-05-19","4","13","4716.0","0.4","4244.4"
"ORD20250519_567517","2025-05-19","1","3","1560.0","0.0","1560.0"
"ORD20250519_567432","2025-05-19","1","1","250.0","0.1","225.0"
"ORD20250519_567357","2025-05-19","2","6","1446.0","0.24","1272.48"
"ORD20250519_567467","2025-05-19","1","1","325.0","0.0","325.0"
"ORD20250519_567513","2025-05-19","3","10","4010.0","0.30000000000000004","3609.0"
"ORD20250519_567439","2025-05-19","1","4","888.0","0.1","799.2"
"ORD20250519_567356","2025-05-19","1","1","250.0","0.0","250.0"
"ORD20250519_567477","2025-05-19","1","3","1050.0","0.12","924.0"
"ORD20250519_567511","2025-05-19","4","14","5720.0","0.4","5148.0"
"ORD20250519_567451","2025-05-19","4","15","7384.0","0.0","7384.0"
"ORD20250519_567351","2025-05-19","3","13","3480.0","0.6000000000000001","2784.0"
"ORD20250519_567492","2025-05-19","1","6","2220.0","0.0","2220.0"
"ORD20250519_567507","2025-05-19","3","9","3766.0","0.0","3766.0"
"ORD20250519_567454","2025-05-19","1","4","800.0","0.1","720.0"
"ORD20250519_567349","2025-05-19","2","9","3680.0","0.0","3680.0"
"ORD20250519_567508","2025-05-19","3","10","5440.0","0.0","5440.0"
"ORD20250519_567500","2025-05-19","4","9","3700.0","0.0","3700.0"
"ORD20250519_567481","2025-05-19","3","11","3254.0","0.0","3254.0"
"ORD20250519_567347","2025-05-19","1","4","3120.0","0.0","3120.0"
"ORD20250519_567514","2025-05-19","3","7","3672.0","0.0","3672.0"
"ORD20250519_567474","2025-05-19","3","15","4110.0","0.36","3616.8"
"ORD20250519_567487","2025-05-19","4","15","5023.0","0.0","5023.0"
"ORD20250519_567333","2025-05-19","2","7","1600.0","0.0","1600.0"
"ORD20250519_567247","2025-05-19","1","3","1350.0","0.0","1350.0"
"ORD20250519_567466","2025-05-19","1","3","960.0","0.0","960.0"
"ORD20250519_567506","2025-05-19","4","17","6950.0","0.0","6950.0"
"ORD20250519_567330","2025-05-19","4","12","3970.0","0.4","3573.0"
"ORD20250519_567523","2025-05-19","3","10","2670.0","0.6000000000000001","2136.0"
"ORD20250519_567464","2025-05-19","3","3","1272.0","0.0","1272.0"
"ORD20250519_567246","2025-05-19","2","8","3160.0","0.24","2780.8"
"ORD20250519_567325","2025-05-19","3","8","2346.0","0.0","2346.0"
"ORD20250519_567252","2025-05-19","1","2","500.0","0.0","500.0"
"ORD20250519_567456","2025-05-19","3","14","5556.0","0.0","5556.0"
"ORD20250519_567275","2025-05-19","2","8","1880.0","0.24","1654.4"
"ORD20250519_567323","2025-05-19","1","5","1140.0","0.2","912.0"
"ORD20250519_567452","2025-05-19","2","7","2645.0","0.2","2380.5"
"ORD20250519_567321","2025-05-19","1","5","1250.0","0.12","1100.0"
"ORD20250519_567443","2025-05-19","3","7","2198.0","0.30000000000000004","1978.2"
"ORD20250519_567318","2025-05-19","1","2","760.0","0.0","760.0"
"ORD20250519_567437","2025-05-19","2","8","3348.0","0.0","3348.0"
"ORD20250519_567317","2025-05-19","1","3","450.0","0.1","405.0"
"ORD20250519_567433","2025-05-19","1","4","1000.0","0.0","1000.0"
"ORD20250519_567303","2025-05-19","3","11","3140.0","0.6000000000000001","2512.0"
"ORD20250519_567425","2025-05-19","2","2","666.0","0.2","599.4"
"ORD20250519_567302","2025-05-19","1","4","1976.0","0.2","1580.8"
"ORD20250519_567419","2025-05-19","3","8","2580.0","0.0","2580.0"
"ORD20250519_567285","2025-05-19","4","6","1941.0","0.8","1552.8"
"ORD20250519_567418","2025-05-19","1","5","750.0","0.0","750.0"
"ORD20250519_567284","2025-05-19","1","3","975.0","0.0","975.0"
"ORD20250519_567414","2025-05-19","3","12","4259.0","0.30000000000000004","3833.1"
"ORD20250519_567270","2025-05-19","4","9","2635.0","0.8","2108.0"
"ORD20250519_567405","2025-05-19","2","5","1925.0","0.24","1694.0"
"ORD20250519_567266","2025-05-19","1","3","1443.0","0.12","1269.84"
"ORD20250519_567396","2025-05-19","3","6","1484.0","0.0","1484.0"
"ORD20250519_567262","2025-05-19","2","9","3145.0","0.0","3145.0"
"ORD20250519_567393","2025-05-19","3","10","3530.0","0.36","3106.4"
"ORD20250519_567521","2025-05-19","2","5","2080.0","0.24","1830.4"
"ORD20250519_567386","2025-05-19","3","9","2908.0","0.0","2908.0"
"ORD20250519_567516","2025-05-19","3","11","3992.0","0.6000000000000001","3193.6"
"ORD20250519_567383","2025-05-19","1","4","1480.0","0.1","1332.0"
"ORD20250519_567512","2025-05-19","2","4","1405.0","0.2","1264.5"
"ORD20250519_567375","2025-05-19","4","9","3266.0","0.4","2939.4"
"ORD20250519_567509","2025-05-19","1","6","3600.0","0.1","3240.0"
"ORD20250519_567365","2025-05-19","1","2","1560.0","0.0","1560.0"
"ORD20250519_567497","2025-05-19","1","1","120.0","0.12","105.6"
"ORD20250519_567362","2025-05-19","3","6","2183.0","0.0","2183.0"
"ORD20250519_567494","2025-05-19","4","15","5030.0","0.48","4426.4"
"ORD20250519_567360","2025-05-19","3","13","2130.0","0.0","2130.0"
"ORD20250519_567490","2025-05-19","2","3","1580.0","0.4","1264.0"
"ORD20250519_567359","2025-05-19","2","5","1880.0","0.0","1880.0"
"ORD20250519_567484","2025-05-19","3","14","4660.0","0.30000000000000004","4194.0"
"ORD20250519_567350","2025-05-19","1","2","988.0","0.12","869.44"
"ORD20250519_567482","2025-05-19","1","2","500.0","0.0","500.0"
"ORD20250519_567334","2025-05-19","4","13","3664.0","0.0","3664.0"
"ORD20250519_567479","2025-05-19","2","5","1716.0","0.2","1544.4"
"ORD20250519_567329","2025-05-19","2","9","2513.0","0.0","2513.0"
"ORD20250519_567465","2025-05-19","4","16","7422.0","0.0","7422.0"
"ORD20250519_567314","2025-05-19","4","14","4432.0","0.0","4432.0"
"ORD20250519_567462","2025-05-19","4","19","7818.0","0.4","7036.2"
"ORD20250519_567459","2025-05-19","4","12","4517.0","0.0","4517.0"
"ORD20250518_566879","2025-05-18","1","4","1280.0","0.12","1126.4"
"ORD20250518_566973","2025-05-18","4","12","4215.0","0.48","3709.2"
"ORD20250518_567078","2025-05-18","1","7","2660.0","0.12","2340.8"
"ORD20250518_566774","2025-05-18","2","12","3072.0","0.24","2703.36"
"ORD20250518_566856","2025-05-18","3","13","3260.0","0.0","3260.0"
"ORD20250518_566968","2025-05-18","1","7","2660.0","0.12","2340.8"
"ORD20250518_567063","2025-05-18","2","13","3096.0","0.0","3096.0"
"ORD20250518_566770","2025-05-18","3","11","3562.0","0.0","3562.0"
"ORD20250518_566852","2025-05-18","3","13","4826.0","0.0","4826.0"
"ORD20250518_566952","2025-05-18","1","3","1365.0","0.0","1365.0"
"ORD20250518_567041","2025-05-18","3","8","2360.0","0.36","2076.8"
"ORD20250518_566761","2025-05-18","3","8","2708.0","0.0","2708.0"
"ORD20250518_567051","2025-05-18","2","6","1680.0","0.24","1478.4"
"ORD20250518_566921","2025-05-18","1","1","250.0","0.0","250.0"
"ORD20250518_567015","2025-05-18","1","3","1800.0","0.0","1800.0"
"ORD20250518_566739","2025-05-18","2","5","1502.0","0.0","1502.0"
"ORD20250518_567050","2025-05-18","2","9","2880.0","0.0","2880.0"
"ORD20250518_566919","2025-05-18","2","18","4500.0","0.0","4500.0"
"ORD20250518_567007","2025-05-18","2","8","2560.0","0.24","2252.8"
"ORD20250518_566734","2025-05-18","3","8","2918.0","0.0","2918.0"
"ORD20250518_567033","2025-05-18","2","9","3939.0","0.24","3466.32"
"ORD20250518_566915","2025-05-18","3","15","8720.0","0.36","7673.6"
"ORD20250518_567003","2025-05-18","4","30","16068.0","0.48","14139.84"
"ORD20250518_566727","2025-05-18","1","3","750.0","0.0","750.0"
"ORD20250518_567028","2025-05-18","4","16","4074.0","0.48","3585.12"
"ORD20250518_566910","2025-05-18","1","7","1750.0","0.0","1750.0"
"ORD20250518_566988","2025-05-18","3","21","5250.0","0.0","5250.0"
"ORD20250518_566719","2025-05-18","3","17","4370.0","0.36","3845.6"
"ORD20250518_567025","2025-05-18","3","13","5125.0","0.36","4510.0"
"ORD20250518_566900","2025-05-18","2","11","4600.0","0.24","4048.0"
"ORD20250518_566960","2025-05-18","1","3","1140.0","0.12","1003.2"
"ORD20250518_566718","2025-05-18","1","4","2400.0","0.0","2400.0"
"ORD20250518_567024","2025-05-18","1","1","380.0","0.0","380.0"
"ORD20250518_566884","2025-05-18","3","20","5625.0","0.0","5625.0"
"ORD20250518_566927","2025-05-18","3","19","9825.0","0.36","8646.0"
"ORD20250518_566709","2025-05-18","3","15","8060.0","0.0","8060.0"
"ORD20250518_567021","2025-05-18","3","12","3723.0","0.0","3723.0"
"ORD20250518_566881","2025-05-18","4","16","6706.0","0.48","5901.28"
"ORD20250518_566924","2025-05-18","2","14","4865.0","0.24","4281.2"
"ORD20250518_566705","2025-05-18","3","10","3230.0","0.0","3230.0"
"ORD20250518_567002","2025-05-18","3","19","5642.0","0.36","4964.96"
"ORD20250518_566873","2025-05-18","1","1","350.0","0.12","308.0"
"ORD20250518_566923","2025-05-18","4","24","10270.0","0.48","9037.6"
"ORD20250518_566700","2025-05-18","4","24","10919.0","0.48","9608.72"
"ORD20250518_567001","2025-05-18","3","11","4240.0","0.36","3731.2"
"ORD20250518_566870","2025-05-18","1","4","1480.0","0.0","1480.0"
"ORD20250518_566920","2025-05-18","3","19","5462.0","0.36","4806.56"
"ORD20250518_566692","2025-05-18","2","7","1618.0","0.0","1618.0"
"ORD20250518_567000","2025-05-18","2","8","2250.0","0.24","1980.0"
"ORD20250518_566864","2025-05-18","2","10","4580.0","0.0","4580.0"
"ORD20250518_566918","2025-05-18","4","23","6485.0","0.48","5706.8"
"ORD20250518_566682","2025-05-18","3","17","4184.0","0.36","3681.92"
"ORD20250518_566994","2025-05-18","3","13","4565.0","0.0","4565.0"
"ORD20250518_566861","2025-05-18","1","3","1350.0","0.12","1188.0"
"ORD20250518_566899","2025-05-18","1","3","750.0","0.0","750.0"
"ORD20250518_567229","2025-05-18","1","3","1248.0","0.12","1098.24"
"ORD20250518_566993","2025-05-18","4","18","7452.0","0.48","6557.76"
"ORD20250518_566858","2025-05-18","3","10","4529.0","0.36","3985.52"
"ORD20250518_566893","2025-05-18","4","26","11892.0","0.48","10464.96"
"ORD20250518_567226","2025-05-18","4","18","8032.0","0.0","8032.0"
"ORD20250518_566989","2025-05-18","3","15","5591.0","0.36","4920.08"
"ORD20250518_566853","2025-05-18","3","12","4180.0","0.36","3678.4"
"ORD20250518_566885","2025-05-18","3","18","7840.0","0.36","6899.2"
"ORD20250518_567215","2025-05-18","3","11","3862.0","0.36","3398.56"
"ORD20250518_566971","2025-05-18","3","11","2938.0","0.36","2585.44"
"ORD20250518_566849","2025-05-18","2","10","2088.0","0.0","2088.0"
"ORD20250518_566869","2025-05-18","2","2","844.0","0.0","844.0"
"ORD20250518_567196","2025-05-18","2","10","3200.0","0.0","3200.0"
"ORD20250518_566967","2025-05-18","2","14","4585.0","0.0","4585.0"
"ORD20250518_566834","2025-05-18","2","8","1985.0","0.0","1985.0"
"ORD20250518_566868","2025-05-18","4","21","7981.0","0.48","7023.28"
"ORD20250518_567164","2025-05-18","1","5","1850.0","0.12","1628.0"
"ORD20250518_566961","2025-05-18","3","9","3648.0","0.0","3648.0"
"ORD20250518_566821","2025-05-18","4","11","4730.0","0.0","4730.0"
"ORD20250518_566866","2025-05-18","3","14","6226.0","0.36","5478.88"
"ORD20250518_567159","2025-05-18","4","18","7495.0","0.48","6595.6"
"ORD20250518_566958","2025-05-18","3","11","3130.0","0.36","2754.4"
"ORD20250518_566795","2025-05-18","2","7","2482.0","0.0","2482.0"
"ORD20250518_566862","2025-05-18","1","6","2496.0","0.0","2496.0"
"ORD20250518_567149","2025-05-18","3","17","10070.0","0.36","8861.6"
"ORD20250518_566955","2025-05-18","3","9","2166.0","0.0","2166.0"
"ORD20250518_566787","2025-05-18","4","18","5990.0","0.0","5990.0"
"ORD20250518_566854","2025-05-18","4","16","5636.0","0.0","5636.0"
"ORD20250518_567143","2025-05-18","2","8","1776.0","0.0","1776.0"
"ORD20250518_566951","2025-05-18","2","14","6344.0","0.0","6344.0"
"ORD20250518_566753","2025-05-18","1","6","2220.0","0.12","1953.6"
"ORD20250518_566851","2025-05-18","4","19","4470.0","0.48","3933.6"
"ORD20250518_567142","2025-05-18","1","5","2250.0","0.0","2250.0"
"ORD20250518_566941","2025-05-18","3","13","5161.0","0.0","5161.0"
"ORD20250518_566732","2025-05-18","1","4","2400.0","0.0","2400.0"
"ORD20250518_566845","2025-05-18","4","25","11080.0","0.0","11080.0"
"ORD20250518_567141","2025-05-18","4","10","4367.0","0.0","4367.0"
"ORD20250518_566926","2025-05-18","2","14","7700.0","0.0","7700.0"
"ORD20250518_566723","2025-05-18","2","12","3780.0","0.24","3326.4"
"ORD20250518_566839","2025-05-18","2","12","3120.0","0.0","3120.0"
"ORD20250518_567121","2025-05-18","2","4","2028.0","0.24","1784.64"
"ORD20250518_566916","2025-05-18","1","1","360.0","0.0","360.0"
"ORD20250518_566722","2025-05-18","4","11","4154.0","0.0","4154.0"
"ORD20250518_566832","2025-05-18","2","13","4958.0","0.0","4958.0"
"ORD20250518_567100","2025-05-18","2","16","3102.0","0.0","3102.0"
"ORD20250518_566914","2025-05-18","1","4","1520.0","0.12","1337.6"
"ORD20250518_566712","2025-05-18","1","1","380.0","0.0","380.0"
"ORD20250518_566825","2025-05-18","1","7","2660.0","0.0","2660.0"
"ORD20250518_567097","2025-05-18","2","12","5915.0","0.0","5915.0"
"ORD20250518_566911","2025-05-18","1","6","2280.0","0.12","2006.4"
"ORD20250518_566703","2025-05-18","2","13","3970.0","0.0","3970.0"
"ORD20250518_566819","2025-05-18","3","11","2100.0","0.36","1848.0"
"ORD20250518_567095","2025-05-18","3","23","8961.0","0.36","7885.68"
"ORD20250518_566907","2025-05-18","3","18","5283.0","0.36","4649.04"
"ORD20250518_566702","2025-05-18","4","22","6542.0","0.0","6542.0"
"ORD20250518_566814","2025-05-18","4","15","5884.0","0.48","5177.92"
"ORD20250518_567090","2025-05-18","1","1","450.0","0.12","396.0"
"ORD20250518_566902","2025-05-18","1","7","2520.0","0.12","2217.6"
"ORD20250518_566694","2025-05-18","4","16","7390.0","0.0","7390.0"
"ORD20250518_566805","2025-05-18","2","13","2540.0","0.24","2235.2"
"ORD20250518_567088","2025-05-18","3","11","3616.0","0.0","3616.0"
"ORD20250518_566901","2025-05-18","4","13","7695.0","0.48","6771.6"
"ORD20250518_566687","2025-05-18","1","4","888.0","0.12","781.44"
"ORD20250518_566801","2025-05-18","1","3","960.0","0.0","960.0"
"ORD20250518_567082","2025-05-18","1","5","1900.0","0.12","1672.0"
"ORD20250518_566891","2025-05-18","3","10","4336.0","0.0","4336.0"
"ORD20250518_566686","2025-05-18","3","10","4032.0","0.36","3548.16"
"ORD20250518_566783","2025-05-18","3","16","5710.0","0.0","5710.0"
"ORD20250518_567080","2025-05-18","4","22","7545.0","0.48","6639.6"
"ORD20250518_566838","2025-05-18","3","15","5570.0","0.36","4901.6"
"ORD20250518_566683","2025-05-18","4","10","4458.0","0.48","3923.04"
"ORD20250518_566776","2025-05-18","2","13","3320.0","0.24","2921.6"
"ORD20250518_567070","2025-05-18","1","3","1800.0","0.12","1584.0"
"ORD20250518_566835","2025-05-18","4","16","4355.0","0.0","4355.0"
"ORD20250518_566679","2025-05-18","4","12","4263.0","0.48","3751.44"
"ORD20250518_566764","2025-05-18","2","5","1774.0","0.0","1774.0"
"ORD20250518_567056","2025-05-18","4","18","5480.0","0.0","5480.0"
"ORD20250518_566833","2025-05-18","4","16","5950.0","0.0","5950.0"
"ORD20250518_566678","2025-05-18","2","2","845.0","0.0","845.0"
"ORD20250518_566749","2025-05-18","3","11","4474.0","0.0","4474.0"
"ORD20250518_567054","2025-05-18","1","1","250.0","0.0","250.0"
"ORD20250518_566820","2025-05-18","2","10","3900.0","0.0","3900.0"
"ORD20250518_567242","2025-05-18","1","7","1400.0","0.12","1232.0"
"ORD20250518_566747","2025-05-18","1","7","4200.0","0.0","4200.0"
"ORD20250518_567043","2025-05-18","1","7","3150.0","0.0","3150.0"
"ORD20250518_566815","2025-05-18","4","20","4188.0","0.48","3685.44"
"ORD20250518_567223","2025-05-18","4","12","3935.0","0.0","3935.0"
"ORD20250518_566742","2025-05-18","1","7","1750.0","0.12","1540.0"
"ORD20250518_567008","2025-05-18","1","6","900.0","0.0","900.0"
"ORD20250518_566811","2025-05-18","2","5","1416.0","0.0","1416.0"
"ORD20250518_567222","2025-05-18","4","20","6558.0","0.48","5771.04"
"ORD20250518_566720","2025-05-18","2","11","4216.0","0.0","4216.0"
"ORD20250518_567005","2025-05-18","3","9","3522.0","0.36","3099.36"
"ORD20250518_566804","2025-05-18","4","13","3523.0","0.48","3100.24"
"ORD20250518_567216","2025-05-18","4","24","7154.0","0.48","6295.52"
"ORD20250518_566697","2025-05-18","3","12","4110.0","0.0","4110.0"
"ORD20250518_566998","2025-05-18","1","3","975.0","0.0","975.0"
"ORD20250518_566792","2025-05-18","4","16","4362.0","0.0","4362.0"
"ORD20250518_567207","2025-05-18","1","3","1248.0","0.12","1098.24"
"ORD20250518_566693","2025-05-18","4","20","6840.0","0.48","6019.2"
"ORD20250518_566997","2025-05-18","3","11","4230.0","0.0","4230.0"
"ORD20250518_566769","2025-05-18","4","26","10491.0","0.0","10491.0"
"ORD20250518_567200","2025-05-18","2","4","1560.0","0.24","1372.8"
"ORD20250518_567232","2025-05-18","4","24","8420.0","0.48","7409.6"
"ORD20250518_566995","2025-05-18","4","22","10562.0","0.0","10562.0"
"ORD20250518_566759","2025-05-18","1","6","2496.0","0.12","2196.48"
"ORD20250518_567195","2025-05-18","1","1","350.0","0.0","350.0"
"ORD20250518_567227","2025-05-18","4","14","5098.0","0.48","4486.24"
"ORD20250518_566991","2025-05-18","3","13","3325.0","0.36","2926.0"
"ORD20250518_566757","2025-05-18","1","1","370.0","0.12","325.6"
"ORD20250518_567173","2025-05-18","1","7","1750.0","0.0","1750.0"
"ORD20250518_567225","2025-05-18","2","10","3000.0","0.24","2640.0"
"ORD20250518_566982","2025-05-18","1","3","1800.0","0.0","1800.0"
"ORD20250518_566756","2025-05-18","2","4","934.0","0.0","934.0"
"ORD20250518_567170","2025-05-18","1","9","2880.0","0.0","2880.0"
"ORD20250518_567204","2025-05-18","4","14","3222.0","0.0","3222.0"
"ORD20250518_566980","2025-05-18","3","15","6540.0","0.0","6540.0"
"ORD20250518_566741","2025-05-18","4","20","8380.0","0.48","7374.4"
"ORD20250518_567167","2025-05-18","3","13","4565.0","0.36","4017.2"
"ORD20250518_567190","2025-05-18","2","6","2450.0","0.0","2450.0"
"ORD20250518_566966","2025-05-18","4","14","6980.0","0.0","6980.0"
"ORD20250518_566740","2025-05-18","4","17","5078.0","0.0","5078.0"
"ORD20250518_567154","2025-05-18","3","11","2820.0","0.36","2481.6"
"ORD20250518_567189","2025-05-18","3","17","5825.0","0.0","5825.0"
"ORD20250518_566965","2025-05-18","2","6","1666.0","0.0","1666.0"
"ORD20250518_566733","2025-05-18","2","14","3990.0","0.0","3990.0"
"ORD20250518_567152","2025-05-18","1","3","1110.0","0.0","1110.0"
"ORD20250518_567181","2025-05-18","3","9","3280.0","0.36","2886.4"
"ORD20250518_566956","2025-05-18","3","13","4026.0","0.36","3542.88"
"ORD20250518_566714","2025-05-18","4","17","3786.0","0.48","3331.68"
"ORD20250518_567147","2025-05-18","2","14","6755.0","0.24","5944.4"
"ORD20250518_567180","2025-05-18","4","16","5162.0","0.48","4542.56"
"ORD20250518_566942","2025-05-18","2","18","5679.0","0.0","5679.0"
"ORD20250518_566708","2025-05-18","1","4","1520.0","0.12","1337.6"
"ORD20250518_567139","2025-05-18","3","11","4758.0","0.0","4758.0"
"ORD20250518_567178","2025-05-18","2","10","3130.0","0.0","3130.0"
"ORD20250518_566940","2025-05-18","1","1","320.0","0.12","281.6"
"ORD20250518_566689","2025-05-18","4","12","2622.0","0.48","2307.36"
"ORD20250518_567136","2025-05-18","2","8","1782.0","0.0","1782.0"
"ORD20250518_567168","2025-05-18","1","1","210.0","0.12","184.8"
"ORD20250518_566933","2025-05-18","4","12","3870.0","0.48","3405.6"
"ORD20250518_566681","2025-05-18","2","8","2070.0","0.24","1821.6"
"ORD20250518_567118","2025-05-18","2","6","1231.0","0.0","1231.0"
"ORD20250518_567166","2025-05-18","3","15","3350.0","0.0","3350.0"
"ORD20250518_566896","2025-05-18","4","16","5541.0","0.48","4876.08"
"ORD20250518_566680","2025-05-18","2","10","3920.0","0.0","3920.0"
"ORD20250518_567113","2025-05-18","1","9","2880.0","0.12","2534.4"
"ORD20250518_567156","2025-05-18","2","12","3200.0","0.0","3200.0"
"ORD20250518_566887","2025-05-18","1","4","1600.0","0.12","1408.0"
"ORD20250518_567240","2025-05-18","2","14","6360.0","0.0","6360.0"
"ORD20250518_567107","2025-05-18","1","9","2052.0","0.0","2052.0"
"ORD20250518_567153","2025-05-18","4","10","2335.0","0.48","2054.8"
"ORD20250518_566857","2025-05-18","2","9","3015.0","0.24","2653.2"
"ORD20250518_567238","2025-05-18","1","3","750.0","0.12","660.0"
"ORD20250518_567092","2025-05-18","3","19","5901.0","0.36","5192.88"
"ORD20250518_567151","2025-05-18","2","6","1416.0","0.24","1246.08"
"ORD20250518_566850","2025-05-18","4","14","4432.0","0.0","4432.0"
"ORD20250518_567233","2025-05-18","3","17","9095.0","0.36","8003.6"
"ORD20250518_567086","2025-05-18","1","5","1000.0","0.12","880.0"
"ORD20250518_567146","2025-05-18","1","5","1900.0","0.0","1900.0"
"ORD20250518_566841","2025-05-18","4","21","6467.0","0.48","5690.96"
"ORD20250518_567231","2025-05-18","3","7","2538.0","0.0","2538.0"
"ORD20250518_567084","2025-05-18","4","18","5292.0","0.0","5292.0"
"ORD20250518_567144","2025-05-18","3","11","3820.0","0.36","3361.6"
"ORD20250518_566836","2025-05-18","1","6","2220.0","0.12","1953.6"
"ORD20250518_567230","2025-05-18","3","21","8778.0","0.0","8778.0"
"ORD20250518_567074","2025-05-18","3","15","5548.0","0.0","5548.0"
"ORD20250518_567140","2025-05-18","3","17","7060.0","0.0","7060.0"
"ORD20250518_566831","2025-05-18","1","1","150.0","0.12","132.0"
"ORD20250518_567221","2025-05-18","2","12","3872.0","0.0","3872.0"
"ORD20250518_567073","2025-05-18","1","3","1482.0","0.0","1482.0"
"ORD20250518_567123","2025-05-18","4","22","6210.0","0.0","6210.0"
"ORD20250518_566817","2025-05-18","4","15","6660.0","0.48","5860.8"
"ORD20250518_567219","2025-05-18","4","20","5428.0","0.48","4776.64"
"ORD20250518_567071","2025-05-18","2","8","2810.0","0.24","2472.8"
"ORD20250518_567103","2025-05-18","4","22","9590.0","0.0","9590.0"
"ORD20250518_566812","2025-05-18","3","19","4110.0","0.0","4110.0"
"ORD20250518_567209","2025-05-18","2","6","1415.0","0.0","1415.0"
"ORD20250518_567068","2025-05-18","3","17","5463.0","0.36","4807.44"
"ORD20250518_567093","2025-05-18","2","4","1370.0","0.24","1205.6"
"ORD20250518_566807","2025-05-18","3","14","5936.0","0.0","5936.0"
"ORD20250518_567205","2025-05-18","3","15","3960.0","0.36","3484.8"
"ORD20250518_567066","2025-05-18","1","1","455.0","0.12","400.4"
"ORD20250518_567079","2025-05-18","4","12","3424.0","0.48","3013.12"
"ORD20250518_566802","2025-05-18","3","17","5580.0","0.0","5580.0"
"ORD20250518_567198","2025-05-18","1","3","1050.0","0.0","1050.0"
"ORD20250518_567042","2025-05-18","2","2","1150.0","0.0","1150.0"
"ORD20250518_567064","2025-05-18","3","16","6126.0","0.0","6126.0"
"ORD20250518_566789","2025-05-18","2","14","2590.0","0.0","2590.0"
"ORD20250518_567197","2025-05-18","2","8","3960.0","0.24","3484.8"
"ORD20250518_567032","2025-05-18","3","14","4920.0","0.36","4329.6"
"ORD20250518_567061","2025-05-18","2","10","3550.0","0.24","3124.0"
"ORD20250518_566785","2025-05-18","4","18","4940.0","0.0","4940.0"
"ORD20250518_567187","2025-05-18","2","14","4170.0","0.24","3669.6"
"ORD20250518_567029","2025-05-18","2","9","3240.0","0.24","2851.2"
"ORD20250518_567059","2025-05-18","3","5","1442.0","0.36","1268.96"
"ORD20250518_566782","2025-05-18","3","15","5500.0","0.0","5500.0"
"ORD20250518_567176","2025-05-18","3","15","5304.0","0.36","4667.52"
"ORD20250518_567016","2025-05-18","1","6","1950.0","0.0","1950.0"
"ORD20250518_567048","2025-05-18","2","4","770.0","0.0","770.0"
"ORD20250518_566843","2025-05-18","1","6","1500.0","0.0","1500.0"
"ORD20250518_567172","2025-05-18","4","26","10114.0","0.0","10114.0"
"ORD20250518_566985","2025-05-18","3","13","2698.0","0.0","2698.0"
"ORD20250518_567047","2025-05-18","1","7","3367.0","0.12","2962.96"
"ORD20250518_566828","2025-05-18","4","20","5176.0","0.0","5176.0"
"ORD20250518_567171","2025-05-18","1","9","5400.0","0.12","4752.0"
"ORD20250518_566981","2025-05-18","4","14","5218.0","0.0","5218.0"
"ORD20250518_567046","2025-05-18","1","6","2496.0","0.0","2496.0"
"ORD20250518_566826","2025-05-18","2","8","2497.0","0.0","2497.0"
"ORD20250518_567169","2025-05-18","2","10","3410.0","0.0","3410.0"
"ORD20250518_566977","2025-05-18","3","21","10730.0","0.0","10730.0"
"ORD20250518_567045","2025-05-18","1","6","720.0","0.0","720.0"
"ORD20250518_566813","2025-05-18","1","4","1480.0","0.0","1480.0"
"ORD20250518_567161","2025-05-18","1","5","1850.0","0.12","1628.0"
"ORD20250518_566976","2025-05-18","3","17","7598.0","0.0","7598.0"
"ORD20250518_567044","2025-05-18","1","6","2220.0","0.0","2220.0"
"ORD20250518_566809","2025-05-18","3","10","2400.0","0.0","2400.0"
"ORD20250518_567160","2025-05-18","3","23","10140.0","0.0","10140.0"
"ORD20250518_566975","2025-05-18","2","10","3558.0","0.0","3558.0"
"ORD20250518_567038","2025-05-18","1","1","416.0","0.0","416.0"
"ORD20250518_566806","2025-05-18","2","9","3570.0","0.0","3570.0"
"ORD20250518_567132","2025-05-18","4","24","9084.0","0.48","7993.92"
"ORD20250518_566974","2025-05-18","1","1","240.0","0.12","211.2"
"ORD20250518_567037","2025-05-18","4","20","5806.0","0.0","5806.0"
"ORD20250518_566803","2025-05-18","4","7","2112.0","0.0","2112.0"
"ORD20250518_567130","2025-05-18","4","18","8885.0","0.48","7818.8"
"ORD20250518_566946","2025-05-18","1","7","1750.0","0.12","1540.0"
"ORD20250518_567019","2025-05-18","2","7","3406.0","0.24","2997.28"
"ORD20250518_566800","2025-05-18","4","24","10049.0","0.48","8843.12"
"ORD20250518_567125","2025-05-18","1","9","2925.0","0.12","2574.0"
"ORD20250518_566943","2025-05-18","2","16","3846.0","0.24","3384.48"
"ORD20250518_567018","2025-05-18","1","3","1482.0","0.12","1304.16"
"ORD20250518_566798","2025-05-18","4","15","5624.0","0.0","5624.0"
"ORD20250518_567119","2025-05-18","2","8","2810.0","0.24","2472.8"
"ORD20250518_566932","2025-05-18","4","14","8148.0","0.0","8148.0"
"ORD20250518_567014","2025-05-18","3","10","3322.0","0.36","2923.36"
"ORD20250518_566797","2025-05-18","2","5","2610.0","0.0","2610.0"
"ORD20250518_567116","2025-05-18","2","14","4690.0","0.24","4127.2"
"ORD20250518_566931","2025-05-18","1","1","325.0","0.12","286.0"
"ORD20250518_567012","2025-05-18","4","21","5810.0","0.48","5112.8"
"ORD20250518_566794","2025-05-18","4","14","6812.0","0.48","5994.56"
"ORD20250518_567115","2025-05-18","4","20","5695.0","0.48","5011.6"
"ORD20250518_566930","2025-05-18","2","10","3740.0","0.0","3740.0"
"ORD20250518_567006","2025-05-18","4","20","5426.0","0.0","5426.0"
"ORD20250518_566788","2025-05-18","4","15","6878.0","0.0","6878.0"
"ORD20250518_567111","2025-05-18","2","10","7390.0","0.0","7390.0"
"ORD20250518_566903","2025-05-18","2","8","4580.0","0.0","4580.0"
"ORD20250518_566983","2025-05-18","2","6","1770.0","0.24","1557.6"
"ORD20250518_566781","2025-05-18","1","4","1976.0","0.0","1976.0"
"ORD20250518_567105","2025-05-18","1","1","600.0","0.0","600.0"
"ORD20250518_566890","2025-05-18","2","9","4440.0","0.0","4440.0"
"ORD20250518_566969","2025-05-18","3","15","5010.0","0.36","4408.8"
"ORD20250518_566780","2025-05-18","4","18","5750.0","0.0","5750.0"
"ORD20250518_567094","2025-05-18","2","6","2170.0","0.24","1909.6"
"ORD20250518_566878","2025-05-18","4","22","6200.0","0.48","5456.0"
"ORD20250518_566959","2025-05-18","1","5","1625.0","0.12","1430.0"
"ORD20250518_566768","2025-05-18","4","18","7948.0","0.0","7948.0"
"ORD20250518_567075","2025-05-18","2","2","620.0","0.24","545.6"
"ORD20250518_566875","2025-05-18","2","12","3648.0","0.0","3648.0"
"ORD20250518_566954","2025-05-18","2","10","2304.0","0.0","2304.0"
"ORD20250518_566767","2025-05-18","4","20","8774.0","0.48","7721.12"
"ORD20250518_567020","2025-05-18","1","6","2496.0","0.0","2496.0"
"ORD20250518_566874","2025-05-18","2","10","4244.0","0.0","4244.0"
"ORD20250518_566948","2025-05-18","2","8","4270.0","0.24","3757.6"
"ORD20250518_566762","2025-05-18","1","4","1976.0","0.0","1976.0"
"ORD20250518_567013","2025-05-18","3","19","4836.0","0.36","4255.68"
"ORD20250518_566872","2025-05-18","1","1","250.0","0.0","250.0"
"ORD20250518_566947","2025-05-18","3","17","3914.0","0.36","3444.32"
"ORD20250518_566745","2025-05-18","4","17","2916.0","0.0","2916.0"
"ORD20250518_567009","2025-05-18","2","12","1980.0","0.24","1742.4"
"ORD20250518_566871","2025-05-18","1","3","975.0","0.12","858.0"
"ORD20250518_566945","2025-05-18","3","13","3298.0","0.36","2902.24"
"ORD20250518_566744","2025-05-18","4","21","7013.0","0.0","7013.0"
"ORD20250518_567004","2025-05-18","4","20","5640.0","0.0","5640.0"
"ORD20250518_566855","2025-05-18","2","10","4034.0","0.24","3549.92"
"ORD20250518_566937","2025-05-18","2","16","2400.0","0.0","2400.0"
"ORD20250518_566736","2025-05-18","1","6","2280.0","0.0","2280.0"
"ORD20250518_566999","2025-05-18","1","7","2275.0","0.12","2002.0"
"ORD20250518_566837","2025-05-18","2","13","3970.0","0.24","3493.6"
"ORD20250518_566934","2025-05-18","4","14","4440.0","0.0","4440.0"
"ORD20250518_566731","2025-05-18","2","13","5086.0","0.24","4475.68"
"ORD20250518_566978","2025-05-18","1","7","1400.0","0.0","1400.0"
"ORD20250518_566829","2025-05-18","4","19","6951.0","0.48","6116.88"
"ORD20250518_566929","2025-05-18","4","18","8801.0","0.48","7744.88"
"ORD20250518_566726","2025-05-18","4","13","3302.0","0.0","3302.0"
"ORD20250518_566963","2025-05-18","1","5","1750.0","0.12","1540.0"
"ORD20250518_566827","2025-05-18","4","18","6351.0","0.0","6351.0"
"ORD20250518_566917","2025-05-18","2","8","2845.0","0.24","2503.6"
"ORD20250518_566724","2025-05-18","2","10","4140.0","0.24","3643.2"
"ORD20250518_566957","2025-05-18","4","26","8280.0","0.0","8280.0"
"ORD20250518_566808","2025-05-18","4","17","8594.0","0.0","8594.0"
"ORD20250518_566909","2025-05-18","1","6","1500.0","0.0","1500.0"
"ORD20250518_566721","2025-05-18","4","20","7422.0","0.48","6531.36"
"ORD20250518_566953","2025-05-18","3","9","3987.0","0.0","3987.0"
"ORD20250518_566793","2025-05-18","2","7","2743.0","0.0","2743.0"
"ORD20250518_566908","2025-05-18","3","10","4334.0","0.0","4334.0"
"ORD20250518_566713","2025-05-18","3","17","6580.0","0.36","5790.4"
"ORD20250518_566939","2025-05-18","4","18","6665.0","0.48","5865.2"
"ORD20250518_566779","2025-05-18","3","5","1510.0","0.36","1328.8"
"ORD20250518_566897","2025-05-18","4","12","4095.0","0.48","3603.6"
"ORD20250518_566706","2025-05-18","4","20","7952.0","0.0","7952.0"
"ORD20250518_566938","2025-05-18","2","4","1510.0","0.24","1328.8"
"ORD20250518_566777","2025-05-18","2","11","4240.0","0.24","3731.2"
"ORD20250518_566895","2025-05-18","4","11","5002.0","0.48","4401.76"
"ORD20250518_566704","2025-05-18","4","18","6150.0","0.0","6150.0"
"ORD20250518_566935","2025-05-18","4","24","6015.0","0.48","5293.2"
"ORD20250518_566773","2025-05-18","2","11","4785.0","0.24","4210.8"
"ORD20250518_566883","2025-05-18","3","7","2485.0","0.36","2186.8"
"ORD20250518_566699","2025-05-18","1","7","2590.0","0.12","2279.2"
"ORD20250518_566928","2025-05-18","3","11","5443.0","0.36","4789.84"
"ORD20250518_566763","2025-05-18","3","17","7439.0","0.36","6546.32"
"ORD20250518_566882","2025-05-18","4","22","9590.0","0.48","8439.2"
"ORD20250518_566695","2025-05-18","1","3","750.0","0.12","660.0"
"ORD20250518_566912","2025-05-18","2","14","3710.0","0.0","3710.0"
"ORD20250518_566760","2025-05-18","2","7","1890.0","0.0","1890.0"
"ORD20250518_566877","2025-05-18","4","13","5072.0","0.0","5072.0"
"ORD20250518_566690","2025-05-18","1","1","370.0","0.0","370.0"
"ORD20250518_566906","2025-05-18","3","11","3016.0","0.0","3016.0"
"ORD20250518_566755","2025-05-18","4","15","6142.0","0.48","5404.96"
"ORD20250518_566863","2025-05-18","2","7","2701.0","0.0","2701.0"
"ORD20250518_566688","2025-05-18","1","4","1664.0","0.12","1464.32"
"ORD20250518_566898","2025-05-18","3","15","3825.0","0.0","3825.0"
"ORD20250518_566752","2025-05-18","1","7","3150.0","0.12","2772.0"
"ORD20250518_566860","2025-05-18","4","24","8236.0","0.48","7247.68"
"ORD20250518_566677","2025-05-18","1","7","4200.0","0.12","3696.0"
"ORD20250518_566892","2025-05-18","2","4","1064.0","0.0","1064.0"
"ORD20250518_566751","2025-05-18","4","22","7800.0","0.48","6864.0"
"ORD20250518_566846","2025-05-18","4","17","5213.0","0.0","5213.0"
"ORD20250518_566676","2025-05-18","3","16","5120.0","0.36","4505.6"
"ORD20250518_566886","2025-05-18","4","17","5435.0","0.48","4782.8"
"ORD20250518_566750","2025-05-18","4","27","8713.0","0.0","8713.0"
"ORD20250518_566840","2025-05-18","4","21","7704.0","0.48","6779.52"
"ORD20250518_567239","2025-05-18","3","19","6784.0","0.0","6784.0"
"ORD20250518_566876","2025-05-18","4","13","3340.0","0.0","3340.0"
"ORD20250518_566738","2025-05-18","4","16","6119.0","0.48","5384.72"
"ORD20250518_566799","2025-05-18","3","10","3273.0","0.0","3273.0"
"ORD20250518_567228","2025-05-18","3","5","1921.0","0.0","1921.0"
"ORD20250518_566865","2025-05-18","2","9","3702.0","0.0","3702.0"
"ORD20250518_566737","2025-05-18","1","3","1482.0","0.12","1304.16"
"ORD20250518_566790","2025-05-18","2","5","1016.0","0.0","1016.0"
"ORD20250518_567218","2025-05-18","4","14","2486.0","0.48","2187.68"
"ORD20250518_566859","2025-05-18","4","13","3556.0","0.0","3556.0"
"ORD20250518_566716","2025-05-18","4","21","7620.0","0.0","7620.0"
"ORD20250518_566778","2025-05-18","1","7","3185.0","0.0","3185.0"
"ORD20250518_567210","2025-05-18","4","16","4249.0","0.48","3739.12"
"ORD20250518_566847","2025-05-18","4","10","2218.0","0.0","2218.0"
"ORD20250518_566711","2025-05-18","4","24","12315.0","0.48","10837.2"
"ORD20250518_566775","2025-05-18","2","4","934.0","0.0","934.0"
"ORD20250518_567208","2025-05-18","1","3","1248.0","0.0","1248.0"
"ORD20250518_566844","2025-05-18","3","10","1754.0","0.0","1754.0"
"ORD20250518_566698","2025-05-18","3","10","3410.0","0.36","3000.8"
"ORD20250518_566766","2025-05-18","3","16","5300.0","0.36","4664.0"
"ORD20250518_567185","2025-05-18","4","20","11370.0","0.0","11370.0"
"ORD20250518_566842","2025-05-18","2","13","4375.0","0.24","3850.0"
"ORD20250518_566691","2025-05-18","1","6","3600.0","0.12","3168.0"
"ORD20250518_566765","2025-05-18","1","4","912.0","0.0","912.0"
"ORD20250518_567184","2025-05-18","4","16","4944.0","0.0","4944.0"
"ORD20250518_566830","2025-05-18","2","10","1410.0","0.24","1240.8"
"ORD20250518_566685","2025-05-18","3","15","6382.0","0.0","6382.0"
"ORD20250518_566754","2025-05-18","2","13","5840.0","0.24","5139.2"
"ORD20250518_567182","2025-05-18","3","13","7090.0","0.0","7090.0"
"ORD20250518_566824","2025-05-18","3","14","5338.0","0.36","4697.44"
"ORD20250518_566674","2025-05-18","2","4","1376.0","0.0","1376.0"
"ORD20250518_566735","2025-05-18","3","20","6974.0","0.0","6974.0"
"ORD20250518_567174","2025-05-18","1","3","1365.0","0.0","1365.0"
"ORD20250518_566823","2025-05-18","4","24","7065.0","0.0","7065.0"
"ORD20250518_567244","2025-05-18","4","20","7370.0","0.48","6485.6"
"ORD20250518_566730","2025-05-18","3","11","2732.0","0.36","2404.16"
"ORD20250518_567165","2025-05-18","1","3","1248.0","0.0","1248.0"
"ORD20250518_566822","2025-05-18","2","8","1320.0","0.0","1320.0"
"ORD20250518_567241","2025-05-18","3","13","5910.0","0.36","5200.8"
"ORD20250518_566728","2025-05-18","2","9","2844.0","0.24","2502.72"
"ORD20250518_567163","2025-05-18","3","15","5057.0","0.36","4450.16"
"ORD20250518_566818","2025-05-18","4","15","6044.0","0.48","5318.72"
"ORD20250518_567214","2025-05-18","3","21","4796.0","0.0","4796.0"
"ORD20250518_566715","2025-05-18","4","21","6835.0","0.48","6014.8"
"ORD20250518_567162","2025-05-18","2","16","5120.0","0.24","4505.6"
"ORD20250518_566816","2025-05-18","2","6","2475.0","0.24","2178.0"
"ORD20250518_567211","2025-05-18","3","9","3540.0","0.0","3540.0"
"ORD20250518_566710","2025-05-18","2","11","3660.0","0.24","3220.8"
"ORD20250518_567135","2025-05-18","1","1","325.0","0.12","286.0"
"ORD20250518_566810","2025-05-18","4","26","8972.0","0.0","8972.0"
"ORD20250518_567206","2025-05-18","3","7","2953.0","0.36","2598.64"
"ORD20250518_566675","2025-05-18","2","4","1200.0","0.24","1056.0"
"ORD20250518_567131","2025-05-18","1","3","1482.0","0.0","1482.0"
"ORD20250518_566796","2025-05-18","2","6","2940.0","0.24","2587.2"
"ORD20250518_567191","2025-05-18","3","19","4858.0","0.36","4275.04"
"ORD20250518_567235","2025-05-18","3","5","1510.0","0.36","1328.8"
"ORD20250518_567129","2025-05-18","4","20","7895.0","0.0","7895.0"
"ORD20250518_566791","2025-05-18","2","5","1480.0","0.24","1302.4"
"ORD20250518_567188","2025-05-18","4","14","7225.0","0.0","7225.0"
"ORD20250518_567234","2025-05-18","2","8","2710.0","0.24","2384.8"
"ORD20250518_567122","2025-05-18","4","18","7485.0","0.0","7485.0"
"ORD20250518_566786","2025-05-18","4","17","5580.0","0.48","4910.4"
"ORD20250518_567179","2025-05-18","4","20","7888.0","0.48","6941.44"
"ORD20250518_567217","2025-05-18","3","19","4963.0","0.36","4367.44"
"ORD20250518_567110","2025-05-18","1","7","1750.0","0.12","1540.0"
"ORD20250518_566784","2025-05-18","1","6","1950.0","0.0","1950.0"
"ORD20250518_567157","2025-05-18","4","24","13195.0","0.0","13195.0"
"ORD20250518_567213","2025-05-18","2","14","3430.0","0.0","3430.0"
"ORD20250518_567102","2025-05-18","1","5","1110.0","0.0","1110.0"
"ORD20250518_566772","2025-05-18","1","4","2400.0","0.12","2112.0"
"ORD20250518_567134","2025-05-18","4","28","7726.0","0.48","6798.88"
"ORD20250518_567212","2025-05-18","3","11","7565.0","0.36","6657.2"
"ORD20250518_567098","2025-05-18","2","10","2025.0","0.0","2025.0"
"ORD20250518_566771","2025-05-18","4","17","8460.0","0.48","7444.8"
"ORD20250518_567127","2025-05-18","4","26","11825.0","0.48","10406.0"
"ORD20250518_567203","2025-05-18","4","22","10696.0","0.48","9412.48"
"ORD20250518_567083","2025-05-18","3","19","8774.0","0.0","8774.0"
"ORD20250518_566758","2025-05-18","1","4","912.0","0.12","802.56"
"ORD20250518_567124","2025-05-18","1","7","3640.0","0.12","3203.2"
"ORD20250518_567202","2025-05-18","2","12","4995.0","0.24","4395.6"
"ORD20250518_567081","2025-05-18","1","7","1554.0","0.0","1554.0"
"ORD20250518_566748","2025-05-18","2","2","525.0","0.24","462.0"
"ORD20250518_567120","2025-05-18","3","21","8267.0","0.0","8267.0"
"ORD20250518_567201","2025-05-18","2","4","1460.0","0.0","1460.0"
"ORD20250518_567069","2025-05-18","4","26","10181.0","0.48","8959.28"
"ORD20250518_566746","2025-05-18","3","8","2324.0","0.0","2324.0"
"ORD20250518_567117","2025-05-18","3","9","2136.0","0.0","2136.0"
"ORD20250518_567193","2025-05-18","3","15","3985.0","0.0","3985.0"
"ORD20250518_567065","2025-05-18","1","4","1000.0","0.0","1000.0"
"ORD20250518_566743","2025-05-18","4","12","3990.0","0.0","3990.0"
"ORD20250518_567112","2025-05-18","1","9","2052.0","0.12","1805.76"
"ORD20250518_567175","2025-05-18","4","24","9808.0","0.48","8631.04"
"ORD20250518_567058","2025-05-18","3","8","1342.0","0.0","1342.0"
"ORD20250518_566729","2025-05-18","1","1","380.0","0.0","380.0"
"ORD20250518_567108","2025-05-18","2","10","2540.0","0.24","2235.2"
"ORD20250518_567145","2025-05-18","2","4","1510.0","0.24","1328.8"
"ORD20250518_567039","2025-05-18","4","18","6755.0","0.48","5944.4"
"ORD20250518_566725","2025-05-18","2","12","5820.0","0.24","5121.6"
"ORD20250518_567101","2025-05-18","4","18","4458.0","0.48","3923.04"
"ORD20250518_567133","2025-05-18","3","13","3243.0","0.36","2853.84"
"ORD20250518_567035","2025-05-18","4","22","9030.0","0.0","9030.0"
"ORD20250518_566717","2025-05-18","3","11","2970.0","0.0","2970.0"
"ORD20250518_567091","2025-05-18","4","20","6142.0","0.0","6142.0"
"ORD20250518_567128","2025-05-18","3","13","4814.0","0.0","4814.0"
"ORD20250518_567010","2025-05-18","1","3","1110.0","0.12","976.8"
"ORD20250518_566707","2025-05-18","4","20","7826.0","0.48","6886.88"
"ORD20250518_567072","2025-05-18","4","20","8776.0","0.0","8776.0"
"ORD20250518_567126","2025-05-18","4","24","8929.0","0.0","8929.0"
"ORD20250518_566987","2025-05-18","1","9","1998.0","0.0","1998.0"
"ORD20250518_566701","2025-05-18","1","1","325.0","0.12","286.0"
"ORD20250518_567062","2025-05-18","2","6","2916.0","0.24","2566.08"
"ORD20250518_567104","2025-05-18","4","18","3865.0","0.0","3865.0"
"ORD20250518_566986","2025-05-18","4","28","10220.0","0.48","8993.6"
"ORD20250518_566696","2025-05-18","4","16","6087.0","0.48","5356.56"
"ORD20250518_567060","2025-05-18","1","6","1332.0","0.12","1172.16"
"ORD20250518_567089","2025-05-18","2","12","4470.0","0.24","3933.6"
"ORD20250518_566984","2025-05-18","2","14","3840.0","0.0","3840.0"
"ORD20250518_566684","2025-05-18","3","9","3091.0","0.36","2720.08"
"ORD20250518_567057","2025-05-18","4","12","4375.0","0.0","4375.0"
"ORD20250518_567085","2025-05-18","1","1","320.0","0.12","281.6"
"ORD20250518_566970","2025-05-18","3","15","5416.0","0.36","4766.08"
"ORD20250518_567243","2025-05-18","3","3","1152.0","0.36","1013.76"
"ORD20250518_567052","2025-05-18","4","18","7592.0","0.48","6680.96"
"ORD20250518_567237","2025-05-18","2","10","3746.0","0.0","3746.0"
"ORD20250518_566964","2025-05-18","2","4","978.0","0.0","978.0"
"ORD20250518_567236","2025-05-18","1","1","250.0","0.12","220.0"
"ORD20250518_567049","2025-05-18","3","17","5222.0","0.0","5222.0"
"ORD20250518_567224","2025-05-18","1","3","750.0","0.12","660.0"
"ORD20250518_566950","2025-05-18","4","16","2944.0","0.0","2944.0"
"ORD20250518_567220","2025-05-18","4","24","5965.0","0.0","5965.0"
"ORD20250518_567034","2025-05-18","2","10","3040.0","0.0","3040.0"
"ORD20250518_567199","2025-05-18","4","22","5875.0","0.0","5875.0"
"ORD20250518_566949","2025-05-18","4","18","5062.0","0.48","4454.56"
"ORD20250518_567194","2025-05-18","1","9","2925.0","0.0","2925.0"
"ORD20250518_567030","2025-05-18","3","16","6940.0","0.0","6940.0"
"ORD20250518_567192","2025-05-18","2","16","7202.0","0.0","7202.0"
"ORD20250518_566944","2025-05-18","3","9","2141.0","0.0","2141.0"
"ORD20250518_567186","2025-05-18","4","26","6625.0","0.48","5830.0"
"ORD20250518_567027","2025-05-18","4","16","5615.0","0.48","4941.2"
"ORD20250518_567183","2025-05-18","1","3","750.0","0.12","660.0"
"ORD20250518_566936","2025-05-18","4","18","5759.0","0.0","5759.0"
"ORD20250518_567177","2025-05-18","4","28","12092.0","0.48","10640.96"
"ORD20250518_567026","2025-05-18","4","17","5568.0","0.48","4899.84"
"ORD20250518_567158","2025-05-18","4","10","3928.0","0.0","3928.0"
"ORD20250518_566925","2025-05-18","3","11","4185.0","0.36","3682.8"
"ORD20250518_567155","2025-05-18","1","1","228.0","0.0","228.0"
"ORD20250518_567023","2025-05-18","3","14","5244.0","0.36","4614.72"
"ORD20250518_567150","2025-05-18","4","10","2372.0","0.0","2372.0"
"ORD20250518_566922","2025-05-18","2","6","3315.0","0.24","2917.2"
"ORD20250518_567148","2025-05-18","3","23","8994.0","0.0","8994.0"
"ORD20250518_567017","2025-05-18","3","13","3410.0","0.36","3000.8"
"ORD20250518_567138","2025-05-18","3","9","2820.0","0.36","2481.6"
"ORD20250518_566913","2025-05-18","3","15","7066.0","0.0","7066.0"
"ORD20250518_567137","2025-05-18","4","24","7890.0","0.0","7890.0"
"ORD20250518_567011","2025-05-18","3","11","3040.0","0.0","3040.0"
"ORD20250518_567114","2025-05-18","1","3","1110.0","0.12","976.8"
"ORD20250518_566905","2025-05-18","1","7","2800.0","0.0","2800.0"
"ORD20250518_567109","2025-05-18","4","18","6297.0","0.0","6297.0"
"ORD20250518_566996","2025-05-18","4","28","8865.0","0.48","7801.2"
"ORD20250518_567106","2025-05-18","2","4","1632.0","0.24","1436.16"
"ORD20250518_566904","2025-05-18","1","4","1040.0","0.0","1040.0"
"ORD20250518_567099","2025-05-18","3","15","2760.0","0.0","2760.0"
"ORD20250518_566992","2025-05-18","3","21","8355.0","0.36","7352.4"
"ORD20250518_567096","2025-05-18","1","3","750.0","0.0","750.0"
"ORD20250518_566894","2025-05-18","1","1","320.0","0.12","281.6"
"ORD20250518_567087","2025-05-18","4","22","9258.0","0.0","9258.0"
"ORD20250518_566990","2025-05-18","4","20","8147.0","0.0","8147.0"
"ORD20250518_567077","2025-05-18","1","1","350.0","0.12","308.0"
"ORD20250518_566889","2025-05-18","3","15","5694.0","0.36","5010.72"
"ORD20250518_567076","2025-05-18","2","8","2525.0","0.0","2525.0"
"ORD20250518_566979","2025-05-18","2","12","4173.0","0.0","4173.0"
"ORD20250518_567067","2025-05-18","2","14","7345.0","0.0","7345.0"
"ORD20250518_566888","2025-05-18","4","15","7077.0","0.0","7077.0"
"ORD20250518_567055","2025-05-18","4","15","5718.0","0.0","5718.0"
"ORD20250518_566972","2025-05-18","4","26","7228.0","0.48","6360.64"
"ORD20250518_567053","2025-05-18","3","10","4681.0","0.0","4681.0"
"ORD20250518_566880","2025-05-18","3","11","2240.0","0.36","1971.2"
"ORD20250518_567040","2025-05-18","3","19","10555.0","0.0","10555.0"
"ORD20250518_566962","2025-05-18","1","1","494.0","0.12","434.72"
"ORD20250518_567036","2025-05-18","1","1","350.0","0.12","308.0"
"ORD20250518_566867","2025-05-18","4","16","6441.0","0.0","6441.0"
"ORD20250518_567031","2025-05-18","4","10","3180.0","0.0","3180.0"
"ORD20250518_566848","2025-05-18","3","20","8737.0","0.0","8737.0"
"ORD20250518_567022","2025-05-18","4","16","6519.0","0.48","5736.72"
"ORD20250517_566097","2025-05-17","3","15","3396.0","0.0","3396.0"
"ORD20250517_566673","2025-05-17","4","28","12378.0","0.0","12378.0"
"ORD20250517_566101","2025-05-17","4","17","8584.0","0.0","8584.0"
"ORD20250517_566099","2025-05-17","4","21","6328.0","0.0","6328.0"
"ORD20250517_566121","2025-05-17","2","7","2480.0","0.24","2182.4"
"ORD20250517_566670","2025-05-17","4","26","9512.0","0.0","9512.0"
"ORD20250517_566113","2025-05-17","3","17","5840.0","0.0","5840.0"
"ORD20250517_566105","2025-05-17","4","18","6660.0","0.48","5860.8"
"ORD20250517_566123","2025-05-17","2","13","5156.0","0.24","4537.28"
"ORD20250517_566669","2025-05-17","2","6","2010.0","0.0","2010.0"
"ORD20250517_566132","2025-05-17","4","15","4358.0","0.0","4358.0"
"ORD20250517_566109","2025-05-17","3","13","4812.0","0.36","4234.56"
"ORD20250517_566130","2025-05-17","1","3","1482.0","0.0","1482.0"
"ORD20250517_566660","2025-05-17","1","1","150.0","0.0","150.0"
"ORD20250517_566167","2025-05-17","1","6","2280.0","0.12","2006.4"
"ORD20250517_566110","2025-05-17","1","3","684.0","0.0","684.0"
"ORD20250517_566135","2025-05-17","3","15","6360.0","0.0","6360.0"
"ORD20250517_566653","2025-05-17","3","15","7072.0","0.36","6223.36"
"ORD20250517_566169","2025-05-17","3","16","6907.0","0.36","6078.16"
"ORD20250517_566117","2025-05-17","2","8","2830.0","0.24","2490.4"
"ORD20250517_566137","2025-05-17","3","6","1484.0","0.36","1305.92"
"ORD20250517_566628","2025-05-17","4","30","9460.0","0.0","9460.0"
"ORD20250517_566172","2025-05-17","1","4","1040.0","0.0","1040.0"
"ORD20250517_566142","2025-05-17","1","4","1000.0","0.0","1000.0"
"ORD20250517_566139","2025-05-17","1","6","2220.0","0.0","2220.0"
"ORD20250517_566627","2025-05-17","3","17","5958.0","0.0","5958.0"
"ORD20250517_566176","2025-05-17","3","6","2200.0","0.36","1936.0"
"ORD20250517_566145","2025-05-17","3","16","4254.0","0.0","4254.0"
"ORD20250517_566140","2025-05-17","4","20","4797.0","0.48","4221.36"
"ORD20250517_566621","2025-05-17","4","22","6616.0","0.0","6616.0"
"ORD20250517_566182","2025-05-17","1","7","2275.0","0.12","2002.0"
"ORD20250517_566147","2025-05-17","4","19","7795.0","0.0","7795.0"
"ORD20250517_566141","2025-05-17","1","3","630.0","0.12","554.4"
"ORD20250517_566619","2025-05-17","3","11","4310.0","0.36","3792.8"
"ORD20250517_566191","2025-05-17","4","17","4558.0","0.48","4011.04"
"ORD20250517_566149","2025-05-17","3","16","5890.0","0.0","5890.0"
"ORD20250517_566148","2025-05-17","4","20","6680.0","0.48","5878.4"
"ORD20250517_566614","2025-05-17","4","12","5260.0","0.48","4628.8"
"ORD20250517_566198","2025-05-17","2","10","3700.0","0.0","3700.0"
"ORD20250517_566158","2025-05-17","3","10","4890.0","0.36","4303.2"
"ORD20250517_566162","2025-05-17","2","2","472.0","0.24","415.36"
"ORD20250517_566610","2025-05-17","2","10","7605.0","0.24","6692.4"
"ORD20250517_566205","2025-05-17","2","5","1325.0","0.0","1325.0"
"ORD20250517_566163","2025-05-17","2","8","2464.0","0.24","2168.32"
"ORD20250517_566165","2025-05-17","3","10","4640.0","0.36","4083.2"
"ORD20250517_566598","2025-05-17","4","22","7840.0","0.48","6899.2"
"ORD20250517_566217","2025-05-17","2","5","2576.0","0.24","2266.88"
"ORD20250517_566170","2025-05-17","3","13","3848.0","0.36","3386.24"
"ORD20250517_566178","2025-05-17","2","8","1916.0","0.24","1686.08"
"ORD20250517_566596","2025-05-17","3","15","3625.0","0.36","3190.0"
"ORD20250517_566218","2025-05-17","2","5","2324.0","0.0","2324.0"
"ORD20250517_566175","2025-05-17","3","14","3920.0","0.0","3920.0"
"ORD20250517_566184","2025-05-17","3","11","3320.0","0.36","2921.6"
"ORD20250517_566592","2025-05-17","2","14","6860.0","0.24","6036.8"
"ORD20250517_566222","2025-05-17","3","15","3562.0","0.0","3562.0"
"ORD20250517_566187","2025-05-17","4","14","4740.0","0.48","4171.2"
"ORD20250517_566186","2025-05-17","3","9","2080.0","0.0","2080.0"
"ORD20250517_566589","2025-05-17","2","8","1536.0","0.0","1536.0"
"ORD20250517_566224","2025-05-17","4","11","4442.0","0.48","3908.96"
"ORD20250517_566192","2025-05-17","4","16","6500.0","0.0","6500.0"
"ORD20250517_566197","2025-05-17","2","8","4245.0","0.24","3735.6"
"ORD20250517_566582","2025-05-17","4","20","5374.0","0.0","5374.0"
"ORD20250517_566228","2025-05-17","3","14","6526.0","0.36","5742.88"
"ORD20250517_566208","2025-05-17","2","8","2910.0","0.0","2910.0"
"ORD20250517_566199","2025-05-17","3","8","2480.0","0.0","2480.0"
"ORD20250517_566565","2025-05-17","2","10","2196.0","0.24","1932.48"
"ORD20250517_566241","2025-05-17","3","19","6702.0","0.0","6702.0"
"ORD20250517_566209","2025-05-17","3","5","2355.0","0.36","2072.4"
"ORD20250517_566200","2025-05-17","3","17","6496.0","0.0","6496.0"
"ORD20250517_566556","2025-05-17","2","10","3670.0","0.0","3670.0"
"ORD20250517_566268","2025-05-17","3","16","5040.0","0.36","4435.2"
"ORD20250517_566213","2025-05-17","2","7","2730.0","0.24","2402.4"
"ORD20250517_566201","2025-05-17","1","3","960.0","0.0","960.0"
"ORD20250517_566555","2025-05-17","4","16","4930.0","0.0","4930.0"
"ORD20250517_566271","2025-05-17","2","5","2356.0","0.24","2073.28"
"ORD20250517_566233","2025-05-17","1","3","1140.0","0.0","1140.0"
"ORD20250517_566204","2025-05-17","3","14","7141.0","0.0","7141.0"
"ORD20250517_566547","2025-05-17","4","22","7010.0","0.48","6168.8"
"ORD20250517_566277","2025-05-17","2","10","3215.0","0.24","2829.2"
"ORD20250517_566239","2025-05-17","2","13","4540.0","0.24","3995.2"
"ORD20250517_566216","2025-05-17","2","7","1240.0","0.0","1240.0"
"ORD20250517_566538","2025-05-17","2","2","570.0","0.24","501.6"
"ORD20250517_566295","2025-05-17","3","16","7250.0","0.0","7250.0"
"ORD20250517_566253","2025-05-17","3","8","3120.0","0.36","2745.6"
"ORD20250517_566221","2025-05-17","3","20","8338.0","0.0","8338.0"
"ORD20250517_566527","2025-05-17","1","5","1600.0","0.0","1600.0"
"ORD20250517_566308","2025-05-17","3","12","6090.0","0.0","6090.0"
"ORD20250517_566257","2025-05-17","1","6","1920.0","0.12","1689.6"
"ORD20250517_566231","2025-05-17","3","13","4900.0","0.0","4900.0"
"ORD20250517_566525","2025-05-17","4","26","11577.0","0.48","10187.76"
"ORD20250517_566316","2025-05-17","3","5","1251.0","0.36","1100.88"
"ORD20250517_566263","2025-05-17","4","25","13442.0","0.48","11828.96"
"ORD20250517_566238","2025-05-17","2","9","2382.0","0.0","2382.0"
"ORD20250517_566520","2025-05-17","2","6","2630.0","0.0","2630.0"
"ORD20250517_566322","2025-05-17","3","11","2620.0","0.0","2620.0"
"ORD20250517_566270","2025-05-17","4","17","6436.0","0.0","6436.0"
"ORD20250517_566244","2025-05-17","1","3","750.0","0.12","660.0"
"ORD20250517_566508","2025-05-17","4","18","5200.0","0.48","4576.0"
"ORD20250517_566329","2025-05-17","1","7","2660.0","0.0","2660.0"
"ORD20250517_566284","2025-05-17","2","9","3180.0","0.0","3180.0"
"ORD20250517_566247","2025-05-17","1","6","2160.0","0.0","2160.0"
"ORD20250517_566504","2025-05-17","4","22","7150.0","0.0","7150.0"
"ORD20250517_566331","2025-05-17","3","5","2275.0","0.36","2002.0"
"ORD20250517_566287","2025-05-17","2","7","5161.0","0.0","5161.0"
"ORD20250517_566258","2025-05-17","4","13","5500.0","0.0","5500.0"
"ORD20250517_566489","2025-05-17","1","4","1664.0","0.12","1464.32"
"ORD20250517_566340","2025-05-17","4","18","7064.0","0.48","6216.32"
"ORD20250517_566291","2025-05-17","4","17","4060.0","0.48","3572.8"
"ORD20250517_566261","2025-05-17","3","10","3116.0","0.36","2742.08"
"ORD20250517_566487","2025-05-17","3","12","3100.0","0.0","3100.0"
"ORD20250517_566342","2025-05-17","3","27","7578.0","0.36","6668.64"
"ORD20250517_566293","2025-05-17","2","5","1508.0","0.24","1327.04"
"ORD20250517_566262","2025-05-17","1","6","1920.0","0.12","1689.6"
"ORD20250517_566470","2025-05-17","3","21","10892.0","0.0","10892.0"
"ORD20250517_566343","2025-05-17","3","13","3738.0","0.0","3738.0"
"ORD20250517_566294","2025-05-17","1","7","1750.0","0.12","1540.0"
"ORD20250517_566264","2025-05-17","1","1","370.0","0.12","325.6"
"ORD20250517_566469","2025-05-17","1","7","840.0","0.12","739.2"
"ORD20250517_566345","2025-05-17","4","24","5340.0","0.48","4699.2"
"ORD20250517_566307","2025-05-17","4","20","6956.0","0.0","6956.0"
"ORD20250517_566273","2025-05-17","1","6","2280.0","0.12","2006.4"
"ORD20250517_566311","2025-05-17","1","1","600.0","0.0","600.0"
"ORD20250517_566359","2025-05-17","1","7","5460.0","0.12","4804.8"
"ORD20250517_566324","2025-05-17","1","6","2496.0","0.12","2196.48"
"ORD20250517_566274","2025-05-17","1","7","1400.0","0.12","1232.0"
"ORD20250517_566301","2025-05-17","2","10","5080.0","0.0","5080.0"
"ORD20250517_566393","2025-05-17","3","19","5271.0","0.0","5271.0"
"ORD20250517_566326","2025-05-17","1","6","2964.0","0.0","2964.0"
"ORD20250517_566281","2025-05-17","2","6","1656.0","0.0","1656.0"
"ORD20250517_566299","2025-05-17","3","15","4370.0","0.0","4370.0"
"ORD20250517_566394","2025-05-17","1","3","1110.0","0.12","976.8"
"ORD20250517_566328","2025-05-17","3","17","9310.0","0.36","8192.8"
"ORD20250517_566298","2025-05-17","3","15","3680.0","0.0","3680.0"
"ORD20250517_566289","2025-05-17","1","7","1820.0","0.12","1601.6"
"ORD20250517_566415","2025-05-17","1","5","1140.0","0.0","1140.0"
"ORD20250517_566333","2025-05-17","4","12","3934.0","0.0","3934.0"
"ORD20250517_566302","2025-05-17","1","3","750.0","0.12","660.0"
"ORD20250517_566288","2025-05-17","4","19","8198.0","0.48","7214.24"
"ORD20250517_566418","2025-05-17","1","9","3420.0","0.0","3420.0"
"ORD20250517_566335","2025-05-17","1","6","3600.0","0.0","3600.0"
"ORD20250517_566305","2025-05-17","3","12","4383.0","0.36","3857.04"
"ORD20250517_566285","2025-05-17","1","7","2240.0","0.0","2240.0"
"ORD20250517_566446","2025-05-17","2","14","3710.0","0.24","3264.8"
"ORD20250517_566336","2025-05-17","1","3","1482.0","0.12","1304.16"
"ORD20250517_566306","2025-05-17","1","4","1800.0","0.0","1800.0"
"ORD20250517_566265","2025-05-17","4","10","2815.0","0.48","2477.2"
"ORD20250517_566451","2025-05-17","2","12","5106.0","0.24","4493.28"
"ORD20250517_566363","2025-05-17","1","7","3458.0","0.12","3043.04"
"ORD20250517_566313","2025-05-17","1","7","2275.0","0.12","2002.0"
"ORD20250517_566252","2025-05-17","1","6","1500.0","0.12","1320.0"
"ORD20250517_566457","2025-05-17","1","3","975.0","0.0","975.0"
"ORD20250517_566368","2025-05-17","1","7","2450.0","0.0","2450.0"
"ORD20250517_566315","2025-05-17","2","4","1544.0","0.24","1358.72"
"ORD20250517_566250","2025-05-17","3","14","3552.0","0.0","3552.0"
"ORD20250517_566530","2025-05-17","1","1","481.0","0.12","423.28"
"ORD20250517_566377","2025-05-17","3","21","5442.0","0.0","5442.0"
"ORD20250517_566317","2025-05-17","3","18","9167.0","0.36","8066.96"
"ORD20250517_566249","2025-05-17","4","16","7548.0","0.48","6642.24"
"ORD20250517_566536","2025-05-17","2","10","2770.0","0.24","2437.6"
"ORD20250517_566385","2025-05-17","1","3","750.0","0.0","750.0"
"ORD20250517_566319","2025-05-17","4","16","6636.0","0.48","5839.68"
"ORD20250517_566243","2025-05-17","2","11","3400.0","0.0","3400.0"
"ORD20250517_566548","2025-05-17","3","21","9102.0","0.0","9102.0"
"ORD20250517_566398","2025-05-17","4","12","3942.0","0.48","3468.96"
"ORD20250517_566321","2025-05-17","2","10","4264.0","0.24","3752.32"
"ORD20250517_566230","2025-05-17","3","11","2838.0","0.0","2838.0"
"ORD20250517_566563","2025-05-17","1","9","1800.0","0.12","1584.0"
"ORD20250517_566402","2025-05-17","3","19","5090.0","0.0","5090.0"
"ORD20250517_566334","2025-05-17","1","7","2590.0","0.0","2590.0"
"ORD20250517_566220","2025-05-17","3","13","5947.0","0.0","5947.0"
"ORD20250517_566566","2025-05-17","3","25","8386.0","0.36","7379.68"
"ORD20250517_566406","2025-05-17","4","18","6138.0","0.48","5401.44"
"ORD20250517_566347","2025-05-17","1","7","1820.0","0.0","1820.0"
"ORD20250517_566195","2025-05-17","3","14","7214.0","0.0","7214.0"
"ORD20250517_566569","2025-05-17","3","11","4120.0","0.0","4120.0"
"ORD20250517_566410","2025-05-17","3","17","6385.0","0.36","5618.8"
"ORD20250517_566352","2025-05-17","2","10","3355.0","0.0","3355.0"
"ORD20250517_566190","2025-05-17","3","19","4488.0","0.36","3949.44"
"ORD20250517_566570","2025-05-17","3","13","3690.0","0.0","3690.0"
"ORD20250517_566428","2025-05-17","2","11","3450.0","0.0","3450.0"
"ORD20250517_566361","2025-05-17","3","15","5862.0","0.36","5158.56"
"ORD20250517_566183","2025-05-17","1","1","380.0","0.12","334.4"
"ORD20250517_566572","2025-05-17","2","6","1803.0","0.24","1586.64"
"ORD20250517_566438","2025-05-17","4","11","5229.0","0.0","5229.0"
"ORD20250517_566364","2025-05-17","4","22","10605.0","0.0","10605.0"
"ORD20250517_566179","2025-05-17","3","7","2315.0","0.0","2315.0"
"ORD20250517_566575","2025-05-17","3","17","3442.0","0.36","3028.96"
"ORD20250517_566442","2025-05-17","1","3","1140.0","0.0","1140.0"
"ORD20250517_566367","2025-05-17","2","8","2625.0","0.24","2310.0"
"ORD20250517_566160","2025-05-17","4","10","3668.0","0.0","3668.0"
"ORD20250517_566581","2025-05-17","1","9","1890.0","0.12","1663.2"
"ORD20250517_566459","2025-05-17","4","23","6990.0","0.0","6990.0"
"ORD20250517_566370","2025-05-17","2","12","3270.0","0.24","2877.6"
"ORD20250517_566314","2025-05-17","4","16","3968.0","0.0","3968.0"
"ORD20250517_566587","2025-05-17","1","3","750.0","0.0","750.0"
"ORD20250517_566463","2025-05-17","2","4","1898.0","0.24","1670.24"
"ORD20250517_566372","2025-05-17","4","12","4820.0","0.48","4241.6"
"ORD20250517_566318","2025-05-17","3","13","3968.0","0.36","3491.84"
"ORD20250517_566607","2025-05-17","1","3","750.0","0.0","750.0"
"ORD20250517_566482","2025-05-17","4","11","5096.0","0.48","4484.48"
"ORD20250517_566374","2025-05-17","4","20","5638.0","0.0","5638.0"
"ORD20250517_566349","2025-05-17","3","19","7133.0","0.0","7133.0"
"ORD20250517_566612","2025-05-17","3","25","13254.0","0.0","13254.0"
"ORD20250517_566485","2025-05-17","1","1","210.0","0.0","210.0"
"ORD20250517_566392","2025-05-17","3","11","3982.0","0.36","3504.16"
"ORD20250517_566353","2025-05-17","2","10","3385.0","0.0","3385.0"
"ORD20250517_566617","2025-05-17","3","13","3594.0","0.36","3162.72"
"ORD20250517_566486","2025-05-17","4","22","7004.0","0.0","7004.0"
"ORD20250517_566401","2025-05-17","3","23","7570.0","0.36","6661.6"
"ORD20250517_566355","2025-05-17","2","16","5170.0","0.0","5170.0"
"ORD20250517_566624","2025-05-17","4","16","4248.0","0.48","3738.24"
"ORD20250517_566493","2025-05-17","3","23","5480.0","0.0","5480.0"
"ORD20250517_566403","2025-05-17","3","9","2286.0","0.36","2011.68"
"ORD20250517_566356","2025-05-17","1","7","2520.0","0.0","2520.0"
"ORD20250517_566641","2025-05-17","3","25","8610.0","0.36","7576.8"
"ORD20250517_566496","2025-05-17","2","14","3600.0","0.0","3600.0"
"ORD20250517_566404","2025-05-17","3","15","4180.0","0.36","3678.4"
"ORD20250517_566375","2025-05-17","1","3","1482.0","0.0","1482.0"
"ORD20250517_566646","2025-05-17","1","5","1900.0","0.0","1900.0"
"ORD20250517_566497","2025-05-17","3","19","4200.0","0.0","4200.0"
"ORD20250517_566426","2025-05-17","2","7","2374.0","0.0","2374.0"
"ORD20250517_566380","2025-05-17","4","10","5796.0","0.48","5100.48"
"ORD20250517_566648","2025-05-17","3","23","7720.0","0.36","6793.6"
"ORD20250517_566499","2025-05-17","4","20","7042.0","0.0","7042.0"
"ORD20250517_566429","2025-05-17","3","12","4707.0","0.36","4142.16"
"ORD20250517_566382","2025-05-17","2","12","4700.0","0.0","4700.0"
"ORD20250517_566662","2025-05-17","3","11","3520.0","0.0","3520.0"
"ORD20250517_566509","2025-05-17","2","12","2055.0","0.24","1808.4"
"ORD20250517_566430","2025-05-17","3","3","698.0","0.36","614.24"
"ORD20250517_566383","2025-05-17","4","24","9638.0","0.48","8481.44"
"ORD20250517_566098","2025-05-17","3","21","6622.0","0.36","5827.36"
"ORD20250517_566531","2025-05-17","4","24","7354.0","0.0","7354.0"
"ORD20250517_566450","2025-05-17","4","17","5446.0","0.0","5446.0"
"ORD20250517_566386","2025-05-17","1","1","150.0","0.12","132.0"
"ORD20250517_566111","2025-05-17","4","17","5320.0","0.0","5320.0"
"ORD20250517_566540","2025-05-17","3","19","4925.0","0.36","4334.0"
"ORD20250517_566453","2025-05-17","1","3","960.0","0.0","960.0"
"ORD20250517_566387","2025-05-17","1","1","325.0","0.12","286.0"
"ORD20250517_566114","2025-05-17","1","1","120.0","0.12","105.6"
"ORD20250517_566550","2025-05-17","1","5","1050.0","0.12","924.0"
"ORD20250517_566458","2025-05-17","2","10","4166.0","0.0","4166.0"
"ORD20250517_566391","2025-05-17","2","18","4500.0","0.0","4500.0"
"ORD20250517_566116","2025-05-17","2","6","1551.0","0.0","1551.0"
"ORD20250517_566554","2025-05-17","3","11","4067.0","0.36","3578.96"
"ORD20250517_566462","2025-05-17","3","16","5138.0","0.0","5138.0"
"ORD20250517_566405","2025-05-17","2","6","2400.0","0.0","2400.0"
"ORD20250517_566119","2025-05-17","4","23","5670.0","0.0","5670.0"
"ORD20250517_566561","2025-05-17","3","15","7855.0","0.0","7855.0"
"ORD20250517_566464","2025-05-17","2","7","3116.0","0.24","2742.08"
"ORD20250517_566416","2025-05-17","1","7","1344.0","0.0","1344.0"
"ORD20250517_566129","2025-05-17","2","13","4090.0","0.0","4090.0"
"ORD20250517_566574","2025-05-17","1","9","3240.0","0.12","2851.2"
"ORD20250517_566472","2025-05-17","3","12","4610.0","0.36","4056.8"
"ORD20250517_566419","2025-05-17","1","1","210.0","0.12","184.8"
"ORD20250517_566131","2025-05-17","1","1","370.0","0.0","370.0"
"ORD20250517_566576","2025-05-17","3","21","5665.0","0.0","5665.0"
"ORD20250517_566473","2025-05-17","4","13","6571.0","0.0","6571.0"
"ORD20250517_566421","2025-05-17","2","10","5550.0","0.0","5550.0"
"ORD20250517_566150","2025-05-17","2","12","3060.0","0.0","3060.0"
"ORD20250517_566578","2025-05-17","1","9","2052.0","0.12","1805.76"
"ORD20250517_566481","2025-05-17","2","10","3740.0","0.24","3291.2"
"ORD20250517_566424","2025-05-17","3","15","4470.0","0.0","4470.0"
"ORD20250517_566153","2025-05-17","2","11","4190.0","0.0","4190.0"
"ORD20250517_566590","2025-05-17","4","24","6425.0","0.0","6425.0"
"ORD20250517_566483","2025-05-17","4","20","6945.0","0.48","6111.6"
"ORD20250517_566441","2025-05-17","2","8","2780.0","0.24","2446.4"
"ORD20250517_566166","2025-05-17","3","8","1942.0","0.36","1708.96"
"ORD20250517_566593","2025-05-17","3","17","3890.0","0.0","3890.0"
"ORD20250517_566491","2025-05-17","1","6","2886.0","0.0","2886.0"
"ORD20250517_566449","2025-05-17","4","22","5220.0","0.48","4593.6"
"ORD20250517_566168","2025-05-17","3","13","4013.0","0.0","4013.0"
"ORD20250517_566611","2025-05-17","1","1","325.0","0.0","325.0"
"ORD20250517_566495","2025-05-17","3","19","5363.0","0.0","5363.0"
"ORD20250517_566452","2025-05-17","3","6","2560.0","0.0","2560.0"
"ORD20250517_566185","2025-05-17","3","13","4356.0","0.36","3833.28"
"ORD20250517_566618","2025-05-17","3","17","5433.0","0.0","5433.0"
"ORD20250517_566544","2025-05-17","4","24","10885.0","0.48","9578.8"
"ORD20250517_566156","2025-05-17","1","7","1750.0","0.12","1540.0"
"ORD20250517_566189","2025-05-17","4","10","2825.0","0.48","2486.0"
"ORD20250517_566620","2025-05-17","4","16","4086.0","0.0","4086.0"
"ORD20250517_566551","2025-05-17","4","28","9710.0","0.48","8544.8"
"ORD20250517_566152","2025-05-17","1","6","1560.0","0.12","1372.8"
"ORD20250517_566194","2025-05-17","2","9","3030.0","0.0","3030.0"
"ORD20250517_566623","2025-05-17","1","3","1140.0","0.12","1003.2"
"ORD20250517_566553","2025-05-17","4","20","6760.0","0.0","6760.0"
"ORD20250517_566146","2025-05-17","1","1","481.0","0.0","481.0"
"ORD20250517_566202","2025-05-17","1","6","2700.0","0.12","2376.0"
"ORD20250517_566631","2025-05-17","1","7","4095.0","0.0","4095.0"
"ORD20250517_566558","2025-05-17","4","24","8919.0","0.48","7848.72"
"ORD20250517_566144","2025-05-17","4","18","6690.0","0.0","6690.0"
"ORD20250517_566206","2025-05-17","2","4","1345.0","0.24","1183.6"
"ORD20250517_566638","2025-05-17","3","5","1905.0","0.0","1905.0"
"ORD20250517_566568","2025-05-17","2","8","2725.0","0.24","2398.0"
"ORD20250517_566138","2025-05-17","3","12","2838.0","0.0","2838.0"
"ORD20250517_566207","2025-05-17","2","10","3800.0","0.24","3344.0"
"ORD20250517_566639","2025-05-17","1","3","1482.0","0.0","1482.0"
"ORD20250517_566580","2025-05-17","2","2","736.0","0.0","736.0"
"ORD20250517_566134","2025-05-17","4","20","9020.0","0.48","7937.6"
"ORD20250517_566214","2025-05-17","1","1","455.0","0.0","455.0"
"ORD20250517_566649","2025-05-17","4","18","5494.0","0.48","4834.72"
"ORD20250517_566601","2025-05-17","1","1","450.0","0.0","450.0"
"ORD20250517_566118","2025-05-17","3","17","8359.0","0.36","7355.92"
"ORD20250517_566215","2025-05-17","3","14","4084.0","0.0","4084.0"
"ORD20250517_566651","2025-05-17","3","11","3443.0","0.36","3029.84"
"ORD20250517_566604","2025-05-17","4","26","10711.0","0.0","10711.0"
"ORD20250517_566112","2025-05-17","1","7","2912.0","0.12","2562.56"
"ORD20250517_566240","2025-05-17","1","6","1920.0","0.12","1689.6"
"ORD20250517_566655","2025-05-17","3","11","5220.0","0.36","4593.6"
"ORD20250517_566605","2025-05-17","2","8","2160.0","0.24","1900.8"
"ORD20250517_566107","2025-05-17","4","12","4014.0","0.0","4014.0"
"ORD20250517_566242","2025-05-17","4","22","5244.0","0.48","4614.72"
"ORD20250517_566657","2025-05-17","2","10","3683.0","0.0","3683.0"
"ORD20250517_566609","2025-05-17","3","9","3303.0","0.36","2906.64"
"ORD20250517_566104","2025-05-17","2","7","1225.0","0.24","1078.0"
"ORD20250517_566245","2025-05-17","3","11","4144.0","0.36","3646.72"
"ORD20250517_566665","2025-05-17","2","12","4990.0","0.24","4391.2"
"ORD20250517_566616","2025-05-17","2","10","3940.0","0.24","3467.2"
"ORD20250517_566095","2025-05-17","3","13","3700.0","0.0","3700.0"
"ORD20250517_566246","2025-05-17","2","11","3555.0","0.0","3555.0"
"ORD20250517_566671","2025-05-17","3","19","4728.0","0.0","4728.0"
"ORD20250517_566634","2025-05-17","1","5","2405.0","0.0","2405.0"
"ORD20250517_566094","2025-05-17","4","11","3982.0","0.0","3982.0"
"ORD20250517_566251","2025-05-17","1","3","1110.0","0.0","1110.0"
"ORD20250517_566668","2025-05-17","3","19","6671.0","0.0","6671.0"
"ORD20250517_566635","2025-05-17","4","18","5750.0","0.48","5060.0"
"ORD20250517_566652","2025-05-17","1","1","600.0","0.0","600.0"
"ORD20250517_566259","2025-05-17","2","12","3252.0","0.0","3252.0"
"ORD20250517_566664","2025-05-17","3","15","5783.0","0.0","5783.0"
"ORD20250517_566637","2025-05-17","4","16","5467.0","0.48","4810.96"
"ORD20250517_566647","2025-05-17","2","4","1976.0","0.24","1738.88"
"ORD20250517_566292","2025-05-17","3","14","7508.0","0.36","6607.04"
"ORD20250517_566659","2025-05-17","4","34","13472.0","0.48","11855.36"
"ORD20250517_566650","2025-05-17","2","10","2350.0","0.24","2068.0"
"ORD20250517_566645","2025-05-17","2","14","3910.0","0.0","3910.0"
"ORD20250517_566303","2025-05-17","3","11","4364.0","0.0","4364.0"
"ORD20250517_566643","2025-05-17","1","1","320.0","0.12","281.6"
"ORD20250517_566656","2025-05-17","4","14","3680.0","0.48","3238.4"
"ORD20250517_566615","2025-05-17","1","5","3000.0","0.12","2640.0"
"ORD20250517_566304","2025-05-17","4","16","7250.0","0.0","7250.0"
"ORD20250517_566640","2025-05-17","2","10","2396.0","0.24","2108.48"
"ORD20250517_566661","2025-05-17","2","14","3400.0","0.24","2992.0"
"ORD20250517_566602","2025-05-17","3","17","4825.0","0.36","4246.0"
"ORD20250517_566309","2025-05-17","4","17","7080.0","0.0","7080.0"
"ORD20250517_566597","2025-05-17","3","15","4690.0","0.36","4127.2"
"ORD20250517_566663","2025-05-17","3","13","5407.0","0.0","5407.0"
"ORD20250517_566567","2025-05-17","4","22","6350.0","0.48","5588.0"
"ORD20250517_566330","2025-05-17","1","3","1110.0","0.0","1110.0"
"ORD20250517_566583","2025-05-17","1","3","1110.0","0.12","976.8"
"ORD20250517_566096","2025-05-17","3","16","4500.0","0.0","4500.0"
"ORD20250517_566358","2025-05-17","1","3","1140.0","0.12","1003.2"
"ORD20250517_566350","2025-05-17","3","17","6300.0","0.0","6300.0"
"ORD20250517_566579","2025-05-17","1","7","2590.0","0.12","2279.2"
"ORD20250517_566100","2025-05-17","4","15","6292.0","0.0","6292.0"
"ORD20250517_566357","2025-05-17","3","13","4858.0","0.0","4858.0"
"ORD20250517_566354","2025-05-17","4","30","9442.0","0.0","9442.0"
"ORD20250517_566552","2025-05-17","2","12","4155.0","0.0","4155.0"
"ORD20250517_566102","2025-05-17","3","13","2496.0","0.0","2496.0"
"ORD20250517_566351","2025-05-17","2","14","4060.0","0.0","4060.0"
"ORD20250517_566366","2025-05-17","3","17","5440.0","0.0","5440.0"
"ORD20250517_566549","2025-05-17","3","13","4242.0","0.36","3732.96"
"ORD20250517_566103","2025-05-17","4","17","4730.0","0.48","4162.4"
"ORD20250517_566348","2025-05-17","2","8","3262.0","0.24","2870.56"
"ORD20250517_566379","2025-05-17","1","3","960.0","0.0","960.0"
"ORD20250517_566535","2025-05-17","2","8","1370.0","0.24","1205.6"
"ORD20250517_566108","2025-05-17","1","1","450.0","0.0","450.0"
"ORD20250517_566339","2025-05-17","2","7","1580.0","0.0","1580.0"
"ORD20250517_566389","2025-05-17","1","5","750.0","0.0","750.0"
"ORD20250517_566533","2025-05-17","4","22","6639.0","0.48","5842.32"
"ORD20250517_566122","2025-05-17","2","4","1456.0","0.24","1281.28"
"ORD20250517_566337","2025-05-17","2","7","2270.0","0.24","1997.6"
"ORD20250517_566390","2025-05-17","2","14","6005.0","0.0","6005.0"
"ORD20250517_566529","2025-05-17","4","18","3880.0","0.48","3414.4"
"ORD20250517_566125","2025-05-17","1","4","1520.0","0.12","1337.6"
"ORD20250517_566325","2025-05-17","2","7","1684.0","0.24","1481.92"
"ORD20250517_566396","2025-05-17","3","9","3795.0","0.0","3795.0"
"ORD20250517_566528","2025-05-17","3","13","5195.0","0.0","5195.0"
"ORD20250517_566128","2025-05-17","4","19","6100.0","0.0","6100.0"
"ORD20250517_566323","2025-05-17","4","17","6246.0","0.48","5496.48"
"ORD20250517_566417","2025-05-17","3","11","3930.0","0.0","3930.0"
"ORD20250517_566526","2025-05-17","3","15","4325.0","0.36","3806.0"
"ORD20250517_566133","2025-05-17","3","15","6056.0","0.0","6056.0"
"ORD20250517_566373","2025-05-17","4","18","5560.0","0.48","4892.8"
"ORD20250517_566444","2025-05-17","4","25","10095.0","0.0","10095.0"
"ORD20250517_566524","2025-05-17","1","1","450.0","0.12","396.0"
"ORD20250517_566143","2025-05-17","3","8","2740.0","0.0","2740.0"
"ORD20250517_566376","2025-05-17","3","23","9614.0","0.0","9614.0"
"ORD20250517_566445","2025-05-17","1","3","450.0","0.12","396.0"
"ORD20250517_566523","2025-05-17","2","10","3270.0","0.0","3270.0"
"ORD20250517_566151","2025-05-17","1","6","2100.0","0.0","2100.0"
"ORD20250517_566384","2025-05-17","3","9","2691.0","0.0","2691.0"
"ORD20250517_566460","2025-05-17","4","15","4350.0","0.0","4350.0"
"ORD20250517_566511","2025-05-17","1","9","3744.0","0.0","3744.0"
"ORD20250517_566154","2025-05-17","3","13","3894.0","0.36","3426.72"
"ORD20250517_566395","2025-05-17","4","16","5390.0","0.0","5390.0"
"ORD20250517_566466","2025-05-17","2","6","1641.0","0.24","1444.08"
"ORD20250517_566400","2025-05-17","4","16","4610.0","0.0","4610.0"
"ORD20250517_566155","2025-05-17","4","13","2924.0","0.48","2573.12"
"ORD20250517_566397","2025-05-17","3","23","8259.0","0.0","8259.0"
"ORD20250517_566474","2025-05-17","4","18","6968.0","0.0","6968.0"
"ORD20250517_566388","2025-05-17","4","28","6482.0","0.48","5704.16"
"ORD20250517_566157","2025-05-17","2","10","4901.0","0.0","4901.0"
"ORD20250517_566399","2025-05-17","3","21","6790.0","0.0","6790.0"
"ORD20250517_566477","2025-05-17","2","8","1808.0","0.24","1591.04"
"ORD20250517_566381","2025-05-17","3","11","5434.0","0.0","5434.0"
"ORD20250517_566159","2025-05-17","3","20","8268.0","0.0","8268.0"
"ORD20250517_566413","2025-05-17","3","7","3004.0","0.0","3004.0"
"ORD20250517_566478","2025-05-17","3","13","4810.0","0.36","4232.8"
"ORD20250517_566407","2025-05-17","4","10","3566.0","0.48","3138.08"
"ORD20250517_566164","2025-05-17","4","21","10376.0","0.48","9130.88"
"ORD20250517_566422","2025-05-17","3","15","4512.0","0.0","4512.0"
"ORD20250517_566479","2025-05-17","2","4","1000.0","0.24","880.0"
"ORD20250517_566409","2025-05-17","3","17","6098.0","0.0","6098.0"
"ORD20250517_566171","2025-05-17","2","10","1716.0","0.0","1716.0"
"ORD20250517_566423","2025-05-17","4","30","8167.0","0.48","7186.96"
"ORD20250517_566492","2025-05-17","4","18","7370.0","0.0","7370.0"
"ORD20250517_566411","2025-05-17","1","5","1900.0","0.12","1672.0"
"ORD20250517_566173","2025-05-17","2","5","1138.0","0.0","1138.0"
"ORD20250517_566431","2025-05-17","3","8","2240.0","0.0","2240.0"
"ORD20250517_566494","2025-05-17","4","10","3730.0","0.0","3730.0"
"ORD20250517_566420","2025-05-17","3","17","4558.0","0.36","4011.04"
"ORD20250517_566174","2025-05-17","2","2","730.0","0.0","730.0"
"ORD20250517_566432","2025-05-17","4","20","4093.0","0.0","4093.0"
"ORD20250517_566502","2025-05-17","2","12","7995.0","0.24","7035.6"
"ORD20250517_566427","2025-05-17","4","15","5791.0","0.0","5791.0"
"ORD20250517_566180","2025-05-17","1","6","1950.0","0.12","1716.0"
"ORD20250517_566435","2025-05-17","2","7","2775.0","0.0","2775.0"
"ORD20250517_566503","2025-05-17","4","32","10222.0","0.48","8995.36"
"ORD20250517_566433","2025-05-17","2","2","660.0","0.0","660.0"
"ORD20250517_566181","2025-05-17","4","24","9065.0","0.0","9065.0"
"ORD20250517_566443","2025-05-17","1","4","1520.0","0.0","1520.0"
"ORD20250517_566516","2025-05-17","1","1","222.0","0.12","195.36"
"ORD20250517_566434","2025-05-17","1","1","780.0","0.12","686.4"
"ORD20250517_566223","2025-05-17","2","5","1660.0","0.0","1660.0"
"ORD20250517_566454","2025-05-17","2","10","4862.0","0.24","4278.56"
"ORD20250517_566557","2025-05-17","1","5","1300.0","0.12","1144.0"
"ORD20250517_566437","2025-05-17","4","9","2935.0","0.48","2582.8"
"ORD20250517_566225","2025-05-17","4","8","3291.0","0.48","2896.08"
"ORD20250517_566501","2025-05-17","4","4","1450.0","0.0","1450.0"
"ORD20250517_566562","2025-05-17","1","3","1248.0","0.12","1098.24"
"ORD20250517_566455","2025-05-17","2","7","3760.0","0.24","3308.8"
"ORD20250517_566226","2025-05-17","2","10","2100.0","0.24","1848.0"
"ORD20250517_566506","2025-05-17","2","8","1380.0","0.24","1214.4"
"ORD20250517_566564","2025-05-17","1","7","3150.0","0.0","3150.0"
"ORD20250517_566456","2025-05-17","1","4","1976.0","0.12","1738.88"
"ORD20250517_566236","2025-05-17","3","11","3648.0","0.36","3210.24"
"ORD20250517_566514","2025-05-17","4","18","9020.0","0.0","9020.0"
"ORD20250517_566571","2025-05-17","1","9","1728.0","0.0","1728.0"
"ORD20250517_566465","2025-05-17","2","13","5154.0","0.0","5154.0"
"ORD20250517_566267","2025-05-17","2","11","3432.0","0.24","3020.16"
"ORD20250517_566515","2025-05-17","3","9","2380.0","0.36","2094.4"
"ORD20250517_566573","2025-05-17","3","7","3625.0","0.36","3190.0"
"ORD20250517_566467","2025-05-17","4","14","7600.0","0.48","6688.0"
"ORD20250517_566280","2025-05-17","3","9","1484.0","0.0","1484.0"
"ORD20250517_566518","2025-05-17","4","18","5986.0","0.48","5267.68"
"ORD20250517_566588","2025-05-17","3","19","6675.0","0.0","6675.0"
"ORD20250517_566476","2025-05-17","1","7","1050.0","0.0","1050.0"
"ORD20250517_566286","2025-05-17","3","11","6694.0","0.36","5890.72"
"ORD20250517_566519","2025-05-17","2","6","2119.0","0.24","1864.72"
"ORD20250517_566595","2025-05-17","1","7","1554.0","0.12","1367.52"
"ORD20250517_566480","2025-05-17","2","8","2724.0","0.0","2724.0"
"ORD20250517_566290","2025-05-17","1","7","2660.0","0.0","2660.0"
"ORD20250517_566522","2025-05-17","4","18","5570.0","0.48","4901.6"
"ORD20250517_566600","2025-05-17","4","18","5261.0","0.0","5261.0"
"ORD20250517_566484","2025-05-17","2","9","2085.0","0.24","1834.8"
"ORD20250517_566332","2025-05-17","2","7","2440.0","0.24","2147.2"
"ORD20250517_566534","2025-05-17","1","3","684.0","0.0","684.0"
"ORD20250517_566606","2025-05-17","4","26","6880.0","0.0","6880.0"
"ORD20250517_566488","2025-05-17","3","11","2630.0","0.36","2314.4"
"ORD20250517_566338","2025-05-17","3","17","8198.0","0.0","8198.0"
"ORD20250517_566539","2025-05-17","2","12","5065.0","0.24","4457.2"
"ORD20250517_566608","2025-05-17","3","21","6835.0","0.36","6014.8"
"ORD20250517_566490","2025-05-17","1","4","1664.0","0.0","1664.0"
"ORD20250517_566362","2025-05-17","1","7","1344.0","0.12","1182.72"
"ORD20250517_566541","2025-05-17","4","12","5192.0","0.0","5192.0"
"ORD20250517_566613","2025-05-17","3","15","5012.0","0.0","5012.0"
"ORD20250517_566369","2025-05-17","3","13","4400.0","0.36","3872.0"
"ORD20250517_566365","2025-05-17","2","14","4935.0","0.0","4935.0"
"ORD20250517_566542","2025-05-17","2","10","4344.0","0.0","4344.0"
"ORD20250517_566625","2025-05-17","1","3","960.0","0.0","960.0"
"ORD20250517_566360","2025-05-17","4","22","11020.0","0.48","9697.6"
"ORD20250517_566371","2025-05-17","1","1","250.0","0.12","220.0"
"ORD20250517_566545","2025-05-17","4","22","9897.0","0.0","9897.0"
"ORD20250517_566626","2025-05-17","2","6","4150.0","0.0","4150.0"
"ORD20250517_566346","2025-05-17","3","17","5400.0","0.0","5400.0"
"ORD20250517_566378","2025-05-17","3","19","7082.0","0.0","7082.0"
"ORD20250517_566546","2025-05-17","2","10","3300.0","0.24","2904.0"
"ORD20250517_566636","2025-05-17","4","24","5186.0","0.48","4563.68"
"ORD20250517_566344","2025-05-17","3","11","3740.0","0.0","3740.0"
"ORD20250517_566408","2025-05-17","4","24","6218.0","0.0","6218.0"
"ORD20250517_566559","2025-05-17","2","10","2216.0","0.0","2216.0"
"ORD20250517_566654","2025-05-17","1","7","2275.0","0.0","2275.0"
"ORD20250517_566341","2025-05-17","1","7","1750.0","0.0","1750.0"
"ORD20250517_566412","2025-05-17","4","22","11358.0","0.0","11358.0"
"ORD20250517_566320","2025-05-17","4","16","4458.0","0.0","4458.0"
"ORD20250517_566658","2025-05-17","1","7","2660.0","0.12","2340.8"
"ORD20250517_566327","2025-05-17","1","6","2964.0","0.12","2608.32"
"ORD20250517_566414","2025-05-17","3","15","5310.0","0.0","5310.0"
"ORD20250517_566300","2025-05-17","2","2","736.0","0.0","736.0"
"ORD20250517_566425","2025-05-17","4","24","8640.0","0.0","8640.0"
"ORD20250517_566312","2025-05-17","1","1","320.0","0.12","281.6"
"ORD20250517_566436","2025-05-17","3","11","4060.0","0.36","3572.8"
"ORD20250517_566296","2025-05-17","2","5","1180.0","0.0","1180.0"
"ORD20250517_566439","2025-05-17","2","7","2608.0","0.24","2295.04"
"ORD20250517_566310","2025-05-17","2","10","3720.0","0.0","3720.0"
"ORD20250517_566440","2025-05-17","1","6","1500.0","0.12","1320.0"
"ORD20250517_566282","2025-05-17","3","15","4728.0","0.0","4728.0"
"ORD20250517_566447","2025-05-17","4","20","7947.0","0.0","7947.0"
"ORD20250517_566297","2025-05-17","1","3","360.0","0.0","360.0"
"ORD20250517_566448","2025-05-17","2","7","2420.0","0.24","2129.6"
"ORD20250517_566279","2025-05-17","3","14","5764.0","0.0","5764.0"
"ORD20250517_566461","2025-05-17","2","4","1405.0","0.0","1405.0"
"ORD20250517_566283","2025-05-17","4","6","1537.0","0.48","1352.56"
"ORD20250517_566468","2025-05-17","1","7","2800.0","0.12","2464.0"
"ORD20250517_566275","2025-05-17","1","3","2340.0","0.12","2059.2"
"ORD20250517_566471","2025-05-17","4","18","5505.0","0.0","5505.0"
"ORD20250517_566278","2025-05-17","1","4","1000.0","0.0","1000.0"
"ORD20250517_566475","2025-05-17","3","11","6704.0","0.0","6704.0"
"ORD20250517_566269","2025-05-17","4","18","5824.0","0.48","5125.12"
"ORD20250517_566498","2025-05-17","4","14","6630.0","0.48","5834.4"
"ORD20250517_566276","2025-05-17","2","9","4212.0","0.24","3706.56"
"ORD20250517_566500","2025-05-17","4","24","10970.0","0.48","9653.6"
"ORD20250517_566260","2025-05-17","2","12","3660.0","0.24","3220.8"
"ORD20250517_566505","2025-05-17","3","19","7245.0","0.0","7245.0"
"ORD20250517_566272","2025-05-17","3","17","5438.0","0.0","5438.0"
"ORD20250517_566507","2025-05-17","2","16","6338.0","0.0","6338.0"
"ORD20250517_566255","2025-05-17","1","7","2590.0","0.0","2590.0"
"ORD20250517_566510","2025-05-17","4","30","9998.0","0.0","9998.0"
"ORD20250517_566266","2025-05-17","3","6","2310.0","0.36","2032.8"
"ORD20250517_566512","2025-05-17","3","17","7740.0","0.36","6811.2"
"ORD20250517_566248","2025-05-17","3","8","2480.0","0.0","2480.0"
"ORD20250517_566513","2025-05-17","3","13","4500.0","0.36","3960.0"
"ORD20250517_566256","2025-05-17","1","6","2886.0","0.12","2539.68"
"ORD20250517_566517","2025-05-17","3","11","4130.0","0.0","4130.0"
"ORD20250517_566237","2025-05-17","3","14","3434.0","0.36","3021.92"
"ORD20250517_566521","2025-05-17","3","25","7725.0","0.0","7725.0"
"ORD20250517_566254","2025-05-17","1","1","320.0","0.12","281.6"
"ORD20250517_566532","2025-05-17","3","17","5340.0","0.36","4699.2"
"ORD20250517_566235","2025-05-17","1","6","2280.0","0.0","2280.0"
"ORD20250517_566537","2025-05-17","3","11","3426.0","0.36","3014.88"
"ORD20250517_566234","2025-05-17","1","1","400.0","0.12","352.0"
"ORD20250517_566543","2025-05-17","4","20","9562.0","0.48","8414.56"
"ORD20250517_566229","2025-05-17","3","3","940.0","0.0","940.0"
"ORD20250517_566560","2025-05-17","1","3","1482.0","0.12","1304.16"
"ORD20250517_566232","2025-05-17","1","6","4680.0","0.0","4680.0"
"ORD20250517_566577","2025-05-17","3","15","4775.0","0.36","4202.0"
"ORD20250517_566227","2025-05-17","2","10","3410.0","0.0","3410.0"
"ORD20250517_566584","2025-05-17","2","10","2906.0","0.24","2557.28"
"ORD20250517_566219","2025-05-17","2","8","3150.0","0.24","2772.0"
"ORD20250517_566585","2025-05-17","3","17","5840.0","0.0","5840.0"
"ORD20250517_566212","2025-05-17","3","16","7714.0","0.36","6788.32"
"ORD20250517_566586","2025-05-17","2","8","2818.0","0.0","2818.0"
"ORD20250517_566211","2025-05-17","1","4","3120.0","0.0","3120.0"
"ORD20250517_566591","2025-05-17","1","7","2240.0","0.0","2240.0"
"ORD20250517_566210","2025-05-17","3","17","8524.0","0.36","7501.12"
"ORD20250517_566594","2025-05-17","3","23","6590.0","0.36","5799.2"
"ORD20250517_566203","2025-05-17","3","17","6740.0","0.0","6740.0"
"ORD20250517_566599","2025-05-17","2","6","2553.0","0.0","2553.0"
"ORD20250517_566188","2025-05-17","4","22","5834.0","0.48","5133.92"
"ORD20250517_566603","2025-05-17","2","8","3040.0","0.0","3040.0"
"ORD20250517_566196","2025-05-17","4","15","4322.0","0.48","3803.36"
"ORD20250517_566622","2025-05-17","4","20","9340.0","0.0","9340.0"
"ORD20250517_566136","2025-05-17","1","3","1482.0","0.0","1482.0"
"ORD20250517_566629","2025-05-17","2","14","5425.0","0.24","4774.0"
"ORD20250517_566193","2025-05-17","1","1","380.0","0.12","334.4"
"ORD20250517_566630","2025-05-17","1","3","1248.0","0.12","1098.24"
"ORD20250517_566124","2025-05-17","3","9","5001.0","0.36","4400.88"
"ORD20250517_566632","2025-05-17","4","18","6200.0","0.0","6200.0"
"ORD20250517_566177","2025-05-17","3","9","2832.0","0.36","2492.16"
"ORD20250517_566633","2025-05-17","1","9","3744.0","0.12","3294.72"
"ORD20250517_566115","2025-05-17","2","5","1900.0","0.0","1900.0"
"ORD20250517_566642","2025-05-17","2","8","2650.0","0.0","2650.0"
"ORD20250517_566161","2025-05-17","3","12","3231.0","0.0","3231.0"
"ORD20250517_566644","2025-05-17","2","12","4200.0","0.0","4200.0"
"ORD20250517_566127","2025-05-17","3","18","7517.0","0.0","7517.0"
"ORD20250517_566666","2025-05-17","1","5","2275.0","0.0","2275.0"
"ORD20250517_566126","2025-05-17","2","5","1150.0","0.24","1012.0"
"ORD20250517_566667","2025-05-17","3","7","4314.0","0.36","3796.32"
"ORD20250517_566120","2025-05-17","2","9","3552.0","0.0","3552.0"
"ORD20250517_566672","2025-05-17","2","14","4074.0","0.0","4074.0"
"ORD20250517_566106","2025-05-17","3","10","3874.0","0.36","3409.12"
"ORD20250516_566091","2025-05-16","2","6","2432.0","0.2","2188.8"
"ORD20250516_565506","2025-05-16","1","7","2660.0","0.0","2660.0"
"ORD20250516_566093","2025-05-16","1","10","3800.0","0.1","3420.0"
"ORD20250516_565513","2025-05-16","2","7","1880.0","0.0","1880.0"
"ORD20250516_566085","2025-05-16","3","18","5130.0","0.30000000000000004","4617.0"
"ORD20250516_565512","2025-05-16","2","8","2468.0","0.0","2468.0"
"ORD20250516_566089","2025-05-16","1","7","2275.0","0.1","2047.5"
"ORD20250516_565525","2025-05-16","4","17","3720.0","0.48","3273.6"
"ORD20250516_566082","2025-05-16","1","9","2250.0","0.1","2025.0"
"ORD20250516_565523","2025-05-16","3","14","6100.0","0.0","6100.0"
"ORD20250516_566084","2025-05-16","1","9","3744.0","0.1","3369.6"
"ORD20250516_565531","2025-05-16","3","16","3748.0","0.0","3748.0"
"ORD20250516_566072","2025-05-16","1","4","1280.0","0.1","1152.0"
"ORD20250516_565535","2025-05-16","3","15","4760.0","0.0","4760.0"
"ORD20250516_566074","2025-05-16","1","4","912.0","0.1","820.8"
"ORD20250516_565532","2025-05-16","1","6","1368.0","0.0","1368.0"
"ORD20250516_566069","2025-05-16","1","7","2275.0","0.1","2047.5"
"ORD20250516_565538","2025-05-16","2","5","2496.0","0.0","2496.0"
"ORD20250516_566064","2025-05-16","2","17","4660.0","0.2","4194.0"
"ORD20250516_565536","2025-05-16","2","12","5166.0","0.24","4546.08"
"ORD20250516_566060","2025-05-16","4","31","11414.0","0.4","10272.6"
"ORD20250516_565541","2025-05-16","3","11","4050.0","0.36","3564.0"
"ORD20250516_566044","2025-05-16","3","21","10360.0","0.30000000000000004","9324.0"
"ORD20250516_565543","2025-05-16","1","1","455.0","0.12","400.4"
"ORD20250516_566056","2025-05-16","3","18","9029.0","0.30000000000000004","8126.1"
"ORD20250516_565549","2025-05-16","4","14","4750.0","0.48","4180.0"
"ORD20250516_566041","2025-05-16","2","12","2500.0","0.2","2250.0"
"ORD20250516_565548","2025-05-16","1","6","1500.0","0.12","1320.0"
"ORD20250516_566046","2025-05-16","1","7","3458.0","0.1","3112.2"
"ORD20250516_565563","2025-05-16","1","6","1152.0","0.12","1013.76"
"ORD20250516_566032","2025-05-16","4","28","8818.0","0.4","7936.2"
"ORD20250516_565554","2025-05-16","2","10","3536.0","0.0","3536.0"
"ORD20250516_566031","2025-05-16","3","6","1320.0","0.30000000000000004","1188.0"
"ORD20250516_565564","2025-05-16","4","11","5120.0","0.0","5120.0"
"ORD20250516_566001","2025-05-16","2","11","4202.0","0.2","3781.8"
"ORD20250516_565573","2025-05-16","3","18","6792.0","0.0","6792.0"
"ORD20250516_566030","2025-05-16","1","7","2912.0","0.1","2620.8"
"ORD20250516_565566","2025-05-16","4","13","3560.0","0.0","3560.0"
"ORD20250516_565998","2025-05-16","2","11","4847.0","0.2","4362.3"
"ORD20250516_565599","2025-05-16","1","4","1280.0","0.12","1126.4"
"ORD20250516_566025","2025-05-16","4","17","5865.0","0.4","5278.5"
"ORD20250516_565568","2025-05-16","1","1","416.0","0.0","416.0"
"ORD20250516_565994","2025-05-16","2","11","4060.0","0.2","3654.0"
"ORD20250516_565604","2025-05-16","3","6","1922.0","0.0","1922.0"
"ORD20250516_566021","2025-05-16","2","4","844.0","0.2","759.6"
"ORD20250516_565570","2025-05-16","3","14","3730.0","0.36","3282.4"
"ORD20250516_565958","2025-05-16","2","11","5291.0","0.2","4761.9"
"ORD20250516_565606","2025-05-16","2","13","1950.0","0.24","1716.0"
"ORD20250516_566020","2025-05-16","2","9","2356.0","0.2","2120.4"
"ORD20250516_565576","2025-05-16","1","3","750.0","0.0","750.0"
"ORD20250516_565942","2025-05-16","4","19","7335.0","0.4","6601.5"
"ORD20250516_565623","2025-05-16","1","4","1300.0","0.12","1144.0"
"ORD20250516_566010","2025-05-16","1","4","1600.0","0.1","1440.0"
"ORD20250516_565592","2025-05-16","1","4","1480.0","0.12","1302.4"
"ORD20250516_565929","2025-05-16","2","13","2350.0","0.2","2115.0"
"ORD20250516_565633","2025-05-16","1","7","2520.0","0.0","2520.0"
"ORD20250516_565987","2025-05-16","4","20","6384.0","0.4","5745.6"
"ORD20250516_565595","2025-05-16","1","1","192.0","0.0","192.0"
"ORD20250516_565928","2025-05-16","2","18","6165.0","0.2","5548.5"
"ORD20250516_565635","2025-05-16","4","12","6180.0","0.48","5438.4"
"ORD20250516_565986","2025-05-16","1","2","640.0","0.1","576.0"
"ORD20250516_565607","2025-05-16","3","21","6496.0","0.0","6496.0"
"ORD20250516_565927","2025-05-16","1","9","2052.0","0.1","1846.8"
"ORD20250516_565640","2025-05-16","1","6","2730.0","0.12","2402.4"
"ORD20250516_565985","2025-05-16","3","23","6271.0","0.30000000000000004","5643.9"
"ORD20250516_565610","2025-05-16","3","15","3960.0","0.36","3484.8"
"ORD20250516_565924","2025-05-16","4","26","10700.0","0.4","9630.0"
"ORD20250516_565650","2025-05-16","3","18","5812.0","0.0","5812.0"
"ORD20250516_565975","2025-05-16","3","24","9580.0","0.30000000000000004","8622.0"
"ORD20250516_565611","2025-05-16","1","1","600.0","0.12","528.0"
"ORD20250516_565913","2025-05-16","4","35","8710.0","0.4","7839.0"
"ORD20250516_565657","2025-05-16","4","15","4066.0","0.48","3578.08"
"ORD20250516_565972","2025-05-16","2","11","3390.0","0.2","3051.0"
"ORD20250516_565612","2025-05-16","2","8","4800.0","0.0","4800.0"
"ORD20250516_565909","2025-05-16","4","10","3471.0","0.48","3054.48"
"ORD20250516_565660","2025-05-16","2","4","1226.0","0.0","1226.0"
"ORD20250516_565961","2025-05-16","2","11","2250.0","0.2","2025.0"
"ORD20250516_565619","2025-05-16","2","10","1440.0","0.24","1267.2"
"ORD20250516_565901","2025-05-16","1","7","2590.0","0.0","2590.0"
"ORD20250516_565677","2025-05-16","1","7","3367.0","0.12","2962.96"
"ORD20250516_565949","2025-05-16","1","7","2240.0","0.1","2016.0"
"ORD20250516_565624","2025-05-16","1","3","1140.0","0.0","1140.0"
"ORD20250516_565899","2025-05-16","2","7","2052.0","0.24","1805.76"
"ORD20250516_565705","2025-05-16","4","21","7672.0","0.0","7672.0"
"ORD20250516_565947","2025-05-16","2","11","2320.0","0.2","2088.0"
"ORD20250516_565625","2025-05-16","4","20","6560.0","0.0","6560.0"
"ORD20250516_565894","2025-05-16","4","16","4580.0","0.0","4580.0"
"ORD20250516_565715","2025-05-16","2","8","2760.0","0.24","2428.8"
"ORD20250516_565944","2025-05-16","4","36","14278.0","0.4","12850.2"
"ORD20250516_565638","2025-05-16","3","9","1570.0","0.0","1570.0"
"ORD20250516_565889","2025-05-16","1","4","3120.0","0.12","2745.6"
"ORD20250516_565717","2025-05-16","2","2","690.0","0.24","607.2"
"ORD20250516_565943","2025-05-16","3","20","6298.0","0.30000000000000004","5668.2"
"ORD20250516_565653","2025-05-16","1","1","520.0","0.12","457.6"
"ORD20250516_565880","2025-05-16","1","1","416.0","0.0","416.0"
"ORD20250516_565730","2025-05-16","2","10","2720.0","0.24","2393.6"
"ORD20250516_565937","2025-05-16","3","22","11822.0","0.30000000000000004","10639.8"
"ORD20250516_565659","2025-05-16","1","7","4200.0","0.12","3696.0"
"ORD20250516_565864","2025-05-16","3","8","1805.0","0.0","1805.0"
"ORD20250516_565731","2025-05-16","3","17","4620.0","0.36","4065.6"
"ORD20250516_565934","2025-05-16","4","27","11084.0","0.4","9975.6"
"ORD20250516_565666","2025-05-16","4","21","6351.0","0.48","5588.88"
"ORD20250516_565853","2025-05-16","1","1","481.0","0.12","423.28"
"ORD20250516_565741","2025-05-16","1","3","1248.0","0.0","1248.0"
"ORD20250516_565926","2025-05-16","2","11","3240.0","0.2","2916.0"
"ORD20250516_565673","2025-05-16","1","1","260.0","0.0","260.0"
"ORD20250516_565846","2025-05-16","4","10","3940.0","0.0","3940.0"
"ORD20250516_565745","2025-05-16","4","15","5802.0","0.48","5105.76"
"ORD20250516_565922","2025-05-16","4","22","9008.0","0.4","8107.2"
"ORD20250516_565718","2025-05-16","2","13","4090.0","0.24","3599.2"
"ORD20250516_565839","2025-05-16","4","20","7015.0","0.48","6173.2"
"ORD20250516_565746","2025-05-16","1","7","2240.0","0.12","1971.2"
"ORD20250516_565918","2025-05-16","4","23","8472.0","0.4","7624.8"
"ORD20250516_565749","2025-05-16","3","14","5726.0","0.0","5726.0"
"ORD20250516_565837","2025-05-16","2","4","2082.0","0.24","1832.16"
"ORD20250516_565755","2025-05-16","4","16","6345.0","0.0","6345.0"
"ORD20250516_565908","2025-05-16","2","9","3996.0","0.24","3516.48"
"ORD20250516_565752","2025-05-16","1","7","2240.0","0.12","1971.2"
"ORD20250516_565834","2025-05-16","3","17","3744.0","0.36","3294.72"
"ORD20250516_565765","2025-05-16","1","1","585.0","0.0","585.0"
"ORD20250516_565898","2025-05-16","2","7","2550.0","0.0","2550.0"
"ORD20250516_565753","2025-05-16","4","10","4428.0","0.48","3896.64"
"ORD20250516_565824","2025-05-16","2","12","3870.0","0.0","3870.0"
"ORD20250516_565787","2025-05-16","1","9","1998.0","0.0","1998.0"
"ORD20250516_565891","2025-05-16","3","9","2889.0","0.0","2889.0"
"ORD20250516_565756","2025-05-16","3","17","5035.0","0.36","4430.8"
"ORD20250516_565804","2025-05-16","1","5","1000.0","0.12","880.0"
"ORD20250516_565801","2025-05-16","4","18","5758.0","0.0","5758.0"
"ORD20250516_565840","2025-05-16","3","21","7720.0","0.36","6793.6"
"ORD20250516_565763","2025-05-16","4","24","8125.0","0.0","8125.0"
"ORD20250516_565794","2025-05-16","1","5","1750.0","0.12","1540.0"
"ORD20250516_565826","2025-05-16","1","9","1728.0","0.12","1520.64"
"ORD20250516_565829","2025-05-16","2","14","6150.0","0.0","6150.0"
"ORD20250516_565777","2025-05-16","3","15","4990.0","0.36","4391.2"
"ORD20250516_565783","2025-05-16","1","1","320.0","0.0","320.0"
"ORD20250516_565832","2025-05-16","2","6","2730.0","0.24","2402.4"
"ORD20250516_565828","2025-05-16","2","16","4075.0","0.0","4075.0"
"ORD20250516_565779","2025-05-16","1","3","666.0","0.0","666.0"
"ORD20250516_565767","2025-05-16","3","11","4740.0","0.0","4740.0"
"ORD20250516_565857","2025-05-16","1","4","2400.0","0.12","2112.0"
"ORD20250516_565823","2025-05-16","1","3","750.0","0.12","660.0"
"ORD20250516_565793","2025-05-16","2","12","5538.0","0.24","4873.44"
"ORD20250516_565761","2025-05-16","4","18","6613.0","0.48","5819.44"
"ORD20250516_565867","2025-05-16","1","1","228.0","0.12","200.64"
"ORD20250516_565796","2025-05-16","1","5","1250.0","0.0","1250.0"
"ORD20250516_565795","2025-05-16","3","19","5540.0","0.0","5540.0"
"ORD20250516_565759","2025-05-16","2","2","350.0","0.0","350.0"
"ORD20250516_565868","2025-05-16","2","9","2280.0","0.0","2280.0"
"ORD20250516_565790","2025-05-16","1","1","250.0","0.0","250.0"
"ORD20250516_565800","2025-05-16","1","5","3000.0","0.12","2640.0"
"ORD20250516_565758","2025-05-16","4","14","4135.0","0.0","4135.0"
"ORD20250516_565874","2025-05-16","1","7","1470.0","0.0","1470.0"
"ORD20250516_565786","2025-05-16","2","18","8640.0","0.24","7603.2"
"ORD20250516_565807","2025-05-16","2","12","5112.0","0.24","4498.56"
"ORD20250516_565751","2025-05-16","3","15","5375.0","0.0","5375.0"
"ORD20250516_565879","2025-05-16","2","7","1440.0","0.0","1440.0"
"ORD20250516_565782","2025-05-16","1","3","1050.0","0.0","1050.0"
"ORD20250516_565810","2025-05-16","2","6","2280.0","0.0","2280.0"
"ORD20250516_565744","2025-05-16","2","14","3304.0","0.24","2907.52"
"ORD20250516_565881","2025-05-16","1","7","1750.0","0.0","1750.0"
"ORD20250516_565780","2025-05-16","3","13","7232.0","0.0","7232.0"
"ORD20250516_565811","2025-05-16","1","1","250.0","0.0","250.0"
"ORD20250516_565739","2025-05-16","3","10","3300.0","0.0","3300.0"
"ORD20250516_565883","2025-05-16","4","18","8010.0","0.0","8010.0"
"ORD20250516_565771","2025-05-16","1","1","370.0","0.12","325.6"
"ORD20250516_565815","2025-05-16","3","9","2314.0","0.0","2314.0"
"ORD20250516_565738","2025-05-16","4","17","5853.0","0.48","5150.64"
"ORD20250516_565892","2025-05-16","1","6","2220.0","0.12","1953.6"
"ORD20250516_565770","2025-05-16","4","18","3108.0","0.0","3108.0"
"ORD20250516_565818","2025-05-16","1","3","1200.0","0.0","1200.0"
"ORD20250516_565737","2025-05-16","1","6","720.0","0.0","720.0"
"ORD20250516_565900","2025-05-16","2","5","828.0","0.24","728.64"
"ORD20250516_565762","2025-05-16","2","4","775.0","0.0","775.0"
"ORD20250516_565820","2025-05-16","2","8","4681.0","0.0","4681.0"
"ORD20250516_565733","2025-05-16","4","9","3732.0","0.48","3284.16"
"ORD20250516_565907","2025-05-16","1","3","1248.0","0.12","1098.24"
"ORD20250516_565754","2025-05-16","4","20","5210.0","0.48","4584.8"
"ORD20250516_565821","2025-05-16","2","6","1120.0","0.24","985.6"
"ORD20250516_565728","2025-05-16","2","8","3104.0","0.0","3104.0"
"ORD20250516_565915","2025-05-16","3","11","3384.0","0.30000000000000004","3045.6"
"ORD20250516_565725","2025-05-16","1","3","1110.0","0.12","976.8"
"ORD20250516_565822","2025-05-16","3","13","6393.0","0.0","6393.0"
"ORD20250516_565724","2025-05-16","1","6","1500.0","0.12","1320.0"
"ORD20250516_565930","2025-05-16","2","20","7500.0","0.2","6750.0"
"ORD20250516_565722","2025-05-16","1","1","260.0","0.12","228.8"
"ORD20250516_565825","2025-05-16","1","3","1110.0","0.12","976.8"
"ORD20250516_565721","2025-05-16","1","4","1000.0","0.12","880.0"
"ORD20250516_565931","2025-05-16","4","18","6313.0","0.4","5681.7"
"ORD20250516_565720","2025-05-16","1","7","3150.0","0.0","3150.0"
"ORD20250516_565841","2025-05-16","1","1","370.0","0.0","370.0"
"ORD20250516_565714","2025-05-16","4","18","7206.0","0.48","6341.28"
"ORD20250516_565938","2025-05-16","4","35","10250.0","0.4","9225.0"
"ORD20250516_565691","2025-05-16","1","3","1443.0","0.12","1269.84"
"ORD20250516_565850","2025-05-16","1","7","3640.0","0.12","3203.2"
"ORD20250516_565687","2025-05-16","2","6","2220.0","0.0","2220.0"
"ORD20250516_565939","2025-05-16","2","12","2240.0","0.2","2016.0"
"ORD20250516_565685","2025-05-16","2","4","1435.0","0.0","1435.0"
"ORD20250516_565856","2025-05-16","2","14","4935.0","0.0","4935.0"
"ORD20250516_565684","2025-05-16","3","11","5367.0","0.0","5367.0"
"ORD20250516_565950","2025-05-16","4","27","6764.0","0.4","6087.6"
"ORD20250516_565682","2025-05-16","4","16","6832.0","0.48","6012.16"
"ORD20250516_565861","2025-05-16","1","3","2340.0","0.12","2059.2"
"ORD20250516_565658","2025-05-16","2","7","2951.0","0.0","2951.0"
"ORD20250516_565962","2025-05-16","3","21","9789.0","0.30000000000000004","8810.1"
"ORD20250516_565678","2025-05-16","1","3","1080.0","0.12","950.4"
"ORD20250516_565865","2025-05-16","2","11","6940.0","0.24","6107.2"
"ORD20250516_565649","2025-05-16","1","6","1368.0","0.12","1203.84"
"ORD20250516_565963","2025-05-16","1","2","1200.0","0.1","1080.0"
"ORD20250516_565676","2025-05-16","3","15","4170.0","0.0","4170.0"
"ORD20250516_565866","2025-05-16","3","17","5245.0","0.36","4615.6"
"ORD20250516_565643","2025-05-16","2","11","2750.0","0.24","2420.0"
"ORD20250516_565967","2025-05-16","2","9","2320.0","0.2","2088.0"
"ORD20250516_565671","2025-05-16","2","13","4720.0","0.0","4720.0"
"ORD20250516_565869","2025-05-16","4","9","2510.0","0.48","2208.8"
"ORD20250516_565634","2025-05-16","2","11","3008.0","0.0","3008.0"
"ORD20250516_565968","2025-05-16","1","7","1400.0","0.1","1260.0"
"ORD20250516_565662","2025-05-16","2","11","4110.0","0.0","4110.0"
"ORD20250516_565873","2025-05-16","4","15","4550.0","0.0","4550.0"
"ORD20250516_565605","2025-05-16","2","11","3985.0","0.0","3985.0"
"ORD20250516_565988","2025-05-16","2","14","4200.0","0.2","3780.0"
"ORD20250516_565661","2025-05-16","1","3","1365.0","0.12","1201.2"
"ORD20250516_565882","2025-05-16","4","22","6282.0","0.0","6282.0"
"ORD20250516_565588","2025-05-16","4","20","5927.0","0.0","5927.0"
"ORD20250516_565991","2025-05-16","4","26","9676.0","0.4","8708.4"
"ORD20250516_565654","2025-05-16","1","3","450.0","0.12","396.0"
"ORD20250516_565886","2025-05-16","4","13","4069.0","0.48","3580.72"
"ORD20250516_565584","2025-05-16","2","9","2220.0","0.0","2220.0"
"ORD20250516_565992","2025-05-16","4","23","7836.0","0.4","7052.4"
"ORD20250516_565646","2025-05-16","3","16","5868.0","0.0","5868.0"
"ORD20250516_565896","2025-05-16","4","24","5964.0","0.0","5964.0"
"ORD20250516_565582","2025-05-16","3","13","4319.0","0.0","4319.0"
"ORD20250516_566003","2025-05-16","3","26","6500.0","0.30000000000000004","5850.0"
"ORD20250516_565616","2025-05-16","4","13","6912.0","0.0","6912.0"
"ORD20250516_565897","2025-05-16","2","7","3000.0","0.24","2640.0"
"ORD20250516_565571","2025-05-16","2","9","1884.0","0.0","1884.0"
"ORD20250516_566008","2025-05-16","3","10","4052.0","0.30000000000000004","3646.8"
"ORD20250516_565613","2025-05-16","1","6","2220.0","0.12","1953.6"
"ORD20250516_565914","2025-05-16","4","13","4314.0","0.4","3882.6"
"ORD20250516_565565","2025-05-16","2","10","3700.0","0.24","3256.0"
"ORD20250516_566012","2025-05-16","4","22","7590.0","0.4","6831.0"
"ORD20250516_565609","2025-05-16","3","17","4630.0","0.0","4630.0"
"ORD20250516_565917","2025-05-16","1","10","2400.0","0.1","2160.0"
"ORD20250516_565562","2025-05-16","3","8","2878.0","0.36","2532.64"
"ORD20250516_566018","2025-05-16","2","11","2270.0","0.2","2043.0"
"ORD20250516_565602","2025-05-16","1","1","360.0","0.12","316.8"
"ORD20250516_565948","2025-05-16","3","18","7080.0","0.30000000000000004","6372.0"
"ORD20250516_565559","2025-05-16","2","14","4060.0","0.0","4060.0"
"ORD20250516_566024","2025-05-16","4","27","8832.0","0.4","7948.8"
"ORD20250516_565578","2025-05-16","1","1","320.0","0.0","320.0"
"ORD20250516_565954","2025-05-16","1","4","2340.0","0.1","2106.0"
"ORD20250516_565550","2025-05-16","2","8","2166.0","0.24","1906.08"
"ORD20250516_566027","2025-05-16","2","12","3182.0","0.2","2863.8"
"ORD20250516_565575","2025-05-16","2","11","4807.0","0.0","4807.0"
"ORD20250516_565956","2025-05-16","2","11","3380.0","0.2","3042.0"
"ORD20250516_565519","2025-05-16","2","5","2014.0","0.24","1772.32"
"ORD20250516_566029","2025-05-16","2","14","6090.0","0.2","5481.0"
"ORD20250516_565574","2025-05-16","4","17","6820.0","0.48","6001.6"
"ORD20250516_565960","2025-05-16","3","30","9550.0","0.30000000000000004","8595.0"
"ORD20250516_565630","2025-05-16","3","20","6410.0","0.36","5640.8"
"ORD20250516_566037","2025-05-16","3","14","3690.0","0.30000000000000004","3321.0"
"ORD20250516_565530","2025-05-16","3","14","4058.0","0.0","4058.0"
"ORD20250516_565964","2025-05-16","2","16","5585.0","0.2","5026.5"
"ORD20250516_565626","2025-05-16","1","3","750.0","0.0","750.0"
"ORD20250516_566045","2025-05-16","4","32","11571.0","0.4","10413.9"
"ORD20250516_565528","2025-05-16","4","19","7828.0","0.48","6888.64"
"ORD20250516_565970","2025-05-16","2","9","3296.0","0.2","2966.4"
"ORD20250516_565621","2025-05-16","4","21","4702.0","0.48","4137.76"
"ORD20250516_566065","2025-05-16","1","2","384.0","0.1","345.6"
"ORD20250516_565527","2025-05-16","2","13","3270.0","0.24","2877.6"
"ORD20250516_565974","2025-05-16","4","25","12960.0","0.4","11664.0"
"ORD20250516_565594","2025-05-16","2","9","3060.0","0.24","2692.8"
"ORD20250516_566067","2025-05-16","3","23","8846.0","0.30000000000000004","7961.4"
"ORD20250516_565524","2025-05-16","4","12","5980.0","0.48","5262.4"
"ORD20250516_565979","2025-05-16","4","25","8408.0","0.4","7567.2"
"ORD20250516_565586","2025-05-16","1","3","1443.0","0.0","1443.0"
"ORD20250516_566076","2025-05-16","2","16","6500.0","0.2","5850.0"
"ORD20250516_565522","2025-05-16","4","18","5370.0","0.48","4725.6"
"ORD20250516_565980","2025-05-16","4","26","4699.0","0.4","4229.1"
"ORD20250516_565561","2025-05-16","2","12","2232.0","0.0","2232.0"
"ORD20250516_566078","2025-05-16","3","21","6454.0","0.30000000000000004","5808.6"
"ORD20250516_565518","2025-05-16","4","21","6830.0","0.0","6830.0"
"ORD20250516_565981","2025-05-16","3","18","6876.0","0.30000000000000004","6188.4"
"ORD20250516_565556","2025-05-16","4","12","2996.0","0.0","2996.0"
"ORD20250516_565585","2025-05-16","3","7","3060.0","0.36","2692.8"
"ORD20250516_565517","2025-05-16","3","11","3104.0","0.0","3104.0"
"ORD20250516_565990","2025-05-16","4","24","8924.0","0.4","8031.6"
"ORD20250516_565547","2025-05-16","2","7","1790.0","0.0","1790.0"
"ORD20250516_565583","2025-05-16","4","22","7252.0","0.48","6381.76"
"ORD20250516_565510","2025-05-16","4","9","3611.0","0.0","3611.0"
"ORD20250516_565993","2025-05-16","2","16","4808.0","0.2","4327.2"
"ORD20250516_565545","2025-05-16","3","14","5460.0","0.36","4804.8"
"ORD20250516_565579","2025-05-16","2","8","4010.0","0.24","3528.8"
"ORD20250516_565505","2025-05-16","3","18","5460.0","0.0","5460.0"
"ORD20250516_565995","2025-05-16","1","9","3330.0","0.1","2997.0"
"ORD20250516_565544","2025-05-16","4","20","7105.0","0.48","6252.4"
"ORD20250516_565572","2025-05-16","4","19","7596.0","0.0","7596.0"
"ORD20250516_566087","2025-05-16","2","9","4218.0","0.2","3796.2"
"ORD20250516_566005","2025-05-16","1","2","520.0","0.1","468.0"
"ORD20250516_565540","2025-05-16","2","10","4460.0","0.0","4460.0"
"ORD20250516_565552","2025-05-16","4","22","7537.0","0.48","6632.56"
"ORD20250516_566077","2025-05-16","3","16","5372.0","0.30000000000000004","4834.8"
"ORD20250516_566011","2025-05-16","3","16","3988.0","0.30000000000000004","3589.2"
"ORD20250516_565526","2025-05-16","1","3","1800.0","0.12","1584.0"
"ORD20250516_565534","2025-05-16","2","2","975.0","0.24","858.0"
"ORD20250516_566071","2025-05-16","2","11","3744.0","0.2","3369.6"
"ORD20250516_566028","2025-05-16","3","13","6851.0","0.30000000000000004","6165.9"
"ORD20250516_565631","2025-05-16","4","12","4276.0","0.0","4276.0"
"ORD20250516_565533","2025-05-16","1","6","900.0","0.12","792.0"
"ORD20250516_566063","2025-05-16","4","39","9898.0","0.4","8908.2"
"ORD20250516_566038","2025-05-16","4","25","8630.0","0.4","7767.0"
"ORD20250516_565642","2025-05-16","1","3","1482.0","0.0","1482.0"
"ORD20250516_565515","2025-05-16","1","4","600.0","0.0","600.0"
"ORD20250516_566059","2025-05-16","2","12","6400.0","0.2","5760.0"
"ORD20250516_566042","2025-05-16","3","20","7520.0","0.30000000000000004","6768.0"
"ORD20250516_565655","2025-05-16","2","2","578.0","0.0","578.0"
"ORD20250516_565507","2025-05-16","4","12","5430.0","0.48","4778.4"
"ORD20250516_566057","2025-05-16","3","17","5685.0","0.30000000000000004","5116.5"
"ORD20250516_566048","2025-05-16","3","21","7578.0","0.30000000000000004","6820.2"
"ORD20250516_565656","2025-05-16","4","15","6302.0","0.48","5545.76"
"ORD20250516_565587","2025-05-16","3","11","3843.0","0.0","3843.0"
"ORD20250516_566053","2025-05-16","1","7","2240.0","0.1","2016.0"
"ORD20250516_566050","2025-05-16","1","4","1000.0","0.1","900.0"
"ORD20250516_565664","2025-05-16","3","14","3802.0","0.0","3802.0"
"ORD20250516_565589","2025-05-16","1","1","222.0","0.0","222.0"
"ORD20250516_566051","2025-05-16","3","13","4570.0","0.30000000000000004","4113.0"
"ORD20250516_566061","2025-05-16","3","23","6820.0","0.30000000000000004","6138.0"
"ORD20250516_565672","2025-05-16","2","6","2490.0","0.24","2191.2"
"ORD20250516_565608","2025-05-16","3","9","3220.0","0.36","2833.6"
"ORD20250516_566019","2025-05-16","4","27","11590.0","0.4","10431.0"
"ORD20250516_566066","2025-05-16","2","11","1650.0","0.2","1485.0"
"ORD20250516_565674","2025-05-16","3","13","4638.0","0.36","4081.44"
"ORD20250516_565618","2025-05-16","4","25","10742.0","0.48","9452.96"
"ORD20250516_566017","2025-05-16","1","10","3700.0","0.1","3330.0"
"ORD20250516_566068","2025-05-16","4","22","5940.0","0.4","5346.0"
"ORD20250516_565679","2025-05-16","3","3","694.0","0.36","610.72"
"ORD20250516_565627","2025-05-16","3","17","5270.0","0.36","4637.6"
"ORD20250516_566013","2025-05-16","2","12","4900.0","0.2","4410.0"
"ORD20250516_566070","2025-05-16","2","11","3980.0","0.2","3582.0"
"ORD20250516_565689","2025-05-16","3","21","6734.0","0.0","6734.0"
"ORD20250516_565629","2025-05-16","4","17","5571.0","0.48","4902.48"
"ORD20250516_565982","2025-05-16","2","11","2650.0","0.2","2385.0"
"ORD20250516_566075","2025-05-16","1","4","912.0","0.1","820.8"
"ORD20250516_565695","2025-05-16","2","5","1250.0","0.24","1100.0"
"ORD20250516_565636","2025-05-16","3","12","5411.0","0.36","4761.68"
"ORD20250516_565976","2025-05-16","1","10","4810.0","0.1","4329.0"
"ORD20250516_566090","2025-05-16","1","4","1440.0","0.1","1296.0"
"ORD20250516_565701","2025-05-16","1","7","2240.0","0.12","1971.2"
"ORD20250516_565639","2025-05-16","3","11","4128.0","0.0","4128.0"
"ORD20250516_565966","2025-05-16","4","15","6340.0","0.4","5706.0"
"ORD20250516_565529","2025-05-16","4","13","4834.0","0.0","4834.0"
"ORD20250516_565703","2025-05-16","1","1","380.0","0.0","380.0"
"ORD20250516_565641","2025-05-16","2","12","4464.0","0.0","4464.0"
"ORD20250516_565957","2025-05-16","1","7","1750.0","0.1","1575.0"
"ORD20250516_565539","2025-05-16","3","14","5474.0","0.0","5474.0"
"ORD20250516_565704","2025-05-16","4","18","6858.0","0.0","6858.0"
"ORD20250516_565648","2025-05-16","1","3","600.0","0.0","600.0"
"ORD20250516_565941","2025-05-16","2","14","3800.0","0.2","3420.0"
"ORD20250516_565546","2025-05-16","2","10","3020.0","0.24","2657.6"
"ORD20250516_565716","2025-05-16","2","8","2664.0","0.24","2344.32"
"ORD20250516_565665","2025-05-16","4","25","9862.0","0.0","9862.0"
"ORD20250516_565933","2025-05-16","3","13","3052.0","0.30000000000000004","2746.8"
"ORD20250516_565551","2025-05-16","1","4","1664.0","0.0","1664.0"
"ORD20250516_565723","2025-05-16","1","6","3600.0","0.0","3600.0"
"ORD20250516_565667","2025-05-16","1","7","5460.0","0.12","4804.8"
"ORD20250516_565919","2025-05-16","4","29","12310.0","0.4","11079.0"
"ORD20250516_565553","2025-05-16","4","24","11368.0","0.48","10003.84"
"ORD20250516_565727","2025-05-16","4","16","5152.0","0.0","5152.0"
"ORD20250516_565669","2025-05-16","1","1","380.0","0.0","380.0"
"ORD20250516_565906","2025-05-16","4","12","2899.0","0.48","2551.12"
"ORD20250516_565557","2025-05-16","3","8","2432.0","0.36","2140.16"
"ORD20250516_565734","2025-05-16","1","7","2240.0","0.12","1971.2"
"ORD20250516_565681","2025-05-16","3","10","3580.0","0.0","3580.0"
"ORD20250516_565885","2025-05-16","2","10","5286.0","0.0","5286.0"
"ORD20250516_565560","2025-05-16","3","11","2925.0","0.0","2925.0"
"ORD20250516_565740","2025-05-16","1","3","1140.0","0.0","1140.0"
"ORD20250516_565683","2025-05-16","4","14","4314.0","0.48","3796.32"
"ORD20250516_565877","2025-05-16","4","15","4948.0","0.0","4948.0"
"ORD20250516_565567","2025-05-16","3","10","3890.0","0.36","3423.2"
"ORD20250516_565742","2025-05-16","4","15","3255.0","0.48","2864.4"
"ORD20250516_565686","2025-05-16","4","23","8314.0","0.48","7316.32"
"ORD20250516_565872","2025-05-16","1","4","800.0","0.0","800.0"
"ORD20250516_565580","2025-05-16","1","7","4095.0","0.0","4095.0"
"ORD20250516_565743","2025-05-16","2","7","2816.0","0.24","2478.08"
"ORD20250516_565697","2025-05-16","2","4","1905.0","0.24","1676.4"
"ORD20250516_565860","2025-05-16","2","9","3636.0","0.0","3636.0"
"ORD20250516_565590","2025-05-16","2","8","3014.0","0.0","3014.0"
"ORD20250516_565748","2025-05-16","1","3","975.0","0.0","975.0"
"ORD20250516_565699","2025-05-16","3","9","3951.0","0.36","3476.88"
"ORD20250516_565858","2025-05-16","3","15","4800.0","0.0","4800.0"
"ORD20250516_565591","2025-05-16","2","5","1770.0","0.24","1557.6"
"ORD20250516_565750","2025-05-16","3","11","4750.0","0.36","4180.0"
"ORD20250516_565710","2025-05-16","4","22","9180.0","0.0","9180.0"
"ORD20250516_565851","2025-05-16","1","1","380.0","0.12","334.4"
"ORD20250516_565596","2025-05-16","2","10","4615.0","0.0","4615.0"
"ORD20250516_565760","2025-05-16","2","4","1231.0","0.24","1083.28"
"ORD20250516_565713","2025-05-16","4","13","5588.0","0.48","4917.44"
"ORD20250516_565509","2025-05-16","1","6","2160.0","0.0","2160.0"
"ORD20250516_565598","2025-05-16","3","14","6228.0","0.36","5480.64"
"ORD20250516_565768","2025-05-16","1","9","2880.0","0.0","2880.0"
"ORD20250516_565719","2025-05-16","4","17","5734.0","0.0","5734.0"
"ORD20250516_565511","2025-05-16","3","10","3380.0","0.36","2974.4"
"ORD20250516_565603","2025-05-16","2","10","4355.0","0.0","4355.0"
"ORD20250516_565773","2025-05-16","4","18","4210.0","0.48","3704.8"
"ORD20250516_565729","2025-05-16","3","9","3380.0","0.0","3380.0"
"ORD20250516_565848","2025-05-16","3","23","10564.0","0.36","9296.32"
"ORD20250516_565615","2025-05-16","4","18","12430.0","0.48","10938.4"
"ORD20250516_565775","2025-05-16","4","26","7515.0","0.48","6613.2"
"ORD20250516_565732","2025-05-16","2","10","3804.0","0.24","3347.52"
"ORD20250516_565844","2025-05-16","2","8","3071.0","0.24","2702.48"
"ORD20250516_565620","2025-05-16","2","2","400.0","0.0","400.0"
"ORD20250516_565776","2025-05-16","2","12","3620.0","0.0","3620.0"
"ORD20250516_565735","2025-05-16","2","11","2920.0","0.0","2920.0"
"ORD20250516_565838","2025-05-16","1","9","2925.0","0.0","2925.0"
"ORD20250516_565628","2025-05-16","3","6","1854.0","0.36","1631.52"
"ORD20250516_565778","2025-05-16","3","17","5830.0","0.0","5830.0"
"ORD20250516_565769","2025-05-16","3","13","3240.0","0.0","3240.0"
"ORD20250516_565817","2025-05-16","3","3","1000.0","0.36","880.0"
"ORD20250516_565645","2025-05-16","4","24","9184.0","0.0","9184.0"
"ORD20250516_565781","2025-05-16","4","22","6994.0","0.0","6994.0"
"ORD20250516_565774","2025-05-16","3","19","5330.0","0.36","4690.4"
"ORD20250516_565812","2025-05-16","1","1","250.0","0.12","220.0"
"ORD20250516_565647","2025-05-16","4","14","5905.0","0.48","5196.4"
"ORD20250516_565785","2025-05-16","4","26","6822.0","0.0","6822.0"
"ORD20250516_565805","2025-05-16","1","3","1110.0","0.0","1110.0"
"ORD20250516_565792","2025-05-16","1","7","2590.0","0.0","2590.0"
"ORD20250516_565663","2025-05-16","4","7","3330.0","0.0","3330.0"
"ORD20250516_565791","2025-05-16","2","10","4144.0","0.0","4144.0"
"ORD20250516_565827","2025-05-16","2","6","1350.0","0.0","1350.0"
"ORD20250516_565788","2025-05-16","4","28","9472.0","0.0","9472.0"
"ORD20250516_565670","2025-05-16","3","13","5104.0","0.36","4491.52"
"ORD20250516_565797","2025-05-16","1","3","975.0","0.0","975.0"
"ORD20250516_565830","2025-05-16","4","14","7486.0","0.0","7486.0"
"ORD20250516_565784","2025-05-16","2","10","3705.0","0.0","3705.0"
"ORD20250516_565688","2025-05-16","1","6","2220.0","0.0","2220.0"
"ORD20250516_565808","2025-05-16","1","5","1600.0","0.12","1408.0"
"ORD20250516_565845","2025-05-16","1","1","481.0","0.12","423.28"
"ORD20250516_565766","2025-05-16","1","3","360.0","0.0","360.0"
"ORD20250516_565690","2025-05-16","4","17","6380.0","0.48","5614.4"
"ORD20250516_565809","2025-05-16","3","17","4888.0","0.36","4301.44"
"ORD20250516_565852","2025-05-16","1","4","2400.0","0.12","2112.0"
"ORD20250516_565747","2025-05-16","1","7","3640.0","0.12","3203.2"
"ORD20250516_565698","2025-05-16","3","9","1868.0","0.0","1868.0"
"ORD20250516_565814","2025-05-16","3","15","6300.0","0.0","6300.0"
"ORD20250516_565855","2025-05-16","4","18","5022.0","0.48","4419.36"
"ORD20250516_565712","2025-05-16","4","19","7020.0","0.0","7020.0"
"ORD20250516_565702","2025-05-16","1","7","2240.0","0.12","1971.2"
"ORD20250516_565816","2025-05-16","1","7","2275.0","0.12","2002.0"
"ORD20250516_565870","2025-05-16","2","9","1875.0","0.24","1650.0"
"ORD20250516_565711","2025-05-16","1","6","1500.0","0.12","1320.0"
"ORD20250516_565708","2025-05-16","2","11","3795.0","0.0","3795.0"
"ORD20250516_565819","2025-05-16","4","28","15210.0","0.48","13384.8"
"ORD20250516_565875","2025-05-16","4","17","6885.0","0.0","6885.0"
"ORD20250516_565709","2025-05-16","2","8","3858.0","0.0","3858.0"
"ORD20250516_565726","2025-05-16","3","19","5899.0","0.36","5191.12"
"ORD20250516_565831","2025-05-16","3","9","4108.0","0.36","3615.04"
"ORD20250516_565878","2025-05-16","4","16","4109.0","0.48","3615.92"
"ORD20250516_565707","2025-05-16","2","6","2082.0","0.0","2082.0"
"ORD20250516_565736","2025-05-16","2","13","5532.0","0.0","5532.0"
"ORD20250516_565833","2025-05-16","2","14","3390.0","0.24","2983.2"
"ORD20250516_565884","2025-05-16","2","13","3800.0","0.0","3800.0"
"ORD20250516_565706","2025-05-16","1","3","2340.0","0.12","2059.2"
"ORD20250516_565757","2025-05-16","2","2","820.0","0.24","721.6"
"ORD20250516_565843","2025-05-16","3","13","4485.0","0.36","3946.8"
"ORD20250516_565887","2025-05-16","2","9","2982.0","0.0","2982.0"
"ORD20250516_565700","2025-05-16","4","17","6084.0","0.48","5353.92"
"ORD20250516_565764","2025-05-16","4","30","13149.0","0.0","13149.0"
"ORD20250516_565859","2025-05-16","1","4","2400.0","0.12","2112.0"
"ORD20250516_565893","2025-05-16","3","11","2712.0","0.36","2386.56"
"ORD20250516_565696","2025-05-16","1","7","1400.0","0.12","1232.0"
"ORD20250516_565772","2025-05-16","4","34","10140.0","0.48","8923.2"
"ORD20250516_565863","2025-05-16","3","11","7302.0","0.36","6425.76"
"ORD20250516_565902","2025-05-16","3","10","2525.0","0.0","2525.0"
"ORD20250516_565694","2025-05-16","3","14","6741.0","0.36","5932.08"
"ORD20250516_565789","2025-05-16","1","7","5460.0","0.12","4804.8"
"ORD20250516_565871","2025-05-16","3","8","2985.0","0.0","2985.0"
"ORD20250516_565904","2025-05-16","3","9","2274.0","0.0","2274.0"
"ORD20250516_565693","2025-05-16","4","7","4126.0","0.0","4126.0"
"ORD20250516_565798","2025-05-16","4","12","4350.0","0.48","3828.0"
"ORD20250516_565895","2025-05-16","4","6","1714.0","0.0","1714.0"
"ORD20250516_565910","2025-05-16","4","8","3630.0","0.0","3630.0"
"ORD20250516_565692","2025-05-16","2","5","2264.0","0.0","2264.0"
"ORD20250516_565799","2025-05-16","2","16","6480.0","0.0","6480.0"
"ORD20250516_565912","2025-05-16","4","31","12878.0","0.4","11590.2"
"ORD20250516_565920","2025-05-16","1","10","4940.0","0.1","4446.0"
"ORD20250516_565680","2025-05-16","1","1","250.0","0.0","250.0"
"ORD20250516_565802","2025-05-16","4","12","4360.0","0.0","4360.0"
"ORD20250516_565921","2025-05-16","2","6","2864.0","0.2","2577.6"
"ORD20250516_565923","2025-05-16","2","9","2750.0","0.2","2475.0"
"ORD20250516_565675","2025-05-16","3","9","2415.0","0.36","2125.2"
"ORD20250516_565803","2025-05-16","4","24","10786.0","0.0","10786.0"
"ORD20250516_565925","2025-05-16","2","9","6370.0","0.2","5733.0"
"ORD20250516_565932","2025-05-16","4","37","8250.0","0.4","7425.0"
"ORD20250516_565668","2025-05-16","3","11","4410.0","0.0","4410.0"
"ORD20250516_565806","2025-05-16","2","14","10020.0","0.24","8817.6"
"ORD20250516_565940","2025-05-16","4","31","11360.0","0.4","10224.0"
"ORD20250516_565935","2025-05-16","4","28","9598.0","0.4","8638.2"
"ORD20250516_565652","2025-05-16","3","17","4418.0","0.0","4418.0"
"ORD20250516_565813","2025-05-16","3","9","3825.0","0.0","3825.0"
"ORD20250516_565945","2025-05-16","4","22","7829.0","0.4","7046.1"
"ORD20250516_565936","2025-05-16","2","11","4070.0","0.2","3663.0"
"ORD20250516_565651","2025-05-16","2","10","3620.0","0.0","3620.0"
"ORD20250516_565835","2025-05-16","2","4","901.0","0.24","792.88"
"ORD20250516_565946","2025-05-16","2","14","5220.0","0.2","4698.0"
"ORD20250516_565951","2025-05-16","4","32","10772.0","0.4","9694.8"
"ORD20250516_565644","2025-05-16","4","12","4560.0","0.48","4012.8"
"ORD20250516_565836","2025-05-16","3","11","3194.0","0.36","2810.72"
"ORD20250516_565953","2025-05-16","4","13","8162.0","0.4","7345.8"
"ORD20250516_565952","2025-05-16","3","16","8560.0","0.30000000000000004","7704.0"
"ORD20250516_565637","2025-05-16","3","12","1900.0","0.0","1900.0"
"ORD20250516_565842","2025-05-16","4","22","5775.0","0.0","5775.0"
"ORD20250516_565955","2025-05-16","1","9","5265.0","0.1","4738.5"
"ORD20250516_565977","2025-05-16","1","2","650.0","0.1","585.0"
"ORD20250516_565632","2025-05-16","3","9","3810.0","0.36","3352.8"
"ORD20250516_565847","2025-05-16","3","15","4157.0","0.0","4157.0"
"ORD20250516_565969","2025-05-16","1","4","1820.0","0.1","1638.0"
"ORD20250516_565978","2025-05-16","2","17","7050.0","0.2","6345.0"
"ORD20250516_565622","2025-05-16","4","26","7386.0","0.0","7386.0"
"ORD20250516_565849","2025-05-16","3","15","7086.0","0.36","6235.68"
"ORD20250516_565983","2025-05-16","4","23","6010.0","0.4","5409.0"
"ORD20250516_565997","2025-05-16","3","8","3392.0","0.30000000000000004","3052.8"
"ORD20250516_565617","2025-05-16","4","11","5285.0","0.48","4650.8"
"ORD20250516_565854","2025-05-16","1","3","450.0","0.0","450.0"
"ORD20250516_565996","2025-05-16","1","7","2912.0","0.1","2620.8"
"ORD20250516_566007","2025-05-16","1","10","2220.0","0.1","1998.0"
"ORD20250516_565614","2025-05-16","2","12","4680.0","0.24","4118.4"
"ORD20250516_565862","2025-05-16","2","10","4084.0","0.0","4084.0"
"ORD20250516_566006","2025-05-16","2","14","5040.0","0.2","4536.0"
"ORD20250516_566035","2025-05-16","2","17","6460.0","0.2","5814.0"
"ORD20250516_565601","2025-05-16","2","4","1720.0","0.0","1720.0"
"ORD20250516_565876","2025-05-16","1","1","150.0","0.12","132.0"
"ORD20250516_566015","2025-05-16","1","10","3250.0","0.1","2925.0"
"ORD20250516_566036","2025-05-16","4","28","6484.0","0.4","5835.6"
"ORD20250516_565600","2025-05-16","4","18","7017.0","0.0","7017.0"
"ORD20250516_565888","2025-05-16","3","15","4134.0","0.0","4134.0"
"ORD20250516_566022","2025-05-16","1","10","3800.0","0.1","3420.0"
"ORD20250516_566043","2025-05-16","2","19","6670.0","0.2","6003.0"
"ORD20250516_565597","2025-05-16","3","11","4758.0","0.36","4187.04"
"ORD20250516_565890","2025-05-16","2","4","950.0","0.24","836.0"
"ORD20250516_566026","2025-05-16","3","23","6162.0","0.30000000000000004","5545.8"
"ORD20250516_566052","2025-05-16","1","2","240.0","0.1","216.0"
"ORD20250516_565593","2025-05-16","4","12","5230.0","0.48","4602.4"
"ORD20250516_565903","2025-05-16","3","15","3160.0","0.36","2780.8"
"ORD20250516_566055","2025-05-16","4","22","10202.0","0.4","9181.8"
"ORD20250516_566058","2025-05-16","3","13","4010.0","0.30000000000000004","3609.0"
"ORD20250516_565581","2025-05-16","3","12","4314.0","0.36","3796.32"
"ORD20250516_565905","2025-05-16","2","10","4650.0","0.24","4092.0"
"ORD20250516_566079","2025-05-16","2","11","3887.0","0.2","3498.3"
"ORD20250516_566062","2025-05-16","2","13","6846.0","0.2","6161.4"
"ORD20250516_565577","2025-05-16","2","8","3680.0","0.0","3680.0"
"ORD20250516_565911","2025-05-16","4","12","4704.0","0.0","4704.0"
"ORD20250516_565569","2025-05-16","4","14","4175.0","0.48","3674.0"
"ORD20250516_566083","2025-05-16","3","16","2440.0","0.30000000000000004","2196.0"
"ORD20250516_565558","2025-05-16","1","6","3600.0","0.0","3600.0"
"ORD20250516_565916","2025-05-16","2","11","3520.0","0.2","3168.0"
"ORD20250516_565555","2025-05-16","3","11","3223.0","0.36","2836.24"
"ORD20250516_566086","2025-05-16","1","7","2275.0","0.1","2047.5"
"ORD20250516_565542","2025-05-16","3","8","2798.0","0.0","2798.0"
"ORD20250516_565959","2025-05-16","3","27","7980.0","0.30000000000000004","7182.0"
"ORD20250516_565537","2025-05-16","4","21","6844.0","0.48","6022.72"
"ORD20250516_565965","2025-05-16","2","14","4410.0","0.2","3969.0"
"ORD20250516_565521","2025-05-16","2","9","5820.0","0.24","5121.6"
"ORD20250516_565971","2025-05-16","4","30","11020.0","0.4","9918.0"
"ORD20250516_565520","2025-05-16","3","11","5562.0","0.0","5562.0"
"ORD20250516_565973","2025-05-16","1","10","5850.0","0.1","5265.0"
"ORD20250516_565516","2025-05-16","1","6","1200.0","0.12","1056.0"
"ORD20250516_565984","2025-05-16","3","24","9925.0","0.30000000000000004","8932.5"
"ORD20250516_565514","2025-05-16","2","7","2963.0","0.24","2607.44"
"ORD20250516_565989","2025-05-16","3","18","8829.0","0.30000000000000004","7946.1"
"ORD20250516_565508","2025-05-16","4","21","5844.0","0.48","5142.72"
"ORD20250516_565999","2025-05-16","3","28","10934.0","0.30000000000000004","9840.6"
"ORD20250516_566000","2025-05-16","3","26","10306.0","0.30000000000000004","9275.4"
"ORD20250516_566002","2025-05-16","1","10","1500.0","0.1","1350.0"
"ORD20250516_566004","2025-05-16","4","36","8862.0","0.4","7975.8"
"ORD20250516_566009","2025-05-16","2","20","5200.0","0.2","4680.0"
"ORD20250516_566014","2025-05-16","2","17","4870.0","0.2","4383.0"
"ORD20250516_566016","2025-05-16","3","15","5704.0","0.30000000000000004","5133.6"
"ORD20250516_566023","2025-05-16","2","4","1560.0","0.2","1404.0"
"ORD20250516_566033","2025-05-16","4","22","7094.0","0.4","6384.6"
"ORD20250516_566034","2025-05-16","3","26","7402.0","0.30000000000000004","6661.8"
"ORD20250516_566039","2025-05-16","1","9","1080.0","0.1","972.0"
"ORD20250516_566040","2025-05-16","3","16","4174.0","0.30000000000000004","3756.6"
"ORD20250516_566047","2025-05-16","3","20","5024.0","0.30000000000000004","4521.6"
"ORD20250516_566049","2025-05-16","1","10","4550.0","0.1","4095.0"
"ORD20250516_566054","2025-05-16","3","8","3180.0","0.30000000000000004","2862.0"
"ORD20250516_566073","2025-05-16","3","21","7500.0","0.30000000000000004","6750.0"
"ORD20250516_566080","2025-05-16","2","6","1802.0","0.2","1621.8"
"ORD20250516_566081","2025-05-16","4","33","9240.0","0.4","8316.0"
"ORD20250516_566088","2025-05-16","2","14","5900.0","0.2","5310.0"
"ORD20250516_566092","2025-05-16","4","31","10999.0","0.4","9899.1"
"ORD20250515_565394","2025-05-15","1","5","2405.0","0.12","2116.4"
"ORD20250515_565499","2025-05-15","4","15","5914.0","0.48","5204.32"
"ORD20250515_565219","2025-05-15","1","1","780.0","0.2","624.0"
"ORD20250515_565504","2025-05-15","4","10","2457.0","0.0","2457.0"
"ORD20250515_565389","2025-05-15","2","5","3342.0","0.0","3342.0"
"ORD20250515_565492","2025-05-15","2","9","2400.0","0.2","2160.0"
"ORD20250515_565211","2025-05-15","2","4","1488.0","0.2","1339.2"
"ORD20250515_565503","2025-05-15","4","14","4524.0","0.8","3619.2"
"ORD20250515_565375","2025-05-15","2","4","880.0","0.0","880.0"
"ORD20250515_565490","2025-05-15","2","9","4080.0","0.0","4080.0"
"ORD20250515_565495","2025-05-15","4","12","3528.0","0.0","3528.0"
"ORD20250515_565485","2025-05-15","2","7","1568.0","0.4","1254.4"
"ORD20250515_565373","2025-05-15","4","11","4328.0","0.0","4328.0"
"ORD20250515_565467","2025-05-15","3","4","1665.0","0.0","1665.0"
"ORD20250515_565494","2025-05-15","1","4","1280.0","0.12","1126.4"
"ORD20250515_565483","2025-05-15","1","1","250.0","0.0","250.0"
"ORD20250515_565368","2025-05-15","2","4","920.0","0.0","920.0"
"ORD20250515_565466","2025-05-15","1","1","380.0","0.0","380.0"
"ORD20250515_565480","2025-05-15","4","15","5651.0","0.8","4520.8"
"ORD20250515_565473","2025-05-15","1","6","2964.0","0.0","2964.0"
"ORD20250515_565344","2025-05-15","2","5","1940.0","0.24","1707.2"
"ORD20250515_565465","2025-05-15","1","4","1520.0","0.0","1520.0"
"ORD20250515_565475","2025-05-15","2","3","622.0","0.2","559.8"
"ORD20250515_565458","2025-05-15","2","9","2640.0","0.2","2376.0"
"ORD20250515_565322","2025-05-15","3","7","2614.0","0.0","2614.0"
"ORD20250515_565462","2025-05-15","1","6","1332.0","0.0","1332.0"
"ORD20250515_565464","2025-05-15","4","15","4848.0","0.48","4266.24"
"ORD20250515_565450","2025-05-15","2","2","1365.0","0.0","1365.0"
"ORD20250515_565321","2025-05-15","4","9","2690.0","0.0","2690.0"
"ORD20250515_565460","2025-05-15","1","4","1976.0","0.0","1976.0"
"ORD20250515_565457","2025-05-15","3","8","3489.0","0.0","3489.0"
"ORD20250515_565447","2025-05-15","4","15","5514.0","0.4","4962.6"
"ORD20250515_565319","2025-05-15","4","15","7580.0","0.0","7580.0"
"ORD20250515_565445","2025-05-15","2","4","1644.0","0.0","1644.0"
"ORD20250515_565455","2025-05-15","4","12","2526.0","0.0","2526.0"
"ORD20250515_565442","2025-05-15","1","6","1500.0","0.0","1500.0"
"ORD20250515_565306","2025-05-15","2","6","4150.0","0.24","3652.0"
"ORD20250515_565427","2025-05-15","4","10","3380.0","0.0","3380.0"
"ORD20250515_565454","2025-05-15","2","5","1400.0","0.0","1400.0"
"ORD20250515_565440","2025-05-15","1","3","960.0","0.2","768.0"
"ORD20250515_565304","2025-05-15","3","11","4780.0","0.30000000000000004","4302.0"
"ORD20250515_565420","2025-05-15","3","7","2014.0","0.36","1772.32"
"ORD20250515_565446","2025-05-15","2","10","4888.0","0.0","4888.0"
"ORD20250515_565431","2025-05-15","2","10","4810.0","0.0","4810.0"
"ORD20250515_565282","2025-05-15","1","2","500.0","0.0","500.0"
"ORD20250515_565416","2025-05-15","2","6","2262.0","0.4","1809.6"
"ORD20250515_565436","2025-05-15","4","18","4767.0","0.48","4194.96"
"ORD20250515_565425","2025-05-15","2","8","2960.0","0.2","2664.0"
"ORD20250515_565279","2025-05-15","2","9","3360.0","0.0","3360.0"
"ORD20250515_565400","2025-05-15","2","10","2225.0","0.0","2225.0"
"ORD20250515_565435","2025-05-15","3","12","6270.0","0.6000000000000001","5016.0"
"ORD20250515_565422","2025-05-15","3","14","4070.0","0.36","3581.6"
"ORD20250515_565501","2025-05-15","4","12","4836.0","0.0","4836.0"
"ORD20250515_565397","2025-05-15","3","11","5225.0","0.30000000000000004","4702.5"
"ORD20250515_565434","2025-05-15","3","8","3174.0","0.30000000000000004","2856.6"
"ORD20250515_565415","2025-05-15","1","3","1110.0","0.0","1110.0"
"ORD20250515_565486","2025-05-15","4","14","5264.0","0.48","4632.32"
"ORD20250515_565393","2025-05-15","4","8","2028.0","0.4","1825.2"
"ORD20250515_565428","2025-05-15","4","18","9310.0","0.0","9310.0"
"ORD20250515_565414","2025-05-15","4","13","2900.0","0.0","2900.0"
"ORD20250515_565474","2025-05-15","1","6","1368.0","0.0","1368.0"
"ORD20250515_565392","2025-05-15","3","14","4670.0","0.0","4670.0"
"ORD20250515_565418","2025-05-15","4","12","6780.0","0.48","5966.4"
"ORD20250515_565413","2025-05-15","3","7","2445.0","0.0","2445.0"
"ORD20250515_565472","2025-05-15","2","6","2310.0","0.2","2079.0"
"ORD20250515_565387","2025-05-15","2","5","1708.0","0.2","1537.2"
"ORD20250515_565396","2025-05-15","4","13","3620.0","0.4","3258.0"
"ORD20250515_565412","2025-05-15","1","1","360.0","0.2","288.0"
"ORD20250515_565463","2025-05-15","4","12","3530.0","0.0","3530.0"
"ORD20250515_565379","2025-05-15","4","7","2382.0","0.0","2382.0"
"ORD20250515_565384","2025-05-15","1","1","250.0","0.0","250.0"
"ORD20250515_565411","2025-05-15","4","14","5180.0","0.4","4662.0"
"ORD20250515_565448","2025-05-15","4","13","4088.0","0.0","4088.0"
"ORD20250515_565358","2025-05-15","4","14","4550.0","0.4","4095.0"
"ORD20250515_565381","2025-05-15","2","5","1948.0","0.0","1948.0"
"ORD20250515_565407","2025-05-15","2","4","1472.0","0.0","1472.0"
"ORD20250515_565438","2025-05-15","2","9","3564.0","0.2","3207.6"
"ORD20250515_565353","2025-05-15","4","13","4574.0","0.0","4574.0"
"ORD20250515_565372","2025-05-15","3","9","3280.0","0.0","3280.0"
"ORD20250515_565406","2025-05-15","3","11","3170.0","0.30000000000000004","2853.0"
"ORD20250515_565429","2025-05-15","3","13","3350.0","0.30000000000000004","3015.0"
"ORD20250515_565350","2025-05-15","2","8","2264.0","0.24","1992.32"
"ORD20250515_565349","2025-05-15","3","11","4896.0","0.0","4896.0"
"ORD20250515_565390","2025-05-15","2","5","1610.0","0.0","1610.0"
"ORD20250515_565423","2025-05-15","4","10","3295.0","0.4","2965.5"
"ORD20250515_565343","2025-05-15","4","13","5586.0","0.0","5586.0"
"ORD20250515_565347","2025-05-15","2","5","1768.0","0.24","1555.84"
"ORD20250515_565386","2025-05-15","2","2","442.0","0.24","388.96"
"ORD20250515_565402","2025-05-15","1","1","780.0","0.0","780.0"
"ORD20250515_565341","2025-05-15","4","12","4911.0","0.0","4911.0"
"ORD20250515_565335","2025-05-15","1","3","960.0","0.0","960.0"
"ORD20250515_565371","2025-05-15","3","8","3000.0","0.36","2640.0"
"ORD20250515_565213","2025-05-15","1","5","1110.0","0.0","1110.0"
"ORD20250515_565339","2025-05-15","1","4","1000.0","0.1","900.0"
"ORD20250515_565334","2025-05-15","2","7","2098.0","0.24","1846.24"
"ORD20250515_565369","2025-05-15","3","7","2780.0","0.36","2446.4"
"ORD20250515_565217","2025-05-15","4","9","2716.0","0.0","2716.0"
"ORD20250515_565338","2025-05-15","3","8","3149.0","0.0","3149.0"
"ORD20250515_565331","2025-05-15","2","7","2360.0","0.0","2360.0"
"ORD20250515_565365","2025-05-15","3","11","2790.0","0.36","2455.2"
"ORD20250515_565221","2025-05-15","4","9","2370.0","0.0","2370.0"
"ORD20250515_565332","2025-05-15","1","2","740.0","0.1","666.0"
"ORD20250515_565326","2025-05-15","1","3","1110.0","0.0","1110.0"
"ORD20250515_565333","2025-05-15","2","9","4300.0","0.0","4300.0"
"ORD20250515_565223","2025-05-15","1","1","200.0","0.0","200.0"
"ORD20250515_565318","2025-05-15","3","10","3194.0","0.36","2810.72"
"ORD20250515_565310","2025-05-15","2","7","2390.0","0.2","2151.0"
"ORD20250515_565324","2025-05-15","1","2","740.0","0.0","740.0"
"ORD20250515_565227","2025-05-15","3","8","2470.0","0.0","2470.0"
"ORD20250515_565303","2025-05-15","2","3","776.0","0.24","682.88"
"ORD20250515_565308","2025-05-15","4","6","2572.0","0.0","2572.0"
"ORD20250515_565312","2025-05-15","1","4","1480.0","0.0","1480.0"
"ORD20250515_565229","2025-05-15","4","11","4800.0","0.0","4800.0"
"ORD20250515_565297","2025-05-15","1","4","3120.0","0.0","3120.0"
"ORD20250515_565293","2025-05-15","4","13","4382.0","0.0","4382.0"
"ORD20250515_565309","2025-05-15","3","5","1106.0","0.0","1106.0"
"ORD20250515_565232","2025-05-15","4","8","2374.0","0.8","1899.2"
"ORD20250515_565294","2025-05-15","3","10","4295.0","0.30000000000000004","3865.5"
"ORD20250515_565290","2025-05-15","2","9","2052.0","0.2","1846.8"
"ORD20250515_565307","2025-05-15","4","15","6848.0","0.0","6848.0"
"ORD20250515_565255","2025-05-15","4","18","4860.0","0.0","4860.0"
"ORD20250515_565291","2025-05-15","3","14","4450.0","0.0","4450.0"
"ORD20250515_565284","2025-05-15","2","7","2243.0","0.0","2243.0"
"ORD20250515_565300","2025-05-15","3","8","2110.0","0.0","2110.0"
"ORD20250515_565262","2025-05-15","2","9","2900.0","0.4","2320.0"
"ORD20250515_565289","2025-05-15","2","6","2432.0","0.0","2432.0"
"ORD20250515_565276","2025-05-15","3","7","1442.0","0.0","1442.0"
"ORD20250515_565299","2025-05-15","1","2","1560.0","0.0","1560.0"
"ORD20250515_565263","2025-05-15","2","7","1760.0","0.0","1760.0"
"ORD20250515_565288","2025-05-15","1","4","2080.0","0.0","2080.0"
"ORD20250515_565275","2025-05-15","1","5","1625.0","0.0","1625.0"
"ORD20250515_565287","2025-05-15","1","4","1040.0","0.12","915.2"
"ORD20250515_565264","2025-05-15","4","14","5010.0","0.4","4509.0"
"ORD20250515_565283","2025-05-15","4","14","5136.0","0.0","5136.0"
"ORD20250515_565270","2025-05-15","4","10","4552.0","0.48","4005.76"
"ORD20250515_565271","2025-05-15","4","8","2838.0","0.0","2838.0"
"ORD20250515_565399","2025-05-15","1","3","810.0","0.2","648.0"
"ORD20250515_565281","2025-05-15","1","3","1443.0","0.12","1269.84"
"ORD20250515_565258","2025-05-15","1","2","740.0","0.0","740.0"
"ORD20250515_565268","2025-05-15","2","3","750.0","0.0","750.0"
"ORD20250515_565471","2025-05-15","2","4","792.0","0.0","792.0"
"ORD20250515_565280","2025-05-15","1","3","1365.0","0.0","1365.0"
"ORD20250515_565256","2025-05-15","1","1","380.0","0.0","380.0"
"ORD20250515_565259","2025-05-15","3","10","5595.0","0.6000000000000001","4476.0"
"ORD20250515_565469","2025-05-15","2","10","2920.0","0.0","2920.0"
"ORD20250515_565274","2025-05-15","2","5","1712.0","0.24","1506.56"
"ORD20250515_565247","2025-05-15","3","7","2524.0","0.0","2524.0"
"ORD20250515_565243","2025-05-15","1","5","2925.0","0.0","2925.0"
"ORD20250515_565461","2025-05-15","4","9","2756.0","0.0","2756.0"
"ORD20250515_565251","2025-05-15","1","1","210.0","0.1","189.0"
"ORD20250515_565244","2025-05-15","1","2","400.0","0.0","400.0"
"ORD20250515_565235","2025-05-15","4","14","3288.0","0.0","3288.0"
"ORD20250515_565452","2025-05-15","3","15","5556.0","0.0","5556.0"
"ORD20250515_565245","2025-05-15","3","7","2710.0","0.0","2710.0"
"ORD20250515_565228","2025-05-15","2","7","2410.0","0.0","2410.0"
"ORD20250515_565233","2025-05-15","4","10","4376.0","0.0","4376.0"
"ORD20250515_565451","2025-05-15","2","8","3614.0","0.0","3614.0"
"ORD20250515_565242","2025-05-15","1","3","750.0","0.0","750.0"
"ORD20250515_565225","2025-05-15","3","7","2160.0","0.36","1900.8"
"ORD20250515_565224","2025-05-15","4","16","6801.0","0.0","6801.0"
"ORD20250515_565449","2025-05-15","2","7","1800.0","0.2","1620.0"
"ORD20250515_565241","2025-05-15","4","11","3790.0","0.0","3790.0"
"ORD20250515_565220","2025-05-15","3","12","4650.0","0.0","4650.0"
"ORD20250515_565209","2025-05-15","4","6","2190.0","0.0","2190.0"
"ORD20250515_565433","2025-05-15","3","14","3380.0","0.0","3380.0"
"ORD20250515_565236","2025-05-15","3","7","1990.0","0.6000000000000001","1592.0"
"ORD20250515_565498","2025-05-15","4","14","3825.0","0.0","3825.0"
"ORD20250515_565484","2025-05-15","3","6","1500.0","0.0","1500.0"
"ORD20250515_565424","2025-05-15","2","5","2170.0","0.2","1953.0"
"ORD20250515_565404","2025-05-15","4","12","3070.0","0.0","3070.0"
"ORD20250515_565489","2025-05-15","4","11","4502.0","0.0","4502.0"
"ORD20250515_565482","2025-05-15","4","14","4014.0","0.0","4014.0"
"ORD20250515_565421","2025-05-15","3","4","1450.0","0.0","1450.0"
"ORD20250515_565401","2025-05-15","1","3","1110.0","0.0","1110.0"
"ORD20250515_565479","2025-05-15","2","7","2400.0","0.4","1920.0"
"ORD20250515_565477","2025-05-15","2","7","2400.0","0.2","2160.0"
"ORD20250515_565408","2025-05-15","1","5","1900.0","0.1","1710.0"
"ORD20250515_565395","2025-05-15","4","14","3480.0","0.0","3480.0"
"ORD20250515_565478","2025-05-15","4","19","5575.0","0.0","5575.0"
"ORD20250515_565468","2025-05-15","4","18","4712.0","0.48","4146.56"
"ORD20250515_565405","2025-05-15","2","3","900.0","0.2","810.0"
"ORD20250515_565380","2025-05-15","3","10","3644.0","0.0","3644.0"
"ORD20250515_565459","2025-05-15","2","12","4884.0","0.0","4884.0"
"ORD20250515_565453","2025-05-15","1","3","684.0","0.0","684.0"
"ORD20250515_565382","2025-05-15","3","5","1630.0","0.36","1434.4"
"ORD20250515_565378","2025-05-15","4","12","4208.0","0.4","3787.2"
"ORD20250515_565456","2025-05-15","4","11","3998.0","0.0","3998.0"
"ORD20250515_565444","2025-05-15","1","1","250.0","0.0","250.0"
"ORD20250515_565357","2025-05-15","2","5","816.0","0.4","652.8"
"ORD20250515_565374","2025-05-15","1","1","780.0","0.0","780.0"
"ORD20250515_565439","2025-05-15","4","16","6104.0","0.48","5371.52"
"ORD20250515_565443","2025-05-15","1","6","2496.0","0.0","2496.0"
"ORD20250515_565351","2025-05-15","2","6","1864.0","0.0","1864.0"
"ORD20250515_565370","2025-05-15","4","15","4740.0","0.0","4740.0"
"ORD20250515_565437","2025-05-15","2","4","990.0","0.0","990.0"
"ORD20250515_565441","2025-05-15","4","14","3360.0","0.4","3024.0"
"ORD20250515_565348","2025-05-15","2","5","2146.0","0.0","2146.0"
"ORD20250515_565366","2025-05-15","2","8","2200.0","0.0","2200.0"
"ORD20250515_565432","2025-05-15","4","13","3270.0","0.0","3270.0"
"ORD20250515_565426","2025-05-15","3","11","4303.0","0.0","4303.0"
"ORD20250515_565346","2025-05-15","4","19","6386.0","0.0","6386.0"
"ORD20250515_565362","2025-05-15","2","4","970.0","0.0","970.0"
"ORD20250515_565417","2025-05-15","2","4","1742.0","0.2","1567.8"
"ORD20250515_565419","2025-05-15","4","16","5042.0","0.0","5042.0"
"ORD20250515_565337","2025-05-15","1","1","520.0","0.0","520.0"
"ORD20250515_565361","2025-05-15","1","3","1443.0","0.0","1443.0"
"ORD20250515_565409","2025-05-15","2","6","1950.0","0.2","1755.0"
"ORD20250515_565410","2025-05-15","4","13","3810.0","0.0","3810.0"
"ORD20250515_565323","2025-05-15","1","2","650.0","0.12","572.0"
"ORD20250515_565360","2025-05-15","3","16","5312.0","0.6000000000000001","4249.6"
"ORD20250515_565403","2025-05-15","2","7","2550.0","0.0","2550.0"
"ORD20250515_565398","2025-05-15","1","4","1520.0","0.0","1520.0"
"ORD20250515_565315","2025-05-15","2","5","2080.0","0.0","2080.0"
"ORD20250515_565359","2025-05-15","3","7","2076.0","0.0","2076.0"
"ORD20250515_565388","2025-05-15","2","8","3724.0","0.24","3277.12"
"ORD20250515_565391","2025-05-15","3","12","3850.0","0.36","3388.0"
"ORD20250515_565302","2025-05-15","4","10","2335.0","0.0","2335.0"
"ORD20250515_565354","2025-05-15","1","1","120.0","0.1","108.0"
"ORD20250515_565385","2025-05-15","3","9","2340.0","0.0","2340.0"
"ORD20250515_565376","2025-05-15","3","10","3710.0","0.30000000000000004","3339.0"
"ORD20250515_565298","2025-05-15","2","6","2535.0","0.0","2535.0"
"ORD20250515_565342","2025-05-15","2","7","2414.0","0.24","2124.32"
"ORD20250515_565383","2025-05-15","2","7","3666.0","0.0","3666.0"
"ORD20250515_565367","2025-05-15","4","12","3308.0","0.0","3308.0"
"ORD20250515_565286","2025-05-15","3","8","2130.0","0.30000000000000004","1917.0"
"ORD20250515_565336","2025-05-15","3","11","3645.0","0.0","3645.0"
"ORD20250515_565377","2025-05-15","1","6","1560.0","0.0","1560.0"
"ORD20250515_565364","2025-05-15","3","4","860.0","0.0","860.0"
"ORD20250515_565277","2025-05-15","2","7","2056.0","0.24","1809.28"
"ORD20250515_565330","2025-05-15","2","7","2660.0","0.24","2340.8"
"ORD20250515_565363","2025-05-15","1","4","888.0","0.0","888.0"
"ORD20250515_565356","2025-05-15","3","5","1256.0","0.0","1256.0"
"ORD20250515_565269","2025-05-15","4","17","5460.0","0.4","4914.0"
"ORD20250515_565325","2025-05-15","3","4","1640.0","0.30000000000000004","1476.0"
"ORD20250515_565352","2025-05-15","4","14","4960.0","0.0","4960.0"
"ORD20250515_565355","2025-05-15","1","2","384.0","0.0","384.0"
"ORD20250515_565252","2025-05-15","2","5","2496.0","0.24","2196.48"
"ORD20250515_565316","2025-05-15","1","5","3000.0","0.2","2400.0"
"ORD20250515_565345","2025-05-15","1","2","650.0","0.1","585.0"
"ORD20250515_565340","2025-05-15","3","10","5048.0","0.0","5048.0"
"ORD20250515_565234","2025-05-15","2","5","2060.0","0.0","2060.0"
"ORD20250515_565295","2025-05-15","4","13","5860.0","0.8","4688.0"
"ORD20250515_565320","2025-05-15","3","12","7200.0","0.36","6336.0"
"ORD20250515_565329","2025-05-15","1","1","416.0","0.1","374.4"
"ORD20250515_565226","2025-05-15","2","2","685.0","0.2","616.5"
"ORD20250515_565292","2025-05-15","3","4","1242.0","0.0","1242.0"
"ORD20250515_565317","2025-05-15","1","1","120.0","0.0","120.0"
"ORD20250515_565500","2025-05-15","3","11","5525.0","0.0","5525.0"
"ORD20250515_565481","2025-05-15","3","16","7080.0","0.0","7080.0"
"ORD20250515_565285","2025-05-15","1","1","481.0","0.2","384.8"
"ORD20250515_565314","2025-05-15","3","11","4280.0","0.0","4280.0"
"ORD20250515_565493","2025-05-15","3","10","1975.0","0.30000000000000004","1777.5"
"ORD20250515_565488","2025-05-15","2","2","744.0","0.0","744.0"
"ORD20250515_565278","2025-05-15","2","5","1110.0","0.2","999.0"
"ORD20250515_565301","2025-05-15","4","12","5126.0","0.48","4510.88"
"ORD20250515_565491","2025-05-15","1","4","1664.0","0.0","1664.0"
"ORD20250515_565496","2025-05-15","4","14","7020.0","0.8","5616.0"
"ORD20250515_565257","2025-05-15","4","14","5750.0","0.0","5750.0"
"ORD20250515_565272","2025-05-15","4","5","1756.0","0.0","1756.0"
"ORD20250515_565208","2025-05-15","2","8","5265.0","0.0","5265.0"
"ORD20250515_565497","2025-05-15","1","2","760.0","0.1","684.0"
"ORD20250515_565249","2025-05-15","3","12","3615.0","0.0","3615.0"
"ORD20250515_565267","2025-05-15","1","2","456.0","0.0","456.0"
"ORD20250515_565210","2025-05-15","1","3","750.0","0.0","750.0"
"ORD20250515_565222","2025-05-15","4","15","4575.0","0.0","4575.0"
"ORD20250515_565240","2025-05-15","1","5","2080.0","0.1","1872.0"
"ORD20250515_565266","2025-05-15","2","6","984.0","0.0","984.0"
"ORD20250515_565214","2025-05-15","2","8","3523.0","0.24","3100.24"
"ORD20250515_565215","2025-05-15","3","11","4890.0","0.0","4890.0"
"ORD20250515_565239","2025-05-15","3","10","4280.0","0.36","3766.4"
"ORD20250515_565265","2025-05-15","3","13","4160.0","0.36","3660.8"
"ORD20250515_565230","2025-05-15","1","2","1170.0","0.1","1053.0"
"ORD20250515_565212","2025-05-15","1","2","1560.0","0.12","1372.8"
"ORD20250515_565238","2025-05-15","2","5","3390.0","0.0","3390.0"
"ORD20250515_565261","2025-05-15","2","2","731.0","0.0","731.0"
"ORD20250515_565328","2025-05-15","3","12","3845.0","0.0","3845.0"
"ORD20250515_565207","2025-05-15","2","7","3190.0","0.0","3190.0"
"ORD20250515_565237","2025-05-15","1","5","1250.0","0.2","1000.0"
"ORD20250515_565260","2025-05-15","3","6","2363.0","0.0","2363.0"
"ORD20250515_565327","2025-05-15","4","11","3663.0","0.4","3296.7"
"ORD20250515_565254","2025-05-15","2","2","1180.0","0.4","944.0"
"ORD20250515_565231","2025-05-15","3","13","5510.0","0.36","4848.8"
"ORD20250515_565253","2025-05-15","3","12","3825.0","0.30000000000000004","3442.5"
"ORD20250515_565313","2025-05-15","2","6","1610.0","0.24","1416.8"
"ORD20250515_565250","2025-05-15","3","13","4420.0","0.0","4420.0"
"ORD20250515_565218","2025-05-15","2","5","1588.0","0.24","1397.44"
"ORD20250515_565248","2025-05-15","2","7","1338.0","0.2","1204.2"
"ORD20250515_565311","2025-05-15","1","5","2470.0","0.1","2223.0"
"ORD20250515_565246","2025-05-15","1","3","750.0","0.0","750.0"
"ORD20250515_565216","2025-05-15","1","3","1248.0","0.0","1248.0"
"ORD20250515_565305","2025-05-15","2","5","1554.0","0.24","1367.52"
"ORD20250515_565502","2025-05-15","1","4","1976.0","0.0","1976.0"
"ORD20250515_565296","2025-05-15","1","4","888.0","0.0","888.0"
"ORD20250515_565476","2025-05-15","2","3","650.0","0.0","650.0"
"ORD20250515_565273","2025-05-15","3","7","2230.0","0.36","1962.4"
"ORD20250515_565470","2025-05-15","2","3","990.0","0.24","871.2"
"ORD20250515_565487","2025-05-15","3","13","3330.0","0.0","3330.0"
"ORD20250515_565430","2025-05-15","2","4","1638.0","0.0","1638.0"
"ORD20250514_565193","2025-05-14","4","11","3000.0","0.0","3000.0"
"ORD20250514_565174","2025-05-14","3","14","4800.0","0.0","4800.0"
"ORD20250514_565202","2025-05-14","3","8","2290.0","0.6000000000000001","1832.0"
"ORD20250514_564975","2025-05-14","1","5","1800.0","0.0","1800.0"
"ORD20250514_565189","2025-05-14","4","11","4796.0","0.0","4796.0"
"ORD20250514_565163","2025-05-14","4","14","5695.0","0.4","5125.5"
"ORD20250514_565201","2025-05-14","2","9","3648.0","0.2","3283.2"
"ORD20250514_564959","2025-05-14","3","11","4900.0","0.0","4900.0"
"ORD20250514_565184","2025-05-14","4","11","4964.0","0.48","4368.32"
"ORD20250514_565148","2025-05-14","2","6","2100.0","0.0","2100.0"
"ORD20250514_565197","2025-05-14","1","6","2886.0","0.0","2886.0"
"ORD20250514_564953","2025-05-14","2","8","2464.0","0.2","2217.6"
"ORD20250514_565178","2025-05-14","3","9","4236.0","0.0","4236.0"
"ORD20250514_565140","2025-05-14","4","10","2640.0","0.0","2640.0"
"ORD20250514_565190","2025-05-14","3","8","2140.0","0.0","2140.0"
"ORD20250514_564942","2025-05-14","4","17","6530.0","0.8","5224.0"
"ORD20250514_565176","2025-05-14","3","13","3498.0","0.30000000000000004","3148.2"
"ORD20250514_565131","2025-05-14","2","8","2560.0","0.0","2560.0"
"ORD20250514_565183","2025-05-14","3","12","4968.0","0.0","4968.0"
"ORD20250514_565205","2025-05-14","1","6","1500.0","0.0","1500.0"
"ORD20250514_565172","2025-05-14","2","10","3280.0","0.2","2952.0"
"ORD20250514_565130","2025-05-14","3","7","2948.0","0.36","2594.24"
"ORD20250514_565170","2025-05-14","2","12","4170.0","0.0","4170.0"
"ORD20250514_565199","2025-05-14","1","4","1924.0","0.0","1924.0"
"ORD20250514_565155","2025-05-14","1","6","1950.0","0.0","1950.0"
"ORD20250514_565127","2025-05-14","4","17","7576.0","0.0","7576.0"
"ORD20250514_565165","2025-05-14","2","5","1720.0","0.4","1376.0"
"ORD20250514_565196","2025-05-14","4","10","3448.0","0.0","3448.0"
"ORD20250514_565133","2025-05-14","3","6","1567.0","0.36","1378.96"
"ORD20250514_565095","2025-05-14","2","3","1365.0","0.24","1201.2"
"ORD20250514_565160","2025-05-14","1","6","1920.0","0.0","1920.0"
"ORD20250514_565191","2025-05-14","2","5","1194.0","0.0","1194.0"
"ORD20250514_565125","2025-05-14","2","12","4680.0","0.0","4680.0"
"ORD20250514_565087","2025-05-14","4","14","6870.0","0.0","6870.0"
"ORD20250514_565156","2025-05-14","3","11","3545.0","0.0","3545.0"
"ORD20250514_565162","2025-05-14","4","17","5632.0","0.48","4956.16"
"ORD20250514_565116","2025-05-14","2","3","1056.0","0.2","950.4"
"ORD20250514_565084","2025-05-14","1","3","750.0","0.0","750.0"
"ORD20250514_565153","2025-05-14","1","2","988.0","0.0","988.0"
"ORD20250514_565161","2025-05-14","4","12","5597.0","0.0","5597.0"
"ORD20250514_565098","2025-05-14","4","12","4740.0","0.8","3792.0"
"ORD20250514_565082","2025-05-14","1","3","1560.0","0.2","1248.0"
"ORD20250514_565150","2025-05-14","4","9","2881.0","0.8","2304.8"
"ORD20250514_565143","2025-05-14","2","10","3776.0","0.4","3020.8"
"ORD20250514_565085","2025-05-14","4","13","3888.0","0.0","3888.0"
"ORD20250514_565074","2025-05-14","4","9","3748.0","0.4","3373.2"
"ORD20250514_565147","2025-05-14","2","6","2340.0","0.2","2106.0"
"ORD20250514_565119","2025-05-14","4","14","4100.0","0.0","4100.0"
"ORD20250514_565075","2025-05-14","1","2","1170.0","0.2","936.0"
"ORD20250514_565070","2025-05-14","3","6","1740.0","0.36","1531.2"
"ORD20250514_565134","2025-05-14","1","1","370.0","0.12","325.6"
"ORD20250514_565118","2025-05-14","2","12","4620.0","0.0","4620.0"
"ORD20250514_565068","2025-05-14","2","5","1650.0","0.4","1320.0"
"ORD20250514_565062","2025-05-14","2","8","1700.0","0.24","1496.0"
"ORD20250514_565126","2025-05-14","2","9","3393.0","0.24","2985.84"
"ORD20250514_565117","2025-05-14","1","1","200.0","0.1","180.0"
"ORD20250514_565066","2025-05-14","4","16","5280.0","0.48","4646.4"
"ORD20250514_565059","2025-05-14","2","4","1310.0","0.0","1310.0"
"ORD20250514_565122","2025-05-14","1","4","800.0","0.0","800.0"
"ORD20250514_565115","2025-05-14","2","7","3920.0","0.0","3920.0"
"ORD20250514_565048","2025-05-14","4","14","5012.0","0.48","4410.56"
"ORD20250514_565043","2025-05-14","3","12","3552.0","0.0","3552.0"
"ORD20250514_565121","2025-05-14","3","9","3876.0","0.36","3410.88"
"ORD20250514_565110","2025-05-14","3","6","1588.0","0.0","1588.0"
"ORD20250514_565046","2025-05-14","2","12","6486.0","0.0","6486.0"
"ORD20250514_565041","2025-05-14","3","15","3846.0","0.0","3846.0"
"ORD20250514_565113","2025-05-14","3","7","1600.0","0.0","1600.0"
"ORD20250514_565109","2025-05-14","1","3","666.0","0.0","666.0"
"ORD20250514_565045","2025-05-14","4","10","2795.0","0.0","2795.0"
"ORD20250514_565032","2025-05-14","4","11","3796.0","0.0","3796.0"
"ORD20250514_565103","2025-05-14","3","10","3150.0","0.0","3150.0"
"ORD20250514_565105","2025-05-14","1","4","1000.0","0.0","1000.0"
"ORD20250514_565042","2025-05-14","2","5","1880.0","0.4","1504.0"
"ORD20250514_565026","2025-05-14","1","2","456.0","0.1","410.4"
"ORD20250514_565099","2025-05-14","1","4","1440.0","0.0","1440.0"
"ORD20250514_565104","2025-05-14","4","13","4495.0","0.0","4495.0"
"ORD20250514_565038","2025-05-14","2","4","978.0","0.0","978.0"
"ORD20250514_565024","2025-05-14","3","9","2842.0","0.0","2842.0"
"ORD20250514_564921","2025-05-14","1","1","210.0","0.0","210.0"
"ORD20250514_565102","2025-05-14","2","6","1130.0","0.0","1130.0"
"ORD20250514_565031","2025-05-14","2","6","1272.0","0.0","1272.0"
"ORD20250514_565022","2025-05-14","1","1","370.0","0.2","296.0"
"ORD20250514_564922","2025-05-14","3","5","1404.0","0.36","1235.52"
"ORD20250514_565094","2025-05-14","1","5","1600.0","0.0","1600.0"
"ORD20250514_565021","2025-05-14","3","9","2370.0","0.30000000000000004","2133.0"
"ORD20250514_565007","2025-05-14","2","9","3876.0","0.0","3876.0"
"ORD20250514_564928","2025-05-14","1","5","2600.0","0.0","2600.0"
"ORD20250514_565089","2025-05-14","2","8","2740.0","0.0","2740.0"
"ORD20250514_565015","2025-05-14","1","1","360.0","0.12","316.8"
"ORD20250514_565000","2025-05-14","2","9","3340.0","0.24","2939.2"
"ORD20250514_564929","2025-05-14","4","13","3706.0","0.48","3261.28"
"ORD20250514_565088","2025-05-14","2","3","840.0","0.0","840.0"
"ORD20250514_565008","2025-05-14","1","2","420.0","0.12","369.6"
"ORD20250514_564993","2025-05-14","2","5","1223.0","0.24","1076.24"
"ORD20250514_564930","2025-05-14","3","12","2714.0","0.0","2714.0"
"ORD20250514_565080","2025-05-14","1","1","320.0","0.1","288.0"
"ORD20250514_565002","2025-05-14","2","4","2760.0","0.0","2760.0"
"ORD20250514_564943","2025-05-14","4","11","3964.0","0.48","3488.32"
"ORD20250514_564933","2025-05-14","3","7","2240.0","0.0","2240.0"
"ORD20250514_565076","2025-05-14","2","8","3626.0","0.0","3626.0"
"ORD20250514_564996","2025-05-14","2","5","2560.0","0.24","2252.8"
"ORD20250514_564927","2025-05-14","1","1","200.0","0.0","200.0"
"ORD20250514_564945","2025-05-14","2","5","1416.0","0.4","1132.8"
"ORD20250514_565073","2025-05-14","3","8","1576.0","0.0","1576.0"
"ORD20250514_564958","2025-05-14","4","15","6096.0","0.0","6096.0"
"ORD20250514_564916","2025-05-14","2","4","1823.0","0.24","1604.24"
"ORD20250514_564954","2025-05-14","2","8","2360.0","0.4","1888.0"
"ORD20250514_565072","2025-05-14","2","6","2020.0","0.0","2020.0"
"ORD20250514_564956","2025-05-14","2","6","2232.0","0.24","1964.16"
"ORD20250514_565204","2025-05-14","1","4","768.0","0.0","768.0"
"ORD20250514_564955","2025-05-14","4","17","5443.0","0.0","5443.0"
"ORD20250514_565071","2025-05-14","2","4","2043.0","0.0","2043.0"
"ORD20250514_564950","2025-05-14","1","3","1050.0","0.0","1050.0"
"ORD20250514_565203","2025-05-14","1","1","370.0","0.0","370.0"
"ORD20250514_564966","2025-05-14","2","5","1936.0","0.2","1742.4"
"ORD20250514_565065","2025-05-14","3","6","3492.0","0.36","3072.96"
"ORD20250514_564948","2025-05-14","3","3","1375.0","0.0","1375.0"
"ORD20250514_565194","2025-05-14","1","1","150.0","0.0","150.0"
"ORD20250514_564969","2025-05-14","2","4","1560.0","0.0","1560.0"
"ORD20250514_565056","2025-05-14","3","9","3724.0","0.0","3724.0"
"ORD20250514_564946","2025-05-14","1","4","3120.0","0.2","2496.0"
"ORD20250514_565192","2025-05-14","3","8","2500.0","0.36","2200.0"
"ORD20250514_564970","2025-05-14","3","8","2460.0","0.6000000000000001","1968.0"
"ORD20250514_565054","2025-05-14","4","17","7781.0","0.0","7781.0"
"ORD20250514_564941","2025-05-14","4","11","4221.0","0.8","3376.8"
"ORD20250514_565187","2025-05-14","3","13","5920.0","0.0","5920.0"
"ORD20250514_564971","2025-05-14","1","4","1976.0","0.0","1976.0"
"ORD20250514_565050","2025-05-14","4","12","4336.0","0.8","3468.8"
"ORD20250514_564920","2025-05-14","4","9","3514.0","0.48","3092.32"
"ORD20250514_565206","2025-05-14","2","8","1452.0","0.0","1452.0"
"ORD20250514_564973","2025-05-14","4","13","6657.0","0.48","5858.16"
"ORD20250514_565039","2025-05-14","1","1","416.0","0.1","374.4"
"ORD20250514_564917","2025-05-14","1","2","640.0","0.0","640.0"
"ORD20250514_565195","2025-05-14","4","10","2630.0","0.0","2630.0"
"ORD20250514_564976","2025-05-14","1","3","360.0","0.2","288.0"
"ORD20250514_564998","2025-05-14","4","11","3610.0","0.0","3610.0"
"ORD20250514_565200","2025-05-14","3","9","2755.0","0.0","2755.0"
"ORD20250514_565186","2025-05-14","3","8","3564.0","0.0","3564.0"
"ORD20250514_564981","2025-05-14","3","8","4469.0","0.6000000000000001","3575.2"
"ORD20250514_564994","2025-05-14","3","9","3543.0","0.30000000000000004","3188.7"
"ORD20250514_564940","2025-05-14","2","8","2140.0","0.2","1926.0"
"ORD20250514_565180","2025-05-14","3","9","2732.0","0.6000000000000001","2185.6"
"ORD20250514_564997","2025-05-14","3","5","3320.0","0.30000000000000004","2988.0"
"ORD20250514_564992","2025-05-14","1","5","1000.0","0.1","900.0"
"ORD20250514_564944","2025-05-14","2","7","2240.0","0.24","1971.2"
"ORD20250514_565166","2025-05-14","3","13","4777.0","0.6000000000000001","3821.6"
"ORD20250514_565014","2025-05-14","4","16","6584.0","0.0","6584.0"
"ORD20250514_564989","2025-05-14","2","6","1540.0","0.2","1386.0"
"ORD20250514_564957","2025-05-14","1","3","1800.0","0.0","1800.0"
"ORD20250514_565159","2025-05-14","3","9","2792.0","0.0","2792.0"
"ORD20250514_565033","2025-05-14","3","9","4400.0","0.0","4400.0"
"ORD20250514_564988","2025-05-14","2","4","1060.0","0.24","932.8"
"ORD20250514_564961","2025-05-14","2","6","2384.0","0.0","2384.0"
"ORD20250514_565137","2025-05-14","3","14","6220.0","0.36","5473.6"
"ORD20250514_565036","2025-05-14","1","2","760.0","0.0","760.0"
"ORD20250514_564985","2025-05-14","2","5","1200.0","0.0","1200.0"
"ORD20250514_564968","2025-05-14","1","2","444.0","0.1","399.6"
"ORD20250514_565135","2025-05-14","3","11","3900.0","0.36","3432.0"
"ORD20250514_565051","2025-05-14","3","6","1576.0","0.0","1576.0"
"ORD20250514_565185","2025-05-14","3","15","7236.0","0.0","7236.0"
"ORD20250514_564980","2025-05-14","3","10","2860.0","0.0","2860.0"
"ORD20250514_565129","2025-05-14","4","7","2752.0","0.0","2752.0"
"ORD20250514_565093","2025-05-14","3","7","2720.0","0.0","2720.0"
"ORD20250514_565182","2025-05-14","1","1","250.0","0.1","225.0"
"ORD20250514_564990","2025-05-14","3","10","4282.0","0.0","4282.0"
"ORD20250514_565128","2025-05-14","1","1","250.0","0.0","250.0"
"ORD20250514_565063","2025-05-14","1","3","960.0","0.1","864.0"
"ORD20250514_565179","2025-05-14","2","6","1820.0","0.24","1601.6"
"ORD20250514_564991","2025-05-14","3","11","4305.0","0.0","4305.0"
"ORD20250514_565124","2025-05-14","2","2","1081.0","0.0","1081.0"
"ORD20250514_565064","2025-05-14","2","7","2355.0","0.0","2355.0"
"ORD20250514_565168","2025-05-14","1","1","520.0","0.1","468.0"
"ORD20250514_565005","2025-05-14","2","3","1326.0","0.2","1193.4"
"ORD20250514_565111","2025-05-14","3","8","3256.0","0.0","3256.0"
"ORD20250514_565097","2025-05-14","2","4","2200.0","0.0","2200.0"
"ORD20250514_565158","2025-05-14","1","1","210.0","0.1","189.0"
"ORD20250514_565013","2025-05-14","2","5","1548.0","0.0","1548.0"
"ORD20250514_565090","2025-05-14","1","4","1000.0","0.0","1000.0"
"ORD20250514_565101","2025-05-14","4","12","4488.0","0.0","4488.0"
"ORD20250514_565149","2025-05-14","2","9","2850.0","0.0","2850.0"
"ORD20250514_565020","2025-05-14","1","3","960.0","0.2","768.0"
"ORD20250514_565086","2025-05-14","1","3","1560.0","0.0","1560.0"
"ORD20250514_565108","2025-05-14","2","5","1538.0","0.2","1384.2"
"ORD20250514_565142","2025-05-14","3","10","3298.0","0.0","3298.0"
"ORD20250514_565023","2025-05-14","3","9","3031.0","0.36","2667.28"
"ORD20250514_565079","2025-05-14","3","12","3400.0","0.30000000000000004","3060.0"
"ORD20250514_565136","2025-05-14","2","3","840.0","0.0","840.0"
"ORD20250514_565139","2025-05-14","2","6","1680.0","0.0","1680.0"
"ORD20250514_565025","2025-05-14","4","16","6084.0","0.8","4867.2"
"ORD20250514_565058","2025-05-14","2","6","2298.0","0.0","2298.0"
"ORD20250514_565141","2025-05-14","1","3","1110.0","0.12","976.8"
"ORD20250514_565138","2025-05-14","3","14","5320.0","0.6000000000000001","4256.0"
"ORD20250514_565028","2025-05-14","1","3","1050.0","0.0","1050.0"
"ORD20250514_565055","2025-05-14","3","11","3220.0","0.36","2833.6"
"ORD20250514_565144","2025-05-14","3","9","2982.0","0.0","2982.0"
"ORD20250514_565132","2025-05-14","4","13","3554.0","0.48","3127.52"
"ORD20250514_565029","2025-05-14","4","14","5294.0","0.0","5294.0"
"ORD20250514_565052","2025-05-14","4","19","5180.0","0.0","5180.0"
"ORD20250514_565145","2025-05-14","2","4","946.0","0.24","832.48"
"ORD20250514_565112","2025-05-14","3","8","3052.0","0.6000000000000001","2441.6"
"ORD20250514_565030","2025-05-14","4","8","2785.0","0.4","2506.5"
"ORD20250514_565044","2025-05-14","2","9","3702.0","0.24","3257.76"
"ORD20250514_565146","2025-05-14","4","10","2574.0","0.0","2574.0"
"ORD20250514_565096","2025-05-14","2","4","2032.0","0.4","1625.6"
"ORD20250514_565034","2025-05-14","4","15","3406.0","0.0","3406.0"
"ORD20250514_565018","2025-05-14","1","4","3120.0","0.0","3120.0"
"ORD20250514_565151","2025-05-14","3","13","2770.0","0.6000000000000001","2216.0"
"ORD20250514_565092","2025-05-14","4","5","1874.0","0.48","1649.12"
"ORD20250514_565035","2025-05-14","3","8","2985.0","0.0","2985.0"
"ORD20250514_565016","2025-05-14","2","5","1440.0","0.0","1440.0"
"ORD20250514_565157","2025-05-14","2","5","2418.0","0.0","2418.0"
"ORD20250514_565091","2025-05-14","4","10","2329.0","0.8","1863.2"
"ORD20250514_565047","2025-05-14","3","8","2764.0","0.0","2764.0"
"ORD20250514_565011","2025-05-14","1","3","1755.0","0.0","1755.0"
"ORD20250514_565164","2025-05-14","1","3","1443.0","0.0","1443.0"
"ORD20250514_565083","2025-05-14","1","1","200.0","0.0","200.0"
"ORD20250514_565049","2025-05-14","2","12","3432.0","0.0","3432.0"
"ORD20250514_565010","2025-05-14","1","3","960.0","0.1","864.0"
"ORD20250514_565167","2025-05-14","1","1","416.0","0.0","416.0"
"ORD20250514_565069","2025-05-14","3","8","2980.0","0.0","2980.0"
"ORD20250514_565053","2025-05-14","2","8","2908.0","0.0","2908.0"
"ORD20250514_565006","2025-05-14","2","7","2786.0","0.24","2451.68"
"ORD20250514_565173","2025-05-14","2","6","1266.0","0.2","1139.4"
"ORD20250514_565067","2025-05-14","3","11","2684.0","0.30000000000000004","2415.6"
"ORD20250514_565061","2025-05-14","1","2","456.0","0.0","456.0"
"ORD20250514_565004","2025-05-14","3","12","3820.0","0.0","3820.0"
"ORD20250514_565175","2025-05-14","1","3","1482.0","0.0","1482.0"
"ORD20250514_565060","2025-05-14","3","6","1904.0","0.30000000000000004","1713.6"
"ORD20250514_565077","2025-05-14","1","2","700.0","0.2","560.0"
"ORD20250514_564995","2025-05-14","4","13","4272.0","0.8","3417.6"
"ORD20250514_565181","2025-05-14","2","8","1344.0","0.0","1344.0"
"ORD20250514_565057","2025-05-14","1","3","750.0","0.0","750.0"
"ORD20250514_565078","2025-05-14","1","5","1625.0","0.12","1430.0"
"ORD20250514_564983","2025-05-14","4","14","4470.0","0.48","3933.6"
"ORD20250514_565188","2025-05-14","1","4","1280.0","0.0","1280.0"
"ORD20250514_565027","2025-05-14","2","3","634.0","0.0","634.0"
"ORD20250514_565081","2025-05-14","4","12","3764.0","0.0","3764.0"
"ORD20250514_564982","2025-05-14","4","15","6793.0","0.48","5977.84"
"ORD20250514_565198","2025-05-14","4","18","7060.0","0.0","7060.0"
"ORD20250514_565017","2025-05-14","2","6","2316.0","0.0","2316.0"
"ORD20250514_565100","2025-05-14","4","19","6428.0","0.4","5785.2"
"ORD20250514_564979","2025-05-14","4","11","3518.0","0.0","3518.0"
"ORD20250514_564919","2025-05-14","3","7","1670.0","0.0","1670.0"
"ORD20250514_565012","2025-05-14","3","9","3022.0","0.6000000000000001","2417.6"
"ORD20250514_565106","2025-05-14","1","2","832.0","0.12","732.16"
"ORD20250514_564978","2025-05-14","2","3","1030.0","0.0","1030.0"
"ORD20250514_564923","2025-05-14","4","9","3240.0","0.4","2916.0"
"ORD20250514_564987","2025-05-14","2","10","5500.0","0.24","4840.0"
"ORD20250514_565107","2025-05-14","2","4","1360.0","0.0","1360.0"
"ORD20250514_564972","2025-05-14","1","2","300.0","0.0","300.0"
"ORD20250514_564935","2025-05-14","1","4","1400.0","0.0","1400.0"
"ORD20250514_564977","2025-05-14","1","2","520.0","0.1","468.0"
"ORD20250514_565114","2025-05-14","4","15","5696.0","0.0","5696.0"
"ORD20250514_564967","2025-05-14","1","2","760.0","0.12","668.8"
"ORD20250514_564937","2025-05-14","2","6","2442.0","0.4","1953.6"
"ORD20250514_564974","2025-05-14","4","14","4414.0","0.0","4414.0"
"ORD20250514_565154","2025-05-14","3","7","1584.0","0.30000000000000004","1425.6"
"ORD20250514_564952","2025-05-14","2","3","650.0","0.0","650.0"
"ORD20250514_564962","2025-05-14","3","12","2640.0","0.6000000000000001","2112.0"
"ORD20250514_564965","2025-05-14","4","18","5260.0","0.0","5260.0"
"ORD20250514_565152","2025-05-14","1","4","1520.0","0.12","1337.6"
"ORD20250514_564951","2025-05-14","4","9","2966.0","0.4","2669.4"
"ORD20250514_564984","2025-05-14","1","1","380.0","0.12","334.4"
"ORD20250514_564964","2025-05-14","4","16","4829.0","0.4","4346.1"
"ORD20250514_565123","2025-05-14","1","4","1600.0","0.12","1408.0"
"ORD20250514_564947","2025-05-14","4","14","7338.0","0.48","6457.44"
"ORD20250514_564986","2025-05-14","2","7","1976.0","0.24","1738.88"
"ORD20250514_564963","2025-05-14","1","5","1900.0","0.0","1900.0"
"ORD20250514_565120","2025-05-14","3","10","3510.0","0.30000000000000004","3159.0"
"ORD20250514_564936","2025-05-14","4","15","5010.0","0.0","5010.0"
"ORD20250514_564999","2025-05-14","2","5","1794.0","0.24","1578.72"
"ORD20250514_564960","2025-05-14","1","1","370.0","0.2","296.0"
"ORD20250514_565177","2025-05-14","3","8","2380.0","0.0","2380.0"
"ORD20250514_564931","2025-05-14","1","2","500.0","0.12","440.0"
"ORD20250514_565001","2025-05-14","3","9","3210.0","0.30000000000000004","2889.0"
"ORD20250514_564949","2025-05-14","4","13","4430.0","0.8","3544.0"
"ORD20250514_565171","2025-05-14","1","6","1560.0","0.1","1404.0"
"ORD20250514_564926","2025-05-14","3","12","2944.0","0.0","2944.0"
"ORD20250514_565003","2025-05-14","1","3","1800.0","0.0","1800.0"
"ORD20250514_564939","2025-05-14","3","6","1590.0","0.30000000000000004","1431.0"
"ORD20250514_565169","2025-05-14","3","9","2850.0","0.6000000000000001","2280.0"
"ORD20250514_564925","2025-05-14","1","5","1250.0","0.12","1100.0"
"ORD20250514_565009","2025-05-14","3","9","2020.0","0.30000000000000004","1818.0"
"ORD20250514_564934","2025-05-14","3","9","3620.0","0.0","3620.0"
"ORD20250514_564915","2025-05-14","1","2","740.0","0.2","592.0"
"ORD20250514_564924","2025-05-14","3","9","4083.0","0.0","4083.0"
"ORD20250514_565019","2025-05-14","2","4","1080.0","0.0","1080.0"
"ORD20250514_564914","2025-05-14","3","10","5128.0","0.0","5128.0"
"ORD20250514_564932","2025-05-14","4","13","5168.0","0.8","4134.4"
"ORD20250514_564918","2025-05-14","1","3","600.0","0.0","600.0"
"ORD20250514_565037","2025-05-14","1","6","1332.0","0.0","1332.0"
"ORD20250514_564938","2025-05-14","3","8","3885.0","0.0","3885.0"
"ORD20250514_565040","2025-05-14","1","1","320.0","0.0","320.0"
"ORD20250513_564912","2025-05-13","3","10","2120.0","0.36","1865.6"
"ORD20250513_564696","2025-05-13","4","16","6860.0","0.0","6860.0"
"ORD20250513_564901","2025-05-13","3","8","1943.0","0.0","1943.0"
"ORD20250513_564716","2025-05-13","1","3","600.0","0.0","600.0"
"ORD20250513_564908","2025-05-13","2","8","2280.0","0.2","2052.0"
"ORD20250513_564701","2025-05-13","2","5","1712.0","0.2","1540.8"
"ORD20250513_564889","2025-05-13","1","2","640.0","0.2","512.0"
"ORD20250513_564717","2025-05-13","1","4","1480.0","0.0","1480.0"
"ORD20250513_564906","2025-05-13","2","7","2448.0","0.4","1958.4"
"ORD20250513_564714","2025-05-13","3","13","4893.0","0.30000000000000004","4403.7"
"ORD20250513_564881","2025-05-13","2","7","1730.0","0.0","1730.0"
"ORD20250513_564720","2025-05-13","1","1","320.0","0.0","320.0"
"ORD20250513_564905","2025-05-13","4","17","4060.0","0.0","4060.0"
"ORD20250513_564718","2025-05-13","4","10","3308.0","0.4","2977.2"
"ORD20250513_564878","2025-05-13","1","1","192.0","0.12","168.96"
"ORD20250513_564731","2025-05-13","3","11","3976.0","0.0","3976.0"
"ORD20250513_564899","2025-05-13","2","7","2894.0","0.0","2894.0"
"ORD20250513_564721","2025-05-13","2","7","3130.0","0.0","3130.0"
"ORD20250513_564877","2025-05-13","3","4","1360.0","0.30000000000000004","1224.0"
"ORD20250513_564737","2025-05-13","1","1","200.0","0.2","160.0"
"ORD20250513_564884","2025-05-13","1","1","250.0","0.0","250.0"
"ORD20250513_564723","2025-05-13","1","2","800.0","0.2","640.0"
"ORD20250513_564872","2025-05-13","3","12","5148.0","0.6000000000000001","4118.4"
"ORD20250513_564743","2025-05-13","3","8","3250.0","0.0","3250.0"
"ORD20250513_564876","2025-05-13","2","6","1560.0","0.0","1560.0"
"ORD20250513_564724","2025-05-13","4","6","1724.0","0.8","1379.2"
"ORD20250513_564868","2025-05-13","4","13","4135.0","0.4","3721.5"
"ORD20250513_564755","2025-05-13","4","14","5248.0","0.4","4723.2"
"ORD20250513_564874","2025-05-13","3","7","2534.0","0.30000000000000004","2280.6"
"ORD20250513_564725","2025-05-13","1","4","480.0","0.1","432.0"
"ORD20250513_564853","2025-05-13","3","12","3040.0","0.0","3040.0"
"ORD20250513_564774","2025-05-13","3","6","2472.0","0.0","2472.0"
"ORD20250513_564870","2025-05-13","3","7","3325.0","0.36","2926.0"
"ORD20250513_564733","2025-05-13","1","4","1520.0","0.0","1520.0"
"ORD20250513_564847","2025-05-13","1","4","1280.0","0.1","1152.0"
"ORD20250513_564783","2025-05-13","1","1","370.0","0.0","370.0"
"ORD20250513_564866","2025-05-13","1","1","250.0","0.0","250.0"
"ORD20250513_564740","2025-05-13","4","21","6846.0","0.0","6846.0"
"ORD20250513_564828","2025-05-13","4","11","3996.0","0.0","3996.0"
"ORD20250513_564788","2025-05-13","3","8","2880.0","0.36","2534.4"
"ORD20250513_564861","2025-05-13","1","6","1152.0","0.0","1152.0"
"ORD20250513_564749","2025-05-13","4","16","5504.0","0.4","4953.6"
"ORD20250513_564825","2025-05-13","1","1","250.0","0.1","225.0"
"ORD20250513_564802","2025-05-13","2","6","1848.0","0.0","1848.0"
"ORD20250513_564857","2025-05-13","3","6","2423.0","0.36","2132.24"
"ORD20250513_564754","2025-05-13","4","13","3700.0","0.4","3330.0"
"ORD20250513_564812","2025-05-13","4","8","3662.0","0.0","3662.0"
"ORD20250513_564805","2025-05-13","2","6","2710.0","0.0","2710.0"
"ORD20250513_564855","2025-05-13","2","6","1700.0","0.4","1360.0"
"ORD20250513_564759","2025-05-13","4","10","4616.0","0.0","4616.0"
"ORD20250513_564790","2025-05-13","2","3","1010.0","0.4","808.0"
"ORD20250513_564807","2025-05-13","3","9","2710.0","0.0","2710.0"
"ORD20250513_564851","2025-05-13","3","6","2016.0","0.0","2016.0"
"ORD20250513_564767","2025-05-13","4","8","1970.0","0.0","1970.0"
"ORD20250513_564763","2025-05-13","2","8","5440.0","0.0","5440.0"
"ORD20250513_564810","2025-05-13","4","15","4410.0","0.0","4410.0"
"ORD20250513_564849","2025-05-13","4","14","4740.0","0.8","3792.0"
"ORD20250513_564773","2025-05-13","2","2","630.0","0.0","630.0"
"ORD20250513_564760","2025-05-13","2","3","1212.0","0.24","1066.56"
"ORD20250513_564815","2025-05-13","1","3","1560.0","0.0","1560.0"
"ORD20250513_564848","2025-05-13","2","8","3146.0","0.0","3146.0"
"ORD20250513_564794","2025-05-13","3","8","4032.0","0.0","4032.0"
"ORD20250513_564753","2025-05-13","4","14","3920.0","0.0","3920.0"
"ORD20250513_564820","2025-05-13","3","10","2392.0","0.0","2392.0"
"ORD20250513_564843","2025-05-13","3","11","2970.0","0.36","2613.6"
"ORD20250513_564801","2025-05-13","4","12","6300.0","0.0","6300.0"
"ORD20250513_564730","2025-05-13","2","5","1360.0","0.24","1196.8"
"ORD20250513_564827","2025-05-13","3","10","3432.0","0.0","3432.0"
"ORD20250513_564837","2025-05-13","4","11","4473.0","0.4","4025.7"
"ORD20250513_564808","2025-05-13","2","6","1775.0","0.0","1775.0"
"ORD20250513_564729","2025-05-13","1","3","960.0","0.1","864.0"
"ORD20250513_564829","2025-05-13","3","10","3080.0","0.30000000000000004","2772.0"
"ORD20250513_564822","2025-05-13","4","13","4770.0","0.0","4770.0"
"ORD20250513_564811","2025-05-13","1","2","1200.0","0.2","960.0"
"ORD20250513_564722","2025-05-13","4","15","5180.0","0.48","4558.4"
"ORD20250513_564830","2025-05-13","2","8","2710.0","0.0","2710.0"
"ORD20250513_564819","2025-05-13","3","13","4885.0","0.0","4885.0"
"ORD20250513_564816","2025-05-13","3","13","3798.0","0.0","3798.0"
"ORD20250513_564719","2025-05-13","1","3","1248.0","0.12","1098.24"
"ORD20250513_564833","2025-05-13","1","1","380.0","0.12","334.4"
"ORD20250513_564818","2025-05-13","3","8","2850.0","0.30000000000000004","2565.0"
"ORD20250513_564817","2025-05-13","3","16","3920.0","0.0","3920.0"
"ORD20250513_564715","2025-05-13","1","4","3120.0","0.1","2808.0"
"ORD20250513_564835","2025-05-13","4","13","3890.0","0.8","3112.0"
"ORD20250513_564791","2025-05-13","1","4","1924.0","0.0","1924.0"
"ORD20250513_564823","2025-05-13","3","7","2613.0","0.0","2613.0"
"ORD20250513_564713","2025-05-13","2","9","2900.0","0.0","2900.0"
"ORD20250513_564854","2025-05-13","4","13","4660.0","0.8","3728.0"
"ORD20250513_564782","2025-05-13","1","3","666.0","0.0","666.0"
"ORD20250513_564826","2025-05-13","1","6","2496.0","0.0","2496.0"
"ORD20250513_564708","2025-05-13","1","3","750.0","0.12","660.0"
"ORD20250513_564863","2025-05-13","1","2","400.0","0.0","400.0"
"ORD20250513_564779","2025-05-13","2","3","1450.0","0.0","1450.0"
"ORD20250513_564831","2025-05-13","2","4","540.0","0.0","540.0"
"ORD20250513_564705","2025-05-13","3","8","3980.0","0.0","3980.0"
"ORD20250513_564864","2025-05-13","3","12","3666.0","0.36","3226.08"
"ORD20250513_564777","2025-05-13","2","5","2850.0","0.0","2850.0"
"ORD20250513_564844","2025-05-13","1","3","1248.0","0.2","998.4"
"ORD20250513_564691","2025-05-13","2","5","1475.0","0.4","1180.0"
"ORD20250513_564873","2025-05-13","4","12","5480.0","0.0","5480.0"
"ORD20250513_564765","2025-05-13","1","6","2400.0","0.12","2112.0"
"ORD20250513_564862","2025-05-13","3","10","4140.0","0.6000000000000001","3312.0"
"ORD20250513_564690","2025-05-13","4","5","2354.0","0.48","2071.52"
"ORD20250513_564875","2025-05-13","3","15","3630.0","0.36","3194.4"
"ORD20250513_564757","2025-05-13","4","14","4790.0","0.0","4790.0"
"ORD20250513_564865","2025-05-13","2","8","2964.0","0.2","2667.6"
"ORD20250513_564682","2025-05-13","2","7","4470.0","0.0","4470.0"
"ORD20250513_564896","2025-05-13","3","9","3556.0","0.0","3556.0"
"ORD20250513_564746","2025-05-13","4","19","5363.0","0.0","5363.0"
"ORD20250513_564879","2025-05-13","2","4","1380.0","0.24","1214.4"
"ORD20250513_564681","2025-05-13","1","4","1300.0","0.0","1300.0"
"ORD20250513_564907","2025-05-13","3","10","4875.0","0.0","4875.0"
"ORD20250513_564745","2025-05-13","4","16","5946.0","0.0","5946.0"
"ORD20250513_564888","2025-05-13","2","2","482.0","0.0","482.0"
"ORD20250513_564678","2025-05-13","1","4","2400.0","0.0","2400.0"
"ORD20250513_564910","2025-05-13","1","1","455.0","0.2","364.0"
"ORD20250513_564739","2025-05-13","3","10","2989.0","0.0","2989.0"
"ORD20250513_564892","2025-05-13","4","13","4400.0","0.0","4400.0"
"ORD20250513_564670","2025-05-13","2","6","1302.0","0.0","1302.0"
"ORD20250513_564624","2025-05-13","2","8","2000.0","0.0","2000.0"
"ORD20250513_564734","2025-05-13","4","14","5289.0","0.0","5289.0"
"ORD20250513_564902","2025-05-13","2","6","2624.0","0.0","2624.0"
"ORD20250513_564667","2025-05-13","2","8","2476.0","0.4","1980.8"
"ORD20250513_564636","2025-05-13","2","3","1131.0","0.2","1017.9"
"ORD20250513_564697","2025-05-13","1","1","210.0","0.1","189.0"
"ORD20250513_564904","2025-05-13","1","3","975.0","0.0","975.0"
"ORD20250513_564664","2025-05-13","4","11","3788.0","0.4","3409.2"
"ORD20250513_564639","2025-05-13","3","10","3338.0","0.0","3338.0"
"ORD20250513_564688","2025-05-13","2","5","1560.0","0.24","1372.8"
"ORD20250513_564674","2025-05-13","2","7","1666.0","0.0","1666.0"
"ORD20250513_564660","2025-05-13","4","12","3872.0","0.0","3872.0"
"ORD20250513_564683","2025-05-13","1","2","500.0","0.0","500.0"
"ORD20250513_564687","2025-05-13","4","8","2635.0","0.0","2635.0"
"ORD20250513_564656","2025-05-13","2","6","1775.0","0.24","1562.0"
"ORD20250513_564653","2025-05-13","3","10","5760.0","0.30000000000000004","5184.0"
"ORD20250513_564686","2025-05-13","1","1","320.0","0.0","320.0"
"ORD20250513_564685","2025-05-13","3","8","3825.0","0.36","3366.0"
"ORD20250513_564644","2025-05-13","2","4","2756.0","0.0","2756.0"
"ORD20250513_564647","2025-05-13","1","4","912.0","0.2","729.6"
"ORD20250513_564700","2025-05-13","3","7","2552.0","0.6000000000000001","2041.6"
"ORD20250513_564677","2025-05-13","3","10","3424.0","0.0","3424.0"
"ORD20250513_564640","2025-05-13","1","4","1924.0","0.2","1539.2"
"ORD20250513_564641","2025-05-13","3","3","1160.0","0.0","1160.0"
"ORD20250513_564707","2025-05-13","3","6","2369.0","0.0","2369.0"
"ORD20250513_564676","2025-05-13","3","13","4080.0","0.36","3590.4"
"ORD20250513_564771","2025-05-13","1","4","1664.0","0.2","1331.2"
"ORD20250513_564632","2025-05-13","4","7","1575.0","0.0","1575.0"
"ORD20250513_564711","2025-05-13","2","7","2385.0","0.0","2385.0"
"ORD20250513_564668","2025-05-13","2","5","1904.0","0.0","1904.0"
"ORD20250513_564789","2025-05-13","1","5","1625.0","0.1","1462.5"
"ORD20250513_564623","2025-05-13","1","2","640.0","0.0","640.0"
"ORD20250513_564712","2025-05-13","4","7","2518.0","0.4","2266.2"
"ORD20250513_564665","2025-05-13","2","6","2250.0","0.0","2250.0"
"ORD20250513_564792","2025-05-13","4","11","3700.0","0.48","3256.0"
"ORD20250513_564903","2025-05-13","3","9","3400.0","0.36","2992.0"
"ORD20250513_564809","2025-05-13","1","4","1000.0","0.0","1000.0"
"ORD20250513_564637","2025-05-13","1","1","455.0","0.0","455.0"
"ORD20250513_564798","2025-05-13","2","8","2400.0","0.0","2400.0"
"ORD20250513_564894","2025-05-13","1","1","481.0","0.0","481.0"
"ORD20250513_564806","2025-05-13","1","4","1924.0","0.0","1924.0"
"ORD20250513_564635","2025-05-13","1","2","540.0","0.0","540.0"
"ORD20250513_564841","2025-05-13","1","6","3600.0","0.2","2880.0"
"ORD20250513_564891","2025-05-13","3","7","3288.0","0.0","3288.0"
"ORD20250513_564785","2025-05-13","1","5","3900.0","0.12","3432.0"
"ORD20250513_564626","2025-05-13","2","8","2800.0","0.2","2520.0"
"ORD20250513_564845","2025-05-13","3","10","4284.0","0.0","4284.0"
"ORD20250513_564886","2025-05-13","1","1","320.0","0.0","320.0"
"ORD20250513_564780","2025-05-13","3","10","3068.0","0.0","3068.0"
"ORD20250513_564625","2025-05-13","1","5","3900.0","0.12","3432.0"
"ORD20250513_564859","2025-05-13","3","14","4772.0","0.0","4772.0"
"ORD20250513_564869","2025-05-13","3","8","2710.0","0.6000000000000001","2168.0"
"ORD20250513_564776","2025-05-13","2","2","905.0","0.0","905.0"
"ORD20250513_564814","2025-05-13","3","11","4772.0","0.36","4199.36"
"ORD20250513_564860","2025-05-13","1","2","240.0","0.0","240.0"
"ORD20250513_564858","2025-05-13","3","6","2240.0","0.0","2240.0"
"ORD20250513_564762","2025-05-13","3","7","2845.0","0.0","2845.0"
"ORD20250513_564804","2025-05-13","3","12","6288.0","0.0","6288.0"
"ORD20250513_564871","2025-05-13","1","3","1443.0","0.0","1443.0"
"ORD20250513_564856","2025-05-13","3","7","2946.0","0.36","2592.48"
"ORD20250513_564744","2025-05-13","2","5","1076.0","0.0","1076.0"
"ORD20250513_564799","2025-05-13","1","4","1300.0","0.0","1300.0"
"ORD20250513_564882","2025-05-13","2","5","1250.0","0.24","1100.0"
"ORD20250513_564850","2025-05-13","1","2","1560.0","0.0","1560.0"
"ORD20250513_564742","2025-05-13","4","14","3872.0","0.4","3484.8"
"ORD20250513_564797","2025-05-13","2","8","2000.0","0.2","1800.0"
"ORD20250513_564885","2025-05-13","1","1","325.0","0.12","286.0"
"ORD20250513_564840","2025-05-13","1","6","1152.0","0.0","1152.0"
"ORD20250513_564741","2025-05-13","4","20","9942.0","0.0","9942.0"
"ORD20250513_564796","2025-05-13","1","2","760.0","0.0","760.0"
"ORD20250513_564890","2025-05-13","2","8","2240.0","0.0","2240.0"
"ORD20250513_564821","2025-05-13","4","11","3820.0","0.4","3438.0"
"ORD20250513_564735","2025-05-13","4","13","4814.0","0.4","4332.6"
"ORD20250513_564793","2025-05-13","3","8","2590.0","0.6000000000000001","2072.0"
"ORD20250513_564897","2025-05-13","4","6","2450.0","0.4","2205.0"
"ORD20250513_564803","2025-05-13","1","3","1443.0","0.0","1443.0"
"ORD20250513_564662","2025-05-13","3","11","3860.0","0.36","3396.8"
"ORD20250513_564787","2025-05-13","3","14","5745.0","0.30000000000000004","5170.5"
"ORD20250513_564628","2025-05-13","1","2","988.0","0.0","988.0"
"ORD20250513_564800","2025-05-13","2","2","530.0","0.0","530.0"
"ORD20250513_564651","2025-05-13","1","3","960.0","0.0","960.0"
"ORD20250513_564775","2025-05-13","3","6","1472.0","0.30000000000000004","1324.8"
"ORD20250513_564631","2025-05-13","1","5","1600.0","0.2","1280.0"
"ORD20250513_564795","2025-05-13","1","2","456.0","0.1","410.4"
"ORD20250513_564649","2025-05-13","1","2","500.0","0.0","500.0"
"ORD20250513_564770","2025-05-13","4","14","5170.0","0.48","4549.6"
"ORD20250513_564634","2025-05-13","2","3","1236.0","0.4","988.8"
"ORD20250513_564786","2025-05-13","3","10","2730.0","0.36","2402.4"
"ORD20250513_564630","2025-05-13","3","8","2732.0","0.0","2732.0"
"ORD20250513_564769","2025-05-13","4","12","3880.0","0.0","3880.0"
"ORD20250513_564638","2025-05-13","4","10","4696.0","0.48","4132.48"
"ORD20250513_564784","2025-05-13","1","2","760.0","0.0","760.0"
"ORD20250513_564622","2025-05-13","4","13","3054.0","0.0","3054.0"
"ORD20250513_564764","2025-05-13","2","10","2480.0","0.4","1984.0"
"ORD20250513_564643","2025-05-13","1","3","1443.0","0.0","1443.0"
"ORD20250513_564781","2025-05-13","3","8","3470.0","0.36","3053.6"
"ORD20250513_564832","2025-05-13","2","8","1732.0","0.2","1558.8"
"ORD20250513_564761","2025-05-13","4","10","3943.0","0.48","3469.84"
"ORD20250513_564645","2025-05-13","1","1","370.0","0.1","333.0"
"ORD20250513_564778","2025-05-13","2","5","1282.0","0.4","1025.6"
"ORD20250513_564836","2025-05-13","2","7","2768.0","0.0","2768.0"
"ORD20250513_564756","2025-05-13","3","14","4384.0","0.30000000000000004","3945.6"
"ORD20250513_564646","2025-05-13","2","7","2770.0","0.0","2770.0"
"ORD20250513_564772","2025-05-13","3","11","5728.0","0.0","5728.0"
"ORD20250513_564838","2025-05-13","2","7","3900.0","0.2","3510.0"
"ORD20250513_564728","2025-05-13","2","5","1416.0","0.0","1416.0"
"ORD20250513_564650","2025-05-13","2","4","2135.0","0.0","2135.0"
"ORD20250513_564768","2025-05-13","1","4","2400.0","0.0","2400.0"
"ORD20250513_564839","2025-05-13","1","2","456.0","0.1","410.4"
"ORD20250513_564726","2025-05-13","3","9","3000.0","0.30000000000000004","2700.0"
"ORD20250513_564654","2025-05-13","4","8","3176.0","0.0","3176.0"
"ORD20250513_564766","2025-05-13","4","12","3420.0","0.0","3420.0"
"ORD20250513_564852","2025-05-13","1","6","900.0","0.0","900.0"
"ORD20250513_564703","2025-05-13","4","14","6024.0","0.4","5421.6"
"ORD20250513_564658","2025-05-13","2","8","4800.0","0.0","4800.0"
"ORD20250513_564758","2025-05-13","2","7","3030.0","0.0","3030.0"
"ORD20250513_564867","2025-05-13","2","5","1430.0","0.0","1430.0"
"ORD20250513_564702","2025-05-13","2","5","1790.0","0.2","1611.0"
"ORD20250513_564661","2025-05-13","2","4","1080.0","0.0","1080.0"
"ORD20250513_564752","2025-05-13","4","10","2230.0","0.48","1962.4"
"ORD20250513_564913","2025-05-13","2","4","1096.0","0.4","876.8"
"ORD20250513_564695","2025-05-13","3","6","2391.0","0.0","2391.0"
"ORD20250513_564666","2025-05-13","1","5","2405.0","0.0","2405.0"
"ORD20250513_564748","2025-05-13","1","2","500.0","0.2","400.0"
"ORD20250513_564883","2025-05-13","4","7","2153.0","0.0","2153.0"
"ORD20250513_564694","2025-05-13","2","5","1735.0","0.0","1735.0"
"ORD20250513_564671","2025-05-13","3","11","2350.0","0.0","2350.0"
"ORD20250513_564747","2025-05-13","1","3","2340.0","0.0","2340.0"
"ORD20250513_564893","2025-05-13","3","11","4719.0","0.0","4719.0"
"ORD20250513_564693","2025-05-13","2","8","3590.0","0.0","3590.0"
"ORD20250513_564679","2025-05-13","2","5","2168.0","0.2","1951.2"
"ORD20250513_564738","2025-05-13","1","1","325.0","0.0","325.0"
"ORD20250513_564900","2025-05-13","3","11","4266.0","0.0","4266.0"
"ORD20250513_564689","2025-05-13","4","15","4916.0","0.8","3932.8"
"ORD20250513_564684","2025-05-13","4","11","3101.0","0.0","3101.0"
"ORD20250513_564736","2025-05-13","4","12","4624.0","0.0","4624.0"
"ORD20250513_564911","2025-05-13","1","3","960.0","0.12","844.8"
"ORD20250513_564680","2025-05-13","1","5","3000.0","0.0","3000.0"
"ORD20250513_564698","2025-05-13","1","2","832.0","0.12","732.16"
"ORD20250513_564732","2025-05-13","3","9","3284.0","0.36","2889.92"
"ORD20250513_564813","2025-05-13","1","2","640.0","0.0","640.0"
"ORD20250513_564675","2025-05-13","1","4","1924.0","0.0","1924.0"
"ORD20250513_564699","2025-05-13","4","10","2540.0","0.48","2235.2"
"ORD20250513_564709","2025-05-13","4","8","2760.0","0.0","2760.0"
"ORD20250513_564706","2025-05-13","4","15","5212.0","0.0","5212.0"
"ORD20250513_564657","2025-05-13","2","7","1630.0","0.2","1467.0"
"ORD20250513_564710","2025-05-13","1","1","350.0","0.12","308.0"
"ORD20250513_564704","2025-05-13","4","15","5334.0","0.48","4693.92"
"ORD20250513_564727","2025-05-13","4","17","4215.0","0.8","3372.0"
"ORD20250513_564652","2025-05-13","4","12","5153.0","0.0","5153.0"
"ORD20250513_564750","2025-05-13","4","10","2696.0","0.4","2426.4"
"ORD20250513_564692","2025-05-13","4","12","2480.0","0.0","2480.0"
"ORD20250513_564751","2025-05-13","2","7","2912.0","0.0","2912.0"
"ORD20250513_564642","2025-05-13","3","7","2612.0","0.36","2298.56"
"ORD20250513_564673","2025-05-13","3","8","2908.0","0.36","2559.04"
"ORD20250513_564633","2025-05-13","1","5","1250.0","0.12","1100.0"
"ORD20250513_564672","2025-05-13","2","6","2775.0","0.24","2442.0"
"ORD20250513_564887","2025-05-13","1","1","370.0","0.12","325.6"
"ORD20250513_564669","2025-05-13","3","7","3032.0","0.0","3032.0"
"ORD20250513_564895","2025-05-13","1","3","600.0","0.0","600.0"
"ORD20250513_564663","2025-05-13","1","3","960.0","0.0","960.0"
"ORD20250513_564898","2025-05-13","3","13","4207.0","0.30000000000000004","3786.3"
"ORD20250513_564659","2025-05-13","2","7","2250.0","0.0","2250.0"
"ORD20250513_564909","2025-05-13","4","11","5395.0","0.0","5395.0"
"ORD20250513_564655","2025-05-13","2","4","1768.0","0.2","1591.2"
"ORD20250513_564880","2025-05-13","2","8","3286.0","0.4","2628.8"
"ORD20250513_564648","2025-05-13","1","5","1850.0","0.0","1850.0"
"ORD20250513_564846","2025-05-13","2","5","1237.0","0.2","1113.3"
"ORD20250513_564629","2025-05-13","4","16","5520.0","0.0","5520.0"
"ORD20250513_564842","2025-05-13","2","2","844.0","0.4","675.2"
"ORD20250513_564627","2025-05-13","4","11","4163.0","0.48","3663.44"
"ORD20250513_564834","2025-05-13","4","9","3427.0","0.0","3427.0"
"ORD20250513_564824","2025-05-13","3","10","2920.0","0.30000000000000004","2628.0"
