order_date,order_hour,number_of_orders
2022-01-01,0,0
2022-01-01,1,0
2022-01-01,2,0
2022-01-01,3,0
2022-01-01,4,0
2022-01-01,5,0
2022-01-01,6,0
2022-01-01,7,0
2022-01-01,8,0
2022-01-01,9,0
2022-01-01,10,24
2022-01-01,11,18
2022-01-01,12,27
2022-01-01,13,31
2022-01-01,14,33
2022-01-01,15,18
2022-01-01,16,21
2022-01-01,17,23
2022-01-01,18,33
2022-01-01,19,34
2022-01-01,20,28
2022-01-01,21,30
2022-01-01,22,34
2022-01-01,23,27
2022-01-02,0,0
2022-01-02,1,0
2022-01-02,2,0
2022-01-02,3,0
2022-01-02,4,0
2022-01-02,5,0
2022-01-02,6,0
2022-01-02,7,0
2022-01-02,8,0
2022-01-02,9,0
2022-01-02,10,21
2022-01-02,11,23
2022-01-02,12,30
2022-01-02,13,28
2022-01-02,14,30
2022-01-02,15,24
2022-01-02,16,24
2022-01-02,17,20
2022-01-02,18,30
2022-01-02,19,31
2022-01-02,20,36
2022-01-02,21,27
2022-01-02,22,31
2022-01-02,23,34
2022-01-03,0,0
2022-01-03,1,0
2022-01-03,2,0
2022-01-03,3,0
2022-01-03,4,0
2022-01-03,5,0
2022-01-03,6,0
2022-01-03,7,0
2022-01-03,8,0
2022-01-03,9,0
2022-01-03,10,11
2022-01-03,11,13
2022-01-03,12,12
2022-01-03,13,15
2022-01-03,14,15
2022-01-03,15,8
2022-01-03,16,12
2022-01-03,17,12
2022-01-03,18,12
2022-01-03,19,19
2022-01-03,20,19
2022-01-03,21,12
2022-01-03,22,12
2022-01-03,23,18
2022-01-04,0,0
2022-01-04,1,0
2022-01-04,2,0
2022-01-04,3,0
2022-01-04,4,0
2022-01-04,5,0
2022-01-04,6,0
2022-01-04,7,0
2022-01-04,8,0
2022-01-04,9,0
2022-01-04,10,9
2022-01-04,11,8
2022-01-04,12,19
2022-01-04,13,12
2022-01-04,14,13
2022-01-04,15,10
2022-01-04,16,12
2022-01-04,17,10
2022-01-04,18,15
2022-01-04,19,18
2022-01-04,20,15
2022-01-04,21,13
2022-01-04,22,16
2022-01-04,23,15
2022-01-05,0,0
2022-01-05,1,0
2022-01-05,2,0
2022-01-05,3,0
2022-01-05,4,0
2022-01-05,5,0
2022-01-05,6,0
2022-01-05,7,0
2022-01-05,8,0
2022-01-05,9,0
2022-01-05,10,9
2022-01-05,11,11
2022-01-05,12,18
2022-01-05,13,16
2022-01-05,14,15
2022-01-05,15,10
2022-01-05,16,13
2022-01-05,17,13
2022-01-05,18,13
2022-01-05,19,18
2022-01-05,20,12
2022-01-05,21,16
2022-01-05,22,13
2022-01-05,23,15
2022-01-06,0,0
2022-01-06,1,0
2022-01-06,2,0
2022-01-06,3,0
2022-01-06,4,0
2022-01-06,5,0
2022-01-06,6,0
2022-01-06,7,0
2022-01-06,8,0
2022-01-06,9,0
2022-01-06,10,11
2022-01-06,11,13
2022-01-06,12,15
2022-01-06,13,16
2022-01-06,14,15
2022-01-06,15,13
2022-01-06,16,8
2022-01-06,17,9
2022-01-06,18,15
2022-01-06,19,16
2022-01-06,20,18
2022-01-06,21,12
2022-01-06,22,18
2022-01-06,23,12
2022-01-07,0,0
2022-01-07,1,0
2022-01-07,2,0
2022-01-07,3,0
2022-01-07,4,0
2022-01-07,5,0
2022-01-07,6,0
2022-01-07,7,0
2022-01-07,8,0
2022-01-07,9,0
2022-01-07,10,21
2022-01-07,11,18
2022-01-07,12,31
2022-01-07,13,31
2022-01-07,14,31
2022-01-07,15,19
2022-01-07,16,22
2022-01-07,17,20
2022-01-07,18,36
2022-01-07,19,36
2022-01-07,20,34
2022-01-07,21,31
2022-01-07,22,33
2022-01-07,23,31
2022-01-08,0,0
2022-01-08,1,0
2022-01-08,2,0
2022-01-08,3,0
2022-01-08,4,0
2022-01-08,5,0
2022-01-08,6,0
2022-01-08,7,0
2022-01-08,8,0
2022-01-08,9,0
2022-01-08,10,24
2022-01-08,11,18
2022-01-08,12,36
2022-01-08,13,30
2022-01-08,14,33
2022-01-08,15,21
2022-01-08,16,18
2022-01-08,17,19
2022-01-08,18,31
2022-01-08,19,33
2022-01-08,20,36
2022-01-08,21,33
2022-01-08,22,34
2022-01-08,23,33
2022-01-09,0,0
2022-01-09,1,0
2022-01-09,2,0
2022-01-09,3,0
2022-01-09,4,0
2022-01-09,5,0
2022-01-09,6,0
2022-01-09,7,0
2022-01-09,8,0
2022-01-09,9,0
2022-01-09,10,23
2022-01-09,11,24
2022-01-09,12,36
2022-01-09,13,28
2022-01-09,14,31
2022-01-09,15,22
2022-01-09,16,18
2022-01-09,17,23
2022-01-09,18,27
2022-01-09,19,31
2022-01-09,20,31
2022-01-09,21,31
2022-01-09,22,31
2022-01-09,23,28
2022-01-10,0,0
2022-01-10,1,0
2022-01-10,2,0
2022-01-10,3,0
2022-01-10,4,0
2022-01-10,5,0
2022-01-10,6,0
2022-01-10,7,0
2022-01-10,8,0
2022-01-10,9,0
2022-01-10,10,13
2022-01-10,11,8
2022-01-10,12,13
2022-01-10,13,13
2022-01-10,14,15
2022-01-10,15,9
2022-01-10,16,11
2022-01-10,17,13
2022-01-10,18,19
2022-01-10,19,19
2022-01-10,20,19
2022-01-10,21,12
2022-01-10,22,13
2022-01-10,23,12
2022-01-11,0,0
2022-01-11,1,0
2022-01-11,2,0
2022-01-11,3,0
2022-01-11,4,0
2022-01-11,5,0
2022-01-11,6,0
2022-01-11,7,0
2022-01-11,8,0
2022-01-11,9,0
2022-01-11,10,10
2022-01-11,11,11
2022-01-11,12,13
2022-01-11,13,18
2022-01-11,14,16
2022-01-11,15,11
2022-01-11,16,11
2022-01-11,17,10
2022-01-11,18,12
2022-01-11,19,19
2022-01-11,20,13
2022-01-11,21,12
2022-01-11,22,13
2022-01-11,23,16
2022-01-12,0,0
2022-01-12,1,0
2022-01-12,2,0
2022-01-12,3,0
2022-01-12,4,0
2022-01-12,5,0
2022-01-12,6,0
2022-01-12,7,0
2022-01-12,8,0
2022-01-12,9,0
2022-01-12,10,13
2022-01-12,11,12
2022-01-12,12,18
2022-01-12,13,16
2022-01-12,14,19
2022-01-12,15,9
2022-01-12,16,11
2022-01-12,17,11
2022-01-12,18,18
2022-01-12,19,19
2022-01-12,20,16
2022-01-12,21,15
2022-01-12,22,12
2022-01-12,23,12
2022-01-13,0,0
2022-01-13,1,0
2022-01-13,2,0
2022-01-13,3,0
2022-01-13,4,0
2022-01-13,5,0
2022-01-13,6,0
2022-01-13,7,0
2022-01-13,8,0
2022-01-13,9,0
2022-01-13,10,10
2022-01-13,11,12
2022-01-13,12,13
2022-01-13,13,13
2022-01-13,14,13
2022-01-13,15,11
2022-01-13,16,11
2022-01-13,17,9
2022-01-13,18,16
2022-01-13,19,18
2022-01-13,20,13
2022-01-13,21,15
2022-01-13,22,13
2022-01-13,23,19
2022-01-14,0,0
2022-01-14,1,0
2022-01-14,2,0
2022-01-14,3,0
2022-01-14,4,0
2022-01-14,5,0
2022-01-14,6,0
2022-01-14,7,0
2022-01-14,8,0
2022-01-14,9,0
2022-01-14,10,22
2022-01-14,11,18
2022-01-14,12,30
2022-01-14,13,33
2022-01-14,14,34
2022-01-14,15,18
2022-01-14,16,23
2022-01-14,17,19
2022-01-14,18,31
2022-01-14,19,34
2022-01-14,20,33
2022-01-14,21,31
2022-01-14,22,36
2022-01-14,23,30
2022-01-15,0,0
2022-01-15,1,0
2022-01-15,2,0
2022-01-15,3,0
2022-01-15,4,0
2022-01-15,5,0
2022-01-15,6,0
2022-01-15,7,0
2022-01-15,8,0
2022-01-15,9,0
2022-01-15,10,20
2022-01-15,11,22
2022-01-15,12,33
2022-01-15,13,28
2022-01-15,14,34
2022-01-15,15,21
2022-01-15,16,19
2022-01-15,17,18
2022-01-15,18,33
2022-01-15,19,34
2022-01-15,20,28
2022-01-15,21,27
2022-01-15,22,30
2022-01-15,23,27
2022-01-16,0,0
2022-01-16,1,0
2022-01-16,2,0
2022-01-16,3,0
2022-01-16,4,0
2022-01-16,5,0
2022-01-16,6,0
2022-01-16,7,0
2022-01-16,8,0
2022-01-16,9,0
2022-01-16,10,20
2022-01-16,11,21
2022-01-16,12,33
2022-01-16,13,27
2022-01-16,14,34
2022-01-16,15,24
2022-01-16,16,22
2022-01-16,17,23
2022-01-16,18,27
2022-01-16,19,36
2022-01-16,20,31
2022-01-16,21,36
2022-01-16,22,30
2022-01-16,23,33
2022-01-17,0,0
2022-01-17,1,0
2022-01-17,2,0
2022-01-17,3,0
2022-01-17,4,0
2022-01-17,5,0
2022-01-17,6,0
2022-01-17,7,0
2022-01-17,8,0
2022-01-17,9,0
2022-01-17,10,8
2022-01-17,11,12
2022-01-17,12,15
2022-01-17,13,16
2022-01-17,14,19
2022-01-17,15,8
2022-01-17,16,9
2022-01-17,17,9
2022-01-17,18,16
2022-01-17,19,15
2022-01-17,20,12
2022-01-17,21,19
2022-01-17,22,15
2022-01-17,23,12
2022-01-18,0,0
2022-01-18,1,0
2022-01-18,2,0
2022-01-18,3,0
2022-01-18,4,0
2022-01-18,5,0
2022-01-18,6,0
2022-01-18,7,0
2022-01-18,8,0
2022-01-18,9,0
2022-01-18,10,12
2022-01-18,11,12
2022-01-18,12,13
2022-01-18,13,13
2022-01-18,14,16
2022-01-18,15,8
2022-01-18,16,9
2022-01-18,17,9
2022-01-18,18,15
2022-01-18,19,12
2022-01-18,20,13
2022-01-18,21,12
2022-01-18,22,15
2022-01-18,23,18
2022-01-19,0,0
2022-01-19,1,0
2022-01-19,2,0
2022-01-19,3,0
2022-01-19,4,0
2022-01-19,5,0
2022-01-19,6,0
2022-01-19,7,0
2022-01-19,8,0
2022-01-19,9,0
2022-01-19,10,10
2022-01-19,11,8
2022-01-19,12,16
2022-01-19,13,12
2022-01-19,14,18
2022-01-19,15,13
2022-01-19,16,13
2022-01-19,17,13
2022-01-19,18,19
2022-01-19,19,16
2022-01-19,20,12
2022-01-19,21,12
2022-01-19,22,13
2022-01-19,23,15
2022-01-20,0,0
2022-01-20,1,0
2022-01-20,2,0
2022-01-20,3,0
2022-01-20,4,0
2022-01-20,5,0
2022-01-20,6,0
2022-01-20,7,0
2022-01-20,8,0
2022-01-20,9,0
2022-01-20,10,10
2022-01-20,11,13
2022-01-20,12,13
2022-01-20,13,15
2022-01-20,14,15
2022-01-20,15,10
2022-01-20,16,12
2022-01-20,17,11
2022-01-20,18,16
2022-01-20,19,19
2022-01-20,20,13
2022-01-20,21,12
2022-01-20,22,16
2022-01-20,23,16
2022-01-21,0,0
2022-01-21,1,0
2022-01-21,2,0
2022-01-21,3,0
2022-01-21,4,0
2022-01-21,5,0
2022-01-21,6,0
2022-01-21,7,0
2022-01-21,8,0
2022-01-21,9,0
2022-01-21,10,22
2022-01-21,11,23
2022-01-21,12,28
2022-01-21,13,28
2022-01-21,14,27
2022-01-21,15,18
2022-01-21,16,21
2022-01-21,17,22
2022-01-21,18,33
2022-01-21,19,34
2022-01-21,20,30
2022-01-21,21,34
2022-01-21,22,28
2022-01-21,23,36
2022-01-22,0,0
2022-01-22,1,0
2022-01-22,2,0
2022-01-22,3,0
2022-01-22,4,0
2022-01-22,5,0
2022-01-22,6,0
2022-01-22,7,0
2022-01-22,8,0
2022-01-22,9,0
2022-01-22,10,21
2022-01-22,11,24
2022-01-22,12,31
2022-01-22,13,34
2022-01-22,14,33
2022-01-22,15,18
2022-01-22,16,18
2022-01-22,17,18
2022-01-22,18,30
2022-01-22,19,30
2022-01-22,20,28
2022-01-22,21,36
2022-01-22,22,34
2022-01-22,23,36
2022-01-23,0,0
2022-01-23,1,0
2022-01-23,2,0
2022-01-23,3,0
2022-01-23,4,0
2022-01-23,5,0
2022-01-23,6,0
2022-01-23,7,0
2022-01-23,8,0
2022-01-23,9,0
2022-01-23,10,21
2022-01-23,11,21
2022-01-23,12,31
2022-01-23,13,28
2022-01-23,14,33
2022-01-23,15,18
2022-01-23,16,23
2022-01-23,17,18
2022-01-23,18,30
2022-01-23,19,28
2022-01-23,20,33
2022-01-23,21,27
2022-01-23,22,33
2022-01-23,23,33
2022-01-24,0,0
2022-01-24,1,0
2022-01-24,2,0
2022-01-24,3,0
2022-01-24,4,0
2022-01-24,5,0
2022-01-24,6,0
2022-01-24,7,0
2022-01-24,8,0
2022-01-24,9,0
2022-01-24,10,9
2022-01-24,11,11
2022-01-24,12,18
2022-01-24,13,12
2022-01-24,14,19
2022-01-24,15,11
2022-01-24,16,9
2022-01-24,17,9
2022-01-24,18,15
2022-01-24,19,18
2022-01-24,20,18
2022-01-24,21,19
2022-01-24,22,19
2022-01-24,23,16
2022-01-25,0,0
2022-01-25,1,0
2022-01-25,2,0
2022-01-25,3,0
2022-01-25,4,0
2022-01-25,5,0
2022-01-25,6,0
2022-01-25,7,0
2022-01-25,8,0
2022-01-25,9,0
2022-01-25,10,12
2022-01-25,11,13
2022-01-25,12,18
2022-01-25,13,13
2022-01-25,14,16
2022-01-25,15,12
2022-01-25,16,11
2022-01-25,17,10
2022-01-25,18,16
2022-01-25,19,19
2022-01-25,20,19
2022-01-25,21,13
2022-01-25,22,12
2022-01-25,23,15
2022-01-26,0,0
2022-01-26,1,0
2022-01-26,2,0
2022-01-26,3,0
2022-01-26,4,0
2022-01-26,5,0
2022-01-26,6,0
2022-01-26,7,0
2022-01-26,8,0
2022-01-26,9,0
2022-01-26,10,32
2022-01-26,11,39
2022-01-26,12,55
2022-01-26,13,49
2022-01-26,14,45
2022-01-26,15,33
2022-01-26,16,31
2022-01-26,17,32
2022-01-26,18,45
2022-01-26,19,49
2022-01-26,20,49
2022-01-26,21,51
2022-01-26,22,51
2022-01-26,23,55
2022-01-27,0,0
2022-01-27,1,0
2022-01-27,2,0
2022-01-27,3,0
2022-01-27,4,0
2022-01-27,5,0
2022-01-27,6,0
2022-01-27,7,0
2022-01-27,8,0
2022-01-27,9,0
2022-01-27,10,10
2022-01-27,11,9
2022-01-27,12,12
2022-01-27,13,12
2022-01-27,14,12
2022-01-27,15,13
2022-01-27,16,9
2022-01-27,17,8
2022-01-27,18,19
2022-01-27,19,18
2022-01-27,20,18
2022-01-27,21,12
2022-01-27,22,12
2022-01-27,23,16
2022-01-28,0,0
2022-01-28,1,0
2022-01-28,2,0
2022-01-28,3,0
2022-01-28,4,0
2022-01-28,5,0
2022-01-28,6,0
2022-01-28,7,0
2022-01-28,8,0
2022-01-28,9,0
2022-01-28,10,21
2022-01-28,11,24
2022-01-28,12,31
2022-01-28,13,34
2022-01-28,14,31
2022-01-28,15,18
2022-01-28,16,18
2022-01-28,17,18
2022-01-28,18,31
2022-01-28,19,31
2022-01-28,20,28
2022-01-28,21,36
2022-01-28,22,33
2022-01-28,23,36
2022-01-29,0,0
2022-01-29,1,0
2022-01-29,2,0
2022-01-29,3,0
2022-01-29,4,0
2022-01-29,5,0
2022-01-29,6,0
2022-01-29,7,0
2022-01-29,8,0
2022-01-29,9,0
2022-01-29,10,22
2022-01-29,11,23
2022-01-29,12,36
2022-01-29,13,36
2022-01-29,14,28
2022-01-29,15,21
2022-01-29,16,24
2022-01-29,17,21
2022-01-29,18,33
2022-01-29,19,31
2022-01-29,20,33
2022-01-29,21,33
2022-01-29,22,33
2022-01-29,23,34
2022-01-30,0,0
2022-01-30,1,0
2022-01-30,2,0
2022-01-30,3,0
2022-01-30,4,0
2022-01-30,5,0
2022-01-30,6,0
2022-01-30,7,0
2022-01-30,8,0
2022-01-30,9,0
2022-01-30,10,19
2022-01-30,11,18
2022-01-30,12,33
2022-01-30,13,28
2022-01-30,14,28
2022-01-30,15,22
2022-01-30,16,24
2022-01-30,17,18
2022-01-30,18,34
2022-01-30,19,28
2022-01-30,20,31
2022-01-30,21,30
2022-01-30,22,28
2022-01-30,23,34
2022-01-31,0,0
2022-01-31,1,0
2022-01-31,2,0
2022-01-31,3,0
2022-01-31,4,0
2022-01-31,5,0
2022-01-31,6,0
2022-01-31,7,0
2022-01-31,8,0
2022-01-31,9,0
2022-01-31,10,12
2022-01-31,11,9
2022-01-31,12,18
2022-01-31,13,18
2022-01-31,14,12
2022-01-31,15,11
2022-01-31,16,11
2022-01-31,17,8
2022-01-31,18,18
2022-01-31,19,12
2022-01-31,20,16
2022-01-31,21,19
2022-01-31,22,18
2022-01-31,23,12
2022-02-01,0,0
2022-02-01,1,0
2022-02-01,2,0
2022-02-01,3,0
2022-02-01,4,0
2022-02-01,5,0
2022-02-01,6,0
2022-02-01,7,0
2022-02-01,8,0
2022-02-01,9,0
2022-02-01,10,10
2022-02-01,11,9
2022-02-01,12,13
2022-02-01,13,18
2022-02-01,14,19
2022-02-01,15,13
2022-02-01,16,13
2022-02-01,17,11
2022-02-01,18,15
2022-02-01,19,18
2022-02-01,20,15
2022-02-01,21,18
2022-02-01,22,19
2022-02-01,23,13
2022-02-02,0,0
2022-02-02,1,0
2022-02-02,2,0
2022-02-02,3,0
2022-02-02,4,0
2022-02-02,5,0
2022-02-02,6,0
2022-02-02,7,0
2022-02-02,8,0
2022-02-02,9,0
2022-02-02,10,11
2022-02-02,11,10
2022-02-02,12,12
2022-02-02,13,18
2022-02-02,14,13
2022-02-02,15,13
2022-02-02,16,10
2022-02-02,17,8
2022-02-02,18,13
2022-02-02,19,19
2022-02-02,20,18
2022-02-02,21,13
2022-02-02,22,19
2022-02-02,23,15
2022-02-03,0,0
2022-02-03,1,0
2022-02-03,2,0
2022-02-03,3,0
2022-02-03,4,0
2022-02-03,5,0
2022-02-03,6,0
2022-02-03,7,0
2022-02-03,8,0
2022-02-03,9,0
2022-02-03,10,12
2022-02-03,11,13
2022-02-03,12,19
2022-02-03,13,18
2022-02-03,14,19
2022-02-03,15,10
2022-02-03,16,8
2022-02-03,17,10
2022-02-03,18,19
2022-02-03,19,18
2022-02-03,20,18
2022-02-03,21,12
2022-02-03,22,16
2022-02-03,23,18
2022-02-04,0,0
2022-02-04,1,0
2022-02-04,2,0
2022-02-04,3,0
2022-02-04,4,0
2022-02-04,5,0
2022-02-04,6,0
2022-02-04,7,0
2022-02-04,8,0
2022-02-04,9,0
2022-02-04,10,21
2022-02-04,11,22
2022-02-04,12,30
2022-02-04,13,27
2022-02-04,14,36
2022-02-04,15,23
2022-02-04,16,21
2022-02-04,17,23
2022-02-04,18,28
2022-02-04,19,34
2022-02-04,20,34
2022-02-04,21,33
2022-02-04,22,27
2022-02-04,23,31
2022-02-05,0,0
2022-02-05,1,0
2022-02-05,2,0
2022-02-05,3,0
2022-02-05,4,0
2022-02-05,5,0
2022-02-05,6,0
2022-02-05,7,0
2022-02-05,8,0
2022-02-05,9,0
2022-02-05,10,23
2022-02-05,11,18
2022-02-05,12,34
2022-02-05,13,31
2022-02-05,14,36
2022-02-05,15,21
2022-02-05,16,23
2022-02-05,17,20
2022-02-05,18,31
2022-02-05,19,30
2022-02-05,20,27
2022-02-05,21,30
2022-02-05,22,30
2022-02-05,23,34
2022-02-06,0,0
2022-02-06,1,0
2022-02-06,2,0
2022-02-06,3,0
2022-02-06,4,0
2022-02-06,5,0
2022-02-06,6,0
2022-02-06,7,0
2022-02-06,8,0
2022-02-06,9,0
2022-02-06,10,21
2022-02-06,11,20
2022-02-06,12,33
2022-02-06,13,30
2022-02-06,14,34
2022-02-06,15,19
2022-02-06,16,20
2022-02-06,17,19
2022-02-06,18,28
2022-02-06,19,31
2022-02-06,20,27
2022-02-06,21,36
2022-02-06,22,28
2022-02-06,23,28
2022-02-07,0,0
2022-02-07,1,0
2022-02-07,2,0
2022-02-07,3,0
2022-02-07,4,0
2022-02-07,5,0
2022-02-07,6,0
2022-02-07,7,0
2022-02-07,8,0
2022-02-07,9,0
2022-02-07,10,13
2022-02-07,11,10
2022-02-07,12,15
2022-02-07,13,12
2022-02-07,14,15
2022-02-07,15,11
2022-02-07,16,12
2022-02-07,17,12
2022-02-07,18,12
2022-02-07,19,16
2022-02-07,20,18
2022-02-07,21,19
2022-02-07,22,15
2022-02-07,23,18
2022-02-08,0,0
2022-02-08,1,0
2022-02-08,2,0
2022-02-08,3,0
2022-02-08,4,0
2022-02-08,5,0
2022-02-08,6,0
2022-02-08,7,0
2022-02-08,8,0
2022-02-08,9,0
2022-02-08,10,13
2022-02-08,11,9
2022-02-08,12,12
2022-02-08,13,15
2022-02-08,14,12
2022-02-08,15,8
2022-02-08,16,8
2022-02-08,17,13
2022-02-08,18,19
2022-02-08,19,15
2022-02-08,20,16
2022-02-08,21,15
2022-02-08,22,19
2022-02-08,23,18
2022-02-09,0,0
2022-02-09,1,0
2022-02-09,2,0
2022-02-09,3,0
2022-02-09,4,0
2022-02-09,5,0
2022-02-09,6,0
2022-02-09,7,0
2022-02-09,8,0
2022-02-09,9,0
2022-02-09,10,10
2022-02-09,11,8
2022-02-09,12,12
2022-02-09,13,18
2022-02-09,14,19
2022-02-09,15,8
2022-02-09,16,13
2022-02-09,17,10
2022-02-09,18,19
2022-02-09,19,18
2022-02-09,20,19
2022-02-09,21,15
2022-02-09,22,13
2022-02-09,23,19
2022-02-10,0,0
2022-02-10,1,0
2022-02-10,2,0
2022-02-10,3,0
2022-02-10,4,0
2022-02-10,5,0
2022-02-10,6,0
2022-02-10,7,0
2022-02-10,8,0
2022-02-10,9,0
2022-02-10,10,11
2022-02-10,11,12
2022-02-10,12,12
2022-02-10,13,12
2022-02-10,14,18
2022-02-10,15,12
2022-02-10,16,11
2022-02-10,17,12
2022-02-10,18,19
2022-02-10,19,18
2022-02-10,20,19
2022-02-10,21,19
2022-02-10,22,18
2022-02-10,23,19
2022-02-11,0,0
2022-02-11,1,0
2022-02-11,2,0
2022-02-11,3,0
2022-02-11,4,0
2022-02-11,5,0
2022-02-11,6,0
2022-02-11,7,0
2022-02-11,8,0
2022-02-11,9,0
2022-02-11,10,24
2022-02-11,11,19
2022-02-11,12,30
2022-02-11,13,34
2022-02-11,14,28
2022-02-11,15,18
2022-02-11,16,23
2022-02-11,17,19
2022-02-11,18,33
2022-02-11,19,33
2022-02-11,20,27
2022-02-11,21,28
2022-02-11,22,33
2022-02-11,23,33
2022-02-12,0,0
2022-02-12,1,0
2022-02-12,2,0
2022-02-12,3,0
2022-02-12,4,0
2022-02-12,5,0
2022-02-12,6,0
2022-02-12,7,0
2022-02-12,8,0
2022-02-12,9,0
2022-02-12,10,21
2022-02-12,11,20
2022-02-12,12,27
2022-02-12,13,33
2022-02-12,14,33
2022-02-12,15,20
2022-02-12,16,21
2022-02-12,17,23
2022-02-12,18,34
2022-02-12,19,31
2022-02-12,20,31
2022-02-12,21,34
2022-02-12,22,28
2022-02-12,23,28
2022-02-13,0,0
2022-02-13,1,0
2022-02-13,2,0
2022-02-13,3,0
2022-02-13,4,0
2022-02-13,5,0
2022-02-13,6,0
2022-02-13,7,0
2022-02-13,8,0
2022-02-13,9,0
2022-02-13,10,19
2022-02-13,11,19
2022-02-13,12,36
2022-02-13,13,34
2022-02-13,14,30
2022-02-13,15,21
2022-02-13,16,20
2022-02-13,17,18
2022-02-13,18,34
2022-02-13,19,34
2022-02-13,20,27
2022-02-13,21,36
2022-02-13,22,36
2022-02-13,23,28
2022-02-14,0,0
2022-02-14,1,0
2022-02-14,2,0
2022-02-14,3,0
2022-02-14,4,0
2022-02-14,5,0
2022-02-14,6,0
2022-02-14,7,0
2022-02-14,8,0
2022-02-14,9,0
2022-02-14,10,9
2022-02-14,11,8
2022-02-14,12,13
2022-02-14,13,18
2022-02-14,14,18
2022-02-14,15,8
2022-02-14,16,12
2022-02-14,17,9
2022-02-14,18,18
2022-02-14,19,19
2022-02-14,20,18
2022-02-14,21,19
2022-02-14,22,19
2022-02-14,23,15
2022-02-15,0,0
2022-02-15,1,0
2022-02-15,2,0
2022-02-15,3,0
2022-02-15,4,0
2022-02-15,5,0
2022-02-15,6,0
2022-02-15,7,0
2022-02-15,8,0
2022-02-15,9,0
2022-02-15,10,12
2022-02-15,11,9
2022-02-15,12,13
2022-02-15,13,16
2022-02-15,14,19
2022-02-15,15,13
2022-02-15,16,9
2022-02-15,17,8
2022-02-15,18,15
2022-02-15,19,13
2022-02-15,20,18
2022-02-15,21,16
2022-02-15,22,19
2022-02-15,23,15
2022-02-16,0,0
2022-02-16,1,0
2022-02-16,2,0
2022-02-16,3,0
2022-02-16,4,0
2022-02-16,5,0
2022-02-16,6,0
2022-02-16,7,0
2022-02-16,8,0
2022-02-16,9,0
2022-02-16,10,11
2022-02-16,11,13
2022-02-16,12,18
2022-02-16,13,12
2022-02-16,14,19
2022-02-16,15,13
2022-02-16,16,11
2022-02-16,17,11
2022-02-16,18,12
2022-02-16,19,13
2022-02-16,20,13
2022-02-16,21,16
2022-02-16,22,16
2022-02-16,23,19
2022-02-17,0,0
2022-02-17,1,0
2022-02-17,2,0
2022-02-17,3,0
2022-02-17,4,0
2022-02-17,5,0
2022-02-17,6,0
2022-02-17,7,0
2022-02-17,8,0
2022-02-17,9,0
2022-02-17,10,10
2022-02-17,11,11
2022-02-17,12,19
2022-02-17,13,12
2022-02-17,14,12
2022-02-17,15,8
2022-02-17,16,9
2022-02-17,17,10
2022-02-17,18,15
2022-02-17,19,12
2022-02-17,20,18
2022-02-17,21,16
2022-02-17,22,13
2022-02-17,23,15
2022-02-18,0,0
2022-02-18,1,0
2022-02-18,2,0
2022-02-18,3,0
2022-02-18,4,0
2022-02-18,5,0
2022-02-18,6,0
2022-02-18,7,0
2022-02-18,8,0
2022-02-18,9,0
2022-02-18,10,24
2022-02-18,11,20
2022-02-18,12,28
2022-02-18,13,27
2022-02-18,14,27
2022-02-18,15,22
2022-02-18,16,21
2022-02-18,17,20
2022-02-18,18,27
2022-02-18,19,33
2022-02-18,20,36
2022-02-18,21,31
2022-02-18,22,28
2022-02-18,23,33
2022-02-19,0,0
2022-02-19,1,0
2022-02-19,2,0
2022-02-19,3,0
2022-02-19,4,0
2022-02-19,5,0
2022-02-19,6,0
2022-02-19,7,0
2022-02-19,8,0
2022-02-19,9,0
2022-02-19,10,22
2022-02-19,11,18
2022-02-19,12,28
2022-02-19,13,27
2022-02-19,14,31
2022-02-19,15,19
2022-02-19,16,24
2022-02-19,17,19
2022-02-19,18,30
2022-02-19,19,28
2022-02-19,20,33
2022-02-19,21,31
2022-02-19,22,28
2022-02-19,23,31
2022-02-20,0,0
2022-02-20,1,0
2022-02-20,2,0
2022-02-20,3,0
2022-02-20,4,0
2022-02-20,5,0
2022-02-20,6,0
2022-02-20,7,0
2022-02-20,8,0
2022-02-20,9,0
2022-02-20,10,21
2022-02-20,11,19
2022-02-20,12,34
2022-02-20,13,36
2022-02-20,14,27
2022-02-20,15,22
2022-02-20,16,21
2022-02-20,17,24
2022-02-20,18,30
2022-02-20,19,34
2022-02-20,20,33
2022-02-20,21,34
2022-02-20,22,34
2022-02-20,23,27
2022-02-21,0,0
2022-02-21,1,0
2022-02-21,2,0
2022-02-21,3,0
2022-02-21,4,0
2022-02-21,5,0
2022-02-21,6,0
2022-02-21,7,0
2022-02-21,8,0
2022-02-21,9,0
2022-02-21,10,12
2022-02-21,11,9
2022-02-21,12,16
2022-02-21,13,18
2022-02-21,14,15
2022-02-21,15,10
2022-02-21,16,11
2022-02-21,17,9
2022-02-21,18,18
2022-02-21,19,12
2022-02-21,20,12
2022-02-21,21,18
2022-02-21,22,12
2022-02-21,23,18
2022-02-22,0,0
2022-02-22,1,0
2022-02-22,2,0
2022-02-22,3,0
2022-02-22,4,0
2022-02-22,5,0
2022-02-22,6,0
2022-02-22,7,0
2022-02-22,8,0
2022-02-22,9,0
2022-02-22,10,10
2022-02-22,11,8
2022-02-22,12,16
2022-02-22,13,15
2022-02-22,14,19
2022-02-22,15,13
2022-02-22,16,11
2022-02-22,17,8
2022-02-22,18,18
2022-02-22,19,15
2022-02-22,20,16
2022-02-22,21,15
2022-02-22,22,12
2022-02-22,23,19
2022-02-23,0,0
2022-02-23,1,0
2022-02-23,2,0
2022-02-23,3,0
2022-02-23,4,0
2022-02-23,5,0
2022-02-23,6,0
2022-02-23,7,0
2022-02-23,8,0
2022-02-23,9,0
2022-02-23,10,13
2022-02-23,11,9
2022-02-23,12,16
2022-02-23,13,16
2022-02-23,14,12
2022-02-23,15,11
2022-02-23,16,8
2022-02-23,17,10
2022-02-23,18,19
2022-02-23,19,16
2022-02-23,20,13
2022-02-23,21,13
2022-02-23,22,16
2022-02-23,23,15
2022-02-24,0,0
2022-02-24,1,0
2022-02-24,2,0
2022-02-24,3,0
2022-02-24,4,0
2022-02-24,5,0
2022-02-24,6,0
2022-02-24,7,0
2022-02-24,8,0
2022-02-24,9,0
2022-02-24,10,8
2022-02-24,11,10
2022-02-24,12,13
2022-02-24,13,12
2022-02-24,14,19
2022-02-24,15,12
2022-02-24,16,12
2022-02-24,17,12
2022-02-24,18,12
2022-02-24,19,13
2022-02-24,20,19
2022-02-24,21,18
2022-02-24,22,18
2022-02-24,23,13
2022-02-25,0,0
2022-02-25,1,0
2022-02-25,2,0
2022-02-25,3,0
2022-02-25,4,0
2022-02-25,5,0
2022-02-25,6,0
2022-02-25,7,0
2022-02-25,8,0
2022-02-25,9,0
2022-02-25,10,18
2022-02-25,11,20
2022-02-25,12,27
2022-02-25,13,36
2022-02-25,14,30
2022-02-25,15,22
2022-02-25,16,21
2022-02-25,17,21
2022-02-25,18,27
2022-02-25,19,33
2022-02-25,20,27
2022-02-25,21,36
2022-02-25,22,28
2022-02-25,23,27
2022-02-26,0,0
2022-02-26,1,0
2022-02-26,2,0
2022-02-26,3,0
2022-02-26,4,0
2022-02-26,5,0
2022-02-26,6,0
2022-02-26,7,0
2022-02-26,8,0
2022-02-26,9,0
2022-02-26,10,22
2022-02-26,11,23
2022-02-26,12,28
2022-02-26,13,27
2022-02-26,14,36
2022-02-26,15,23
2022-02-26,16,20
2022-02-26,17,23
2022-02-26,18,27
2022-02-26,19,27
2022-02-26,20,33
2022-02-26,21,28
2022-02-26,22,36
2022-02-26,23,28
2022-02-27,0,0
2022-02-27,1,0
2022-02-27,2,0
2022-02-27,3,0
2022-02-27,4,0
2022-02-27,5,0
2022-02-27,6,0
2022-02-27,7,0
2022-02-27,8,0
2022-02-27,9,0
2022-02-27,10,19
2022-02-27,11,23
2022-02-27,12,34
2022-02-27,13,34
2022-02-27,14,27
2022-02-27,15,21
2022-02-27,16,19
2022-02-27,17,20
2022-02-27,18,36
2022-02-27,19,31
2022-02-27,20,31
2022-02-27,21,30
2022-02-27,22,33
2022-02-27,23,36
2022-02-28,0,0
2022-02-28,1,0
2022-02-28,2,0
2022-02-28,3,0
2022-02-28,4,0
2022-02-28,5,0
2022-02-28,6,0
2022-02-28,7,0
2022-02-28,8,0
2022-02-28,9,0
2022-02-28,10,11
2022-02-28,11,10
2022-02-28,12,13
2022-02-28,13,12
2022-02-28,14,16
2022-02-28,15,9
2022-02-28,16,11
2022-02-28,17,10
2022-02-28,18,16
2022-02-28,19,12
2022-02-28,20,13
2022-02-28,21,19
2022-02-28,22,19
2022-02-28,23,15
2022-03-01,0,0
2022-03-01,1,0
2022-03-01,2,0
2022-03-01,3,0
2022-03-01,4,0
2022-03-01,5,0
2022-03-01,6,0
2022-03-01,7,0
2022-03-01,8,0
2022-03-01,9,0
2022-03-01,10,32
2022-03-01,11,30
2022-03-01,12,52
2022-03-01,13,49
2022-03-01,14,51
2022-03-01,15,35
2022-03-01,16,30
2022-03-01,17,37
2022-03-01,18,46
2022-03-01,19,57
2022-03-01,20,51
2022-03-01,21,46
2022-03-01,22,57
2022-03-01,23,49
2022-03-02,0,0
2022-03-02,1,0
2022-03-02,2,0
2022-03-02,3,0
2022-03-02,4,0
2022-03-02,5,0
2022-03-02,6,0
2022-03-02,7,0
2022-03-02,8,0
2022-03-02,9,0
2022-03-02,10,9
2022-03-02,11,8
2022-03-02,12,13
2022-03-02,13,15
2022-03-02,14,15
2022-03-02,15,9
2022-03-02,16,13
2022-03-02,17,12
2022-03-02,18,12
2022-03-02,19,13
2022-03-02,20,13
2022-03-02,21,13
2022-03-02,22,15
2022-03-02,23,18
2022-03-03,0,0
2022-03-03,1,0
2022-03-03,2,0
2022-03-03,3,0
2022-03-03,4,0
2022-03-03,5,0
2022-03-03,6,0
2022-03-03,7,0
2022-03-03,8,0
2022-03-03,9,0
2022-03-03,10,12
2022-03-03,11,12
2022-03-03,12,15
2022-03-03,13,18
2022-03-03,14,16
2022-03-03,15,13
2022-03-03,16,11
2022-03-03,17,10
2022-03-03,18,15
2022-03-03,19,16
2022-03-03,20,19
2022-03-03,21,15
2022-03-03,22,12
2022-03-03,23,12
2022-03-04,0,0
2022-03-04,1,0
2022-03-04,2,0
2022-03-04,3,0
2022-03-04,4,0
2022-03-04,5,0
2022-03-04,6,0
2022-03-04,7,0
2022-03-04,8,0
2022-03-04,9,0
2022-03-04,10,21
2022-03-04,11,20
2022-03-04,12,34
2022-03-04,13,28
2022-03-04,14,36
2022-03-04,15,24
2022-03-04,16,24
2022-03-04,17,23
2022-03-04,18,31
2022-03-04,19,27
2022-03-04,20,34
2022-03-04,21,34
2022-03-04,22,27
2022-03-04,23,36
2022-03-05,0,0
2022-03-05,1,0
2022-03-05,2,0
2022-03-05,3,0
2022-03-05,4,0
2022-03-05,5,0
2022-03-05,6,0
2022-03-05,7,0
2022-03-05,8,0
2022-03-05,9,0
2022-03-05,10,23
2022-03-05,11,18
2022-03-05,12,33
2022-03-05,13,33
2022-03-05,14,28
2022-03-05,15,20
2022-03-05,16,23
2022-03-05,17,20
2022-03-05,18,30
2022-03-05,19,34
2022-03-05,20,31
2022-03-05,21,36
2022-03-05,22,31
2022-03-05,23,28
2022-03-06,0,0
2022-03-06,1,0
2022-03-06,2,0
2022-03-06,3,0
2022-03-06,4,0
2022-03-06,5,0
2022-03-06,6,0
2022-03-06,7,0
2022-03-06,8,0
2022-03-06,9,0
2022-03-06,10,21
2022-03-06,11,19
2022-03-06,12,33
2022-03-06,13,31
2022-03-06,14,30
2022-03-06,15,18
2022-03-06,16,20
2022-03-06,17,19
2022-03-06,18,34
2022-03-06,19,30
2022-03-06,20,33
2022-03-06,21,28
2022-03-06,22,33
2022-03-06,23,27
2022-03-07,0,0
2022-03-07,1,0
2022-03-07,2,0
2022-03-07,3,0
2022-03-07,4,0
2022-03-07,5,0
2022-03-07,6,0
2022-03-07,7,0
2022-03-07,8,0
2022-03-07,9,0
2022-03-07,10,10
2022-03-07,11,12
2022-03-07,12,18
2022-03-07,13,13
2022-03-07,14,19
2022-03-07,15,8
2022-03-07,16,12
2022-03-07,17,13
2022-03-07,18,12
2022-03-07,19,12
2022-03-07,20,13
2022-03-07,21,19
2022-03-07,22,19
2022-03-07,23,16
2022-03-08,0,0
2022-03-08,1,0
2022-03-08,2,0
2022-03-08,3,0
2022-03-08,4,0
2022-03-08,5,0
2022-03-08,6,0
2022-03-08,7,0
2022-03-08,8,0
2022-03-08,9,0
2022-03-08,10,12
2022-03-08,11,13
2022-03-08,12,16
2022-03-08,13,18
2022-03-08,14,15
2022-03-08,15,9
2022-03-08,16,12
2022-03-08,17,8
2022-03-08,18,18
2022-03-08,19,16
2022-03-08,20,16
2022-03-08,21,13
2022-03-08,22,16
2022-03-08,23,19
2022-03-09,0,0
2022-03-09,1,0
2022-03-09,2,0
2022-03-09,3,0
2022-03-09,4,0
2022-03-09,5,0
2022-03-09,6,0
2022-03-09,7,0
2022-03-09,8,0
2022-03-09,9,0
2022-03-09,10,13
2022-03-09,11,8
2022-03-09,12,13
2022-03-09,13,12
2022-03-09,14,18
2022-03-09,15,10
2022-03-09,16,10
2022-03-09,17,12
2022-03-09,18,19
2022-03-09,19,18
2022-03-09,20,19
2022-03-09,21,19
2022-03-09,22,15
2022-03-09,23,18
2022-03-10,0,0
2022-03-10,1,0
2022-03-10,2,0
2022-03-10,3,0
2022-03-10,4,0
2022-03-10,5,0
2022-03-10,6,0
2022-03-10,7,0
2022-03-10,8,0
2022-03-10,9,0
2022-03-10,10,9
2022-03-10,11,10
2022-03-10,12,13
2022-03-10,13,19
2022-03-10,14,18
2022-03-10,15,8
2022-03-10,16,8
2022-03-10,17,10
2022-03-10,18,13
2022-03-10,19,19
2022-03-10,20,19
2022-03-10,21,12
2022-03-10,22,18
2022-03-10,23,15
2022-03-11,0,0
2022-03-11,1,0
2022-03-11,2,0
2022-03-11,3,0
2022-03-11,4,0
2022-03-11,5,0
2022-03-11,6,0
2022-03-11,7,0
2022-03-11,8,0
2022-03-11,9,0
2022-03-11,10,22
2022-03-11,11,23
2022-03-11,12,28
2022-03-11,13,33
2022-03-11,14,30
2022-03-11,15,20
2022-03-11,16,20
2022-03-11,17,20
2022-03-11,18,33
2022-03-11,19,34
2022-03-11,20,36
2022-03-11,21,27
2022-03-11,22,31
2022-03-11,23,34
2022-03-12,0,0
2022-03-12,1,0
2022-03-12,2,0
2022-03-12,3,0
2022-03-12,4,0
2022-03-12,5,0
2022-03-12,6,0
2022-03-12,7,0
2022-03-12,8,0
2022-03-12,9,0
2022-03-12,10,22
2022-03-12,11,18
2022-03-12,12,27
2022-03-12,13,30
2022-03-12,14,27
2022-03-12,15,23
2022-03-12,16,18
2022-03-12,17,20
2022-03-12,18,33
2022-03-12,19,31
2022-03-12,20,36
2022-03-12,21,31
2022-03-12,22,30
2022-03-12,23,33
2022-03-13,0,0
2022-03-13,1,0
2022-03-13,2,0
2022-03-13,3,0
2022-03-13,4,0
2022-03-13,5,0
2022-03-13,6,0
2022-03-13,7,0
2022-03-13,8,0
2022-03-13,9,0
2022-03-13,10,18
2022-03-13,11,20
2022-03-13,12,34
2022-03-13,13,31
2022-03-13,14,34
2022-03-13,15,23
2022-03-13,16,23
2022-03-13,17,23
2022-03-13,18,33
2022-03-13,19,36
2022-03-13,20,33
2022-03-13,21,36
2022-03-13,22,34
2022-03-13,23,28
2022-03-14,0,0
2022-03-14,1,0
2022-03-14,2,0
2022-03-14,3,0
2022-03-14,4,0
2022-03-14,5,0
2022-03-14,6,0
2022-03-14,7,0
2022-03-14,8,0
2022-03-14,9,0
2022-03-14,10,10
2022-03-14,11,8
2022-03-14,12,12
2022-03-14,13,19
2022-03-14,14,18
2022-03-14,15,8
2022-03-14,16,13
2022-03-14,17,12
2022-03-14,18,19
2022-03-14,19,12
2022-03-14,20,18
2022-03-14,21,19
2022-03-14,22,18
2022-03-14,23,18
2022-03-15,0,0
2022-03-15,1,0
2022-03-15,2,0
2022-03-15,3,0
2022-03-15,4,0
2022-03-15,5,0
2022-03-15,6,0
2022-03-15,7,0
2022-03-15,8,0
2022-03-15,9,0
2022-03-15,10,11
2022-03-15,11,13
2022-03-15,12,13
2022-03-15,13,13
2022-03-15,14,12
2022-03-15,15,11
2022-03-15,16,9
2022-03-15,17,10
2022-03-15,18,15
2022-03-15,19,13
2022-03-15,20,12
2022-03-15,21,15
2022-03-15,22,13
2022-03-15,23,19
2022-03-16,0,0
2022-03-16,1,0
2022-03-16,2,0
2022-03-16,3,0
2022-03-16,4,0
2022-03-16,5,0
2022-03-16,6,0
2022-03-16,7,0
2022-03-16,8,0
2022-03-16,9,0
2022-03-16,10,10
2022-03-16,11,10
2022-03-16,12,15
2022-03-16,13,18
2022-03-16,14,18
2022-03-16,15,13
2022-03-16,16,8
2022-03-16,17,12
2022-03-16,18,15
2022-03-16,19,16
2022-03-16,20,15
2022-03-16,21,12
2022-03-16,22,16
2022-03-16,23,19
2022-03-17,0,0
2022-03-17,1,0
2022-03-17,2,0
2022-03-17,3,0
2022-03-17,4,0
2022-03-17,5,0
2022-03-17,6,0
2022-03-17,7,0
2022-03-17,8,0
2022-03-17,9,0
2022-03-17,10,12
2022-03-17,11,8
2022-03-17,12,13
2022-03-17,13,18
2022-03-17,14,15
2022-03-17,15,8
2022-03-17,16,13
2022-03-17,17,8
2022-03-17,18,12
2022-03-17,19,19
2022-03-17,20,15
2022-03-17,21,18
2022-03-17,22,15
2022-03-17,23,18
2022-03-18,0,0
2022-03-18,1,0
2022-03-18,2,0
2022-03-18,3,0
2022-03-18,4,0
2022-03-18,5,0
2022-03-18,6,0
2022-03-18,7,0
2022-03-18,8,0
2022-03-18,9,0
2022-03-18,10,33
2022-03-18,11,37
2022-03-18,12,55
2022-03-18,13,57
2022-03-18,14,57
2022-03-18,15,35
2022-03-18,16,37
2022-03-18,17,38
2022-03-18,18,46
2022-03-18,19,58
2022-03-18,20,52
2022-03-18,21,48
2022-03-18,22,48
2022-03-18,23,55
2022-03-19,0,0
2022-03-19,1,0
2022-03-19,2,0
2022-03-19,3,0
2022-03-19,4,0
2022-03-19,5,0
2022-03-19,6,0
2022-03-19,7,0
2022-03-19,8,0
2022-03-19,9,0
2022-03-19,10,23
2022-03-19,11,19
2022-03-19,12,33
2022-03-19,13,30
2022-03-19,14,27
2022-03-19,15,20
2022-03-19,16,18
2022-03-19,17,18
2022-03-19,18,34
2022-03-19,19,34
2022-03-19,20,27
2022-03-19,21,31
2022-03-19,22,36
2022-03-19,23,34
2022-03-20,0,0
2022-03-20,1,0
2022-03-20,2,0
2022-03-20,3,0
2022-03-20,4,0
2022-03-20,5,0
2022-03-20,6,0
2022-03-20,7,0
2022-03-20,8,0
2022-03-20,9,0
2022-03-20,10,22
2022-03-20,11,23
2022-03-20,12,36
2022-03-20,13,30
2022-03-20,14,27
2022-03-20,15,19
2022-03-20,16,23
2022-03-20,17,23
2022-03-20,18,30
2022-03-20,19,30
2022-03-20,20,34
2022-03-20,21,33
2022-03-20,22,31
2022-03-20,23,31
2022-03-21,0,0
2022-03-21,1,0
2022-03-21,2,0
2022-03-21,3,0
2022-03-21,4,0
2022-03-21,5,0
2022-03-21,6,0
2022-03-21,7,0
2022-03-21,8,0
2022-03-21,9,0
2022-03-21,10,13
2022-03-21,11,13
2022-03-21,12,15
2022-03-21,13,18
2022-03-21,14,13
2022-03-21,15,13
2022-03-21,16,9
2022-03-21,17,11
2022-03-21,18,19
2022-03-21,19,13
2022-03-21,20,12
2022-03-21,21,13
2022-03-21,22,18
2022-03-21,23,19
2022-03-22,0,0
2022-03-22,1,0
2022-03-22,2,0
2022-03-22,3,0
2022-03-22,4,0
2022-03-22,5,0
2022-03-22,6,0
2022-03-22,7,0
2022-03-22,8,0
2022-03-22,9,0
2022-03-22,10,13
2022-03-22,11,9
2022-03-22,12,12
2022-03-22,13,19
2022-03-22,14,15
2022-03-22,15,12
2022-03-22,16,11
2022-03-22,17,13
2022-03-22,18,16
2022-03-22,19,18
2022-03-22,20,16
2022-03-22,21,16
2022-03-22,22,16
2022-03-22,23,18
2022-03-23,0,0
2022-03-23,1,0
2022-03-23,2,0
2022-03-23,3,0
2022-03-23,4,0
2022-03-23,5,0
2022-03-23,6,0
2022-03-23,7,0
2022-03-23,8,0
2022-03-23,9,0
2022-03-23,10,9
2022-03-23,11,10
2022-03-23,12,16
2022-03-23,13,16
2022-03-23,14,19
2022-03-23,15,10
2022-03-23,16,10
2022-03-23,17,8
2022-03-23,18,13
2022-03-23,19,15
2022-03-23,20,16
2022-03-23,21,19
2022-03-23,22,15
2022-03-23,23,16
2022-03-24,0,0
2022-03-24,1,0
2022-03-24,2,0
2022-03-24,3,0
2022-03-24,4,0
2022-03-24,5,0
2022-03-24,6,0
2022-03-24,7,0
2022-03-24,8,0
2022-03-24,9,0
2022-03-24,10,11
2022-03-24,11,10
2022-03-24,12,15
2022-03-24,13,18
2022-03-24,14,16
2022-03-24,15,12
2022-03-24,16,12
2022-03-24,17,10
2022-03-24,18,12
2022-03-24,19,19
2022-03-24,20,13
2022-03-24,21,19
2022-03-24,22,16
2022-03-24,23,13
2022-03-25,0,0
2022-03-25,1,0
2022-03-25,2,0
2022-03-25,3,0
2022-03-25,4,0
2022-03-25,5,0
2022-03-25,6,0
2022-03-25,7,0
2022-03-25,8,0
2022-03-25,9,0
2022-03-25,10,19
2022-03-25,11,21
2022-03-25,12,28
2022-03-25,13,28
2022-03-25,14,34
2022-03-25,15,20
2022-03-25,16,19
2022-03-25,17,24
2022-03-25,18,34
2022-03-25,19,31
2022-03-25,20,34
2022-03-25,21,36
2022-03-25,22,28
2022-03-25,23,27
2022-03-26,0,0
2022-03-26,1,0
2022-03-26,2,0
2022-03-26,3,0
2022-03-26,4,0
2022-03-26,5,0
2022-03-26,6,0
2022-03-26,7,0
2022-03-26,8,0
2022-03-26,9,0
2022-03-26,10,24
2022-03-26,11,18
2022-03-26,12,33
2022-03-26,13,34
2022-03-26,14,33
2022-03-26,15,22
2022-03-26,16,20
2022-03-26,17,21
2022-03-26,18,31
2022-03-26,19,34
2022-03-26,20,33
2022-03-26,21,31
2022-03-26,22,36
2022-03-26,23,33
2022-03-27,0,0
2022-03-27,1,0
2022-03-27,2,0
2022-03-27,3,0
2022-03-27,4,0
2022-03-27,5,0
2022-03-27,6,0
2022-03-27,7,0
2022-03-27,8,0
2022-03-27,9,0
2022-03-27,10,21
2022-03-27,11,18
2022-03-27,12,34
2022-03-27,13,33
2022-03-27,14,34
2022-03-27,15,24
2022-03-27,16,22
2022-03-27,17,23
2022-03-27,18,36
2022-03-27,19,34
2022-03-27,20,30
2022-03-27,21,31
2022-03-27,22,36
2022-03-27,23,33
2022-03-28,0,0
2022-03-28,1,0
2022-03-28,2,0
2022-03-28,3,0
2022-03-28,4,0
2022-03-28,5,0
2022-03-28,6,0
2022-03-28,7,0
2022-03-28,8,0
2022-03-28,9,0
2022-03-28,10,9
2022-03-28,11,13
2022-03-28,12,19
2022-03-28,13,19
2022-03-28,14,13
2022-03-28,15,11
2022-03-28,16,12
2022-03-28,17,13
2022-03-28,18,18
2022-03-28,19,12
2022-03-28,20,15
2022-03-28,21,15
2022-03-28,22,15
2022-03-28,23,16
2022-03-29,0,0
2022-03-29,1,0
2022-03-29,2,0
2022-03-29,3,0
2022-03-29,4,0
2022-03-29,5,0
2022-03-29,6,0
2022-03-29,7,0
2022-03-29,8,0
2022-03-29,9,0
2022-03-29,10,8
2022-03-29,11,10
2022-03-29,12,12
2022-03-29,13,19
2022-03-29,14,16
2022-03-29,15,9
2022-03-29,16,12
2022-03-29,17,12
2022-03-29,18,13
2022-03-29,19,18
2022-03-29,20,16
2022-03-29,21,18
2022-03-29,22,19
2022-03-29,23,12
2022-03-30,0,0
2022-03-30,1,0
2022-03-30,2,0
2022-03-30,3,0
2022-03-30,4,0
2022-03-30,5,0
2022-03-30,6,0
2022-03-30,7,0
2022-03-30,8,0
2022-03-30,9,0
2022-03-30,10,12
2022-03-30,11,10
2022-03-30,12,12
2022-03-30,13,18
2022-03-30,14,19
2022-03-30,15,12
2022-03-30,16,11
2022-03-30,17,13
2022-03-30,18,16
2022-03-30,19,13
2022-03-30,20,19
2022-03-30,21,12
2022-03-30,22,16
2022-03-30,23,16
2022-03-31,0,0
2022-03-31,1,0
2022-03-31,2,0
2022-03-31,3,0
2022-03-31,4,0
2022-03-31,5,0
2022-03-31,6,0
2022-03-31,7,0
2022-03-31,8,0
2022-03-31,9,0
2022-03-31,10,9
2022-03-31,11,12
2022-03-31,12,19
2022-03-31,13,16
2022-03-31,14,19
2022-03-31,15,12
2022-03-31,16,11
2022-03-31,17,11
2022-03-31,18,18
2022-03-31,19,16
2022-03-31,20,12
2022-03-31,21,13
2022-03-31,22,19
2022-03-31,23,15
2022-04-01,0,0
2022-04-01,1,0
2022-04-01,2,0
2022-04-01,3,0
2022-04-01,4,0
2022-04-01,5,0
2022-04-01,6,0
2022-04-01,7,0
2022-04-01,8,0
2022-04-01,9,0
2022-04-01,10,21
2022-04-01,11,20
2022-04-01,12,27
2022-04-01,13,31
2022-04-01,14,30
2022-04-01,15,21
2022-04-01,16,18
2022-04-01,17,24
2022-04-01,18,36
2022-04-01,19,36
2022-04-01,20,28
2022-04-01,21,30
2022-04-01,22,30
2022-04-01,23,30
2022-04-02,0,0
2022-04-02,1,0
2022-04-02,2,0
2022-04-02,3,0
2022-04-02,4,0
2022-04-02,5,0
2022-04-02,6,0
2022-04-02,7,0
2022-04-02,8,0
2022-04-02,9,0
2022-04-02,10,21
2022-04-02,11,23
2022-04-02,12,33
2022-04-02,13,30
2022-04-02,14,36
2022-04-02,15,19
2022-04-02,16,19
2022-04-02,17,18
2022-04-02,18,34
2022-04-02,19,34
2022-04-02,20,36
2022-04-02,21,33
2022-04-02,22,34
2022-04-02,23,27
2022-04-03,0,0
2022-04-03,1,0
2022-04-03,2,0
2022-04-03,3,0
2022-04-03,4,0
2022-04-03,5,0
2022-04-03,6,0
2022-04-03,7,0
2022-04-03,8,0
2022-04-03,9,0
2022-04-03,10,18
2022-04-03,11,18
2022-04-03,12,30
2022-04-03,13,30
2022-04-03,14,34
2022-04-03,15,23
2022-04-03,16,21
2022-04-03,17,24
2022-04-03,18,27
2022-04-03,19,34
2022-04-03,20,36
2022-04-03,21,31
2022-04-03,22,34
2022-04-03,23,33
2022-04-04,0,0
2022-04-04,1,0
2022-04-04,2,0
2022-04-04,3,0
2022-04-04,4,0
2022-04-04,5,0
2022-04-04,6,0
2022-04-04,7,0
2022-04-04,8,0
2022-04-04,9,0
2022-04-04,10,11
2022-04-04,11,12
2022-04-04,12,13
2022-04-04,13,16
2022-04-04,14,18
2022-04-04,15,11
2022-04-04,16,8
2022-04-04,17,9
2022-04-04,18,18
2022-04-04,19,18
2022-04-04,20,13
2022-04-04,21,15
2022-04-04,22,18
2022-04-04,23,15
2022-04-05,0,0
2022-04-05,1,0
2022-04-05,2,0
2022-04-05,3,0
2022-04-05,4,0
2022-04-05,5,0
2022-04-05,6,0
2022-04-05,7,0
2022-04-05,8,0
2022-04-05,9,0
2022-04-05,10,8
2022-04-05,11,8
2022-04-05,12,18
2022-04-05,13,12
2022-04-05,14,15
2022-04-05,15,13
2022-04-05,16,13
2022-04-05,17,10
2022-04-05,18,15
2022-04-05,19,13
2022-04-05,20,13
2022-04-05,21,18
2022-04-05,22,12
2022-04-05,23,19
2022-04-06,0,0
2022-04-06,1,0
2022-04-06,2,0
2022-04-06,3,0
2022-04-06,4,0
2022-04-06,5,0
2022-04-06,6,0
2022-04-06,7,0
2022-04-06,8,0
2022-04-06,9,0
2022-04-06,10,9
2022-04-06,11,10
2022-04-06,12,18
2022-04-06,13,13
2022-04-06,14,16
2022-04-06,15,9
2022-04-06,16,11
2022-04-06,17,12
2022-04-06,18,18
2022-04-06,19,16
2022-04-06,20,12
2022-04-06,21,13
2022-04-06,22,12
2022-04-06,23,16
2022-04-07,0,0
2022-04-07,1,0
2022-04-07,2,0
2022-04-07,3,0
2022-04-07,4,0
2022-04-07,5,0
2022-04-07,6,0
2022-04-07,7,0
2022-04-07,8,0
2022-04-07,9,0
2022-04-07,10,13
2022-04-07,11,9
2022-04-07,12,19
2022-04-07,13,16
2022-04-07,14,12
2022-04-07,15,11
2022-04-07,16,13
2022-04-07,17,12
2022-04-07,18,18
2022-04-07,19,15
2022-04-07,20,18
2022-04-07,21,16
2022-04-07,22,13
2022-04-07,23,18
2022-04-08,0,0
2022-04-08,1,0
2022-04-08,2,0
2022-04-08,3,0
2022-04-08,4,0
2022-04-08,5,0
2022-04-08,6,0
2022-04-08,7,0
2022-04-08,8,0
2022-04-08,9,0
2022-04-08,10,24
2022-04-08,11,22
2022-04-08,12,31
2022-04-08,13,36
2022-04-08,14,33
2022-04-08,15,19
2022-04-08,16,21
2022-04-08,17,21
2022-04-08,18,30
2022-04-08,19,28
2022-04-08,20,31
2022-04-08,21,34
2022-04-08,22,28
2022-04-08,23,27
2022-04-09,0,0
2022-04-09,1,0
2022-04-09,2,0
2022-04-09,3,0
2022-04-09,4,0
2022-04-09,5,0
2022-04-09,6,0
2022-04-09,7,0
2022-04-09,8,0
2022-04-09,9,0
2022-04-09,10,24
2022-04-09,11,18
2022-04-09,12,34
2022-04-09,13,28
2022-04-09,14,30
2022-04-09,15,21
2022-04-09,16,19
2022-04-09,17,21
2022-04-09,18,33
2022-04-09,19,27
2022-04-09,20,30
2022-04-09,21,30
2022-04-09,22,34
2022-04-09,23,30
2022-04-10,0,0
2022-04-10,1,0
2022-04-10,2,0
2022-04-10,3,0
2022-04-10,4,0
2022-04-10,5,0
2022-04-10,6,0
2022-04-10,7,0
2022-04-10,8,0
2022-04-10,9,0
2022-04-10,10,18
2022-04-10,11,18
2022-04-10,12,30
2022-04-10,13,31
2022-04-10,14,33
2022-04-10,15,22
2022-04-10,16,19
2022-04-10,17,24
2022-04-10,18,31
2022-04-10,19,36
2022-04-10,20,28
2022-04-10,21,30
2022-04-10,22,33
2022-04-10,23,36
2022-04-11,0,0
2022-04-11,1,0
2022-04-11,2,0
2022-04-11,3,0
2022-04-11,4,0
2022-04-11,5,0
2022-04-11,6,0
2022-04-11,7,0
2022-04-11,8,0
2022-04-11,9,0
2022-04-11,10,8
2022-04-11,11,8
2022-04-11,12,16
2022-04-11,13,13
2022-04-11,14,15
2022-04-11,15,8
2022-04-11,16,12
2022-04-11,17,12
2022-04-11,18,19
2022-04-11,19,15
2022-04-11,20,12
2022-04-11,21,13
2022-04-11,22,19
2022-04-11,23,19
2022-04-12,0,0
2022-04-12,1,0
2022-04-12,2,0
2022-04-12,3,0
2022-04-12,4,0
2022-04-12,5,0
2022-04-12,6,0
2022-04-12,7,0
2022-04-12,8,0
2022-04-12,9,0
2022-04-12,10,13
2022-04-12,11,12
2022-04-12,12,18
2022-04-12,13,13
2022-04-12,14,13
2022-04-12,15,9
2022-04-12,16,9
2022-04-12,17,11
2022-04-12,18,16
2022-04-12,19,15
2022-04-12,20,13
2022-04-12,21,15
2022-04-12,22,18
2022-04-12,23,13
2022-04-13,0,0
2022-04-13,1,0
2022-04-13,2,0
2022-04-13,3,0
2022-04-13,4,0
2022-04-13,5,0
2022-04-13,6,0
2022-04-13,7,0
2022-04-13,8,0
2022-04-13,9,0
2022-04-13,10,10
2022-04-13,11,12
2022-04-13,12,19
2022-04-13,13,19
2022-04-13,14,18
2022-04-13,15,8
2022-04-13,16,10
2022-04-13,17,13
2022-04-13,18,16
2022-04-13,19,15
2022-04-13,20,12
2022-04-13,21,12
2022-04-13,22,16
2022-04-13,23,12
2022-04-14,0,0
2022-04-14,1,0
2022-04-14,2,0
2022-04-14,3,0
2022-04-14,4,0
2022-04-14,5,0
2022-04-14,6,0
2022-04-14,7,0
2022-04-14,8,0
2022-04-14,9,0
2022-04-14,10,33
2022-04-14,11,39
2022-04-14,12,54
2022-04-14,13,58
2022-04-14,14,46
2022-04-14,15,34
2022-04-14,16,32
2022-04-14,17,37
2022-04-14,18,51
2022-04-14,19,51
2022-04-14,20,48
2022-04-14,21,52
2022-04-14,22,58
2022-04-14,23,55
2022-04-15,0,0
2022-04-15,1,0
2022-04-15,2,0
2022-04-15,3,0
2022-04-15,4,0
2022-04-15,5,0
2022-04-15,6,0
2022-04-15,7,0
2022-04-15,8,0
2022-04-15,9,0
2022-04-15,10,30
2022-04-15,11,32
2022-04-15,12,45
2022-04-15,13,45
2022-04-15,14,49
2022-04-15,15,36
2022-04-15,16,33
2022-04-15,17,35
2022-04-15,18,45
2022-04-15,19,57
2022-04-15,20,46
2022-04-15,21,55
2022-04-15,22,45
2022-04-15,23,48
2022-04-16,0,0
2022-04-16,1,0
2022-04-16,2,0
2022-04-16,3,0
2022-04-16,4,0
2022-04-16,5,0
2022-04-16,6,0
2022-04-16,7,0
2022-04-16,8,0
2022-04-16,9,0
2022-04-16,10,23
2022-04-16,11,23
2022-04-16,12,27
2022-04-16,13,27
2022-04-16,14,28
2022-04-16,15,22
2022-04-16,16,24
2022-04-16,17,19
2022-04-16,18,30
2022-04-16,19,33
2022-04-16,20,27
2022-04-16,21,31
2022-04-16,22,27
2022-04-16,23,30
2022-04-17,0,0
2022-04-17,1,0
2022-04-17,2,0
2022-04-17,3,0
2022-04-17,4,0
2022-04-17,5,0
2022-04-17,6,0
2022-04-17,7,0
2022-04-17,8,0
2022-04-17,9,0
2022-04-17,10,21
2022-04-17,11,21
2022-04-17,12,34
2022-04-17,13,36
2022-04-17,14,31
2022-04-17,15,24
2022-04-17,16,24
2022-04-17,17,24
2022-04-17,18,36
2022-04-17,19,27
2022-04-17,20,31
2022-04-17,21,33
2022-04-17,22,28
2022-04-17,23,34
2022-04-18,0,0
2022-04-18,1,0
2022-04-18,2,0
2022-04-18,3,0
2022-04-18,4,0
2022-04-18,5,0
2022-04-18,6,0
2022-04-18,7,0
2022-04-18,8,0
2022-04-18,9,0
2022-04-18,10,8
2022-04-18,11,8
2022-04-18,12,15
2022-04-18,13,16
2022-04-18,14,18
2022-04-18,15,8
2022-04-18,16,9
2022-04-18,17,8
2022-04-18,18,13
2022-04-18,19,13
2022-04-18,20,13
2022-04-18,21,12
2022-04-18,22,18
2022-04-18,23,19
2022-04-19,0,0
2022-04-19,1,0
2022-04-19,2,0
2022-04-19,3,0
2022-04-19,4,0
2022-04-19,5,0
2022-04-19,6,0
2022-04-19,7,0
2022-04-19,8,0
2022-04-19,9,0
2022-04-19,10,8
2022-04-19,11,10
2022-04-19,12,13
2022-04-19,13,15
2022-04-19,14,19
2022-04-19,15,10
2022-04-19,16,9
2022-04-19,17,8
2022-04-19,18,12
2022-04-19,19,12
2022-04-19,20,15
2022-04-19,21,19
2022-04-19,22,15
2022-04-19,23,16
2022-04-20,0,0
2022-04-20,1,0
2022-04-20,2,0
2022-04-20,3,0
2022-04-20,4,0
2022-04-20,5,0
2022-04-20,6,0
2022-04-20,7,0
2022-04-20,8,0
2022-04-20,9,0
2022-04-20,10,12
2022-04-20,11,11
2022-04-20,12,13
2022-04-20,13,12
2022-04-20,14,16
2022-04-20,15,10
2022-04-20,16,12
2022-04-20,17,9
2022-04-20,18,12
2022-04-20,19,12
2022-04-20,20,12
2022-04-20,21,12
2022-04-20,22,12
2022-04-20,23,18
2022-04-21,0,0
2022-04-21,1,0
2022-04-21,2,0
2022-04-21,3,0
2022-04-21,4,0
2022-04-21,5,0
2022-04-21,6,0
2022-04-21,7,0
2022-04-21,8,0
2022-04-21,9,0
2022-04-21,10,12
2022-04-21,11,10
2022-04-21,12,12
2022-04-21,13,15
2022-04-21,14,15
2022-04-21,15,10
2022-04-21,16,10
2022-04-21,17,10
2022-04-21,18,12
2022-04-21,19,16
2022-04-21,20,13
2022-04-21,21,19
2022-04-21,22,16
2022-04-21,23,13
2022-04-22,0,0
2022-04-22,1,0
2022-04-22,2,0
2022-04-22,3,0
2022-04-22,4,0
2022-04-22,5,0
2022-04-22,6,0
2022-04-22,7,0
2022-04-22,8,0
2022-04-22,9,0
2022-04-22,10,23
2022-04-22,11,20
2022-04-22,12,36
2022-04-22,13,36
2022-04-22,14,31
2022-04-22,15,21
2022-04-22,16,18
2022-04-22,17,24
2022-04-22,18,36
2022-04-22,19,36
2022-04-22,20,27
2022-04-22,21,36
2022-04-22,22,30
2022-04-22,23,36
2022-04-23,0,0
2022-04-23,1,0
2022-04-23,2,0
2022-04-23,3,0
2022-04-23,4,0
2022-04-23,5,0
2022-04-23,6,0
2022-04-23,7,0
2022-04-23,8,0
2022-04-23,9,0
2022-04-23,10,22
2022-04-23,11,20
2022-04-23,12,33
2022-04-23,13,28
2022-04-23,14,27
2022-04-23,15,18
2022-04-23,16,19
2022-04-23,17,24
2022-04-23,18,33
2022-04-23,19,36
2022-04-23,20,30
2022-04-23,21,30
2022-04-23,22,34
2022-04-23,23,34
2022-04-24,0,0
2022-04-24,1,0
2022-04-24,2,0
2022-04-24,3,0
2022-04-24,4,0
2022-04-24,5,0
2022-04-24,6,0
2022-04-24,7,0
2022-04-24,8,0
2022-04-24,9,0
2022-04-24,10,19
2022-04-24,11,21
2022-04-24,12,36
2022-04-24,13,36
2022-04-24,14,34
2022-04-24,15,21
2022-04-24,16,22
2022-04-24,17,21
2022-04-24,18,27
2022-04-24,19,36
2022-04-24,20,33
2022-04-24,21,36
2022-04-24,22,30
2022-04-24,23,30
2022-04-25,0,0
2022-04-25,1,0
2022-04-25,2,0
2022-04-25,3,0
2022-04-25,4,0
2022-04-25,5,0
2022-04-25,6,0
2022-04-25,7,0
2022-04-25,8,0
2022-04-25,9,0
2022-04-25,10,9
2022-04-25,11,13
2022-04-25,12,19
2022-04-25,13,15
2022-04-25,14,19
2022-04-25,15,8
2022-04-25,16,11
2022-04-25,17,11
2022-04-25,18,15
2022-04-25,19,16
2022-04-25,20,16
2022-04-25,21,13
2022-04-25,22,15
2022-04-25,23,16
2022-04-26,0,0
2022-04-26,1,0
2022-04-26,2,0
2022-04-26,3,0
2022-04-26,4,0
2022-04-26,5,0
2022-04-26,6,0
2022-04-26,7,0
2022-04-26,8,0
2022-04-26,9,0
2022-04-26,10,12
2022-04-26,11,11
2022-04-26,12,16
2022-04-26,13,13
2022-04-26,14,16
2022-04-26,15,11
2022-04-26,16,9
2022-04-26,17,10
2022-04-26,18,16
2022-04-26,19,15
2022-04-26,20,12
2022-04-26,21,15
2022-04-26,22,13
2022-04-26,23,13
2022-04-27,0,0
2022-04-27,1,0
2022-04-27,2,0
2022-04-27,3,0
2022-04-27,4,0
2022-04-27,5,0
2022-04-27,6,0
2022-04-27,7,0
2022-04-27,8,0
2022-04-27,9,0
2022-04-27,10,8
2022-04-27,11,10
2022-04-27,12,19
2022-04-27,13,19
2022-04-27,14,16
2022-04-27,15,8
2022-04-27,16,8
2022-04-27,17,9
2022-04-27,18,19
2022-04-27,19,12
2022-04-27,20,16
2022-04-27,21,12
2022-04-27,22,13
2022-04-27,23,13
2022-04-28,0,0
2022-04-28,1,0
2022-04-28,2,0
2022-04-28,3,0
2022-04-28,4,0
2022-04-28,5,0
2022-04-28,6,0
2022-04-28,7,0
2022-04-28,8,0
2022-04-28,9,0
2022-04-28,10,8
2022-04-28,11,9
2022-04-28,12,19
2022-04-28,13,18
2022-04-28,14,13
2022-04-28,15,11
2022-04-28,16,12
2022-04-28,17,8
2022-04-28,18,19
2022-04-28,19,18
2022-04-28,20,19
2022-04-28,21,15
2022-04-28,22,13
2022-04-28,23,13
2022-04-29,0,0
2022-04-29,1,0
2022-04-29,2,0
2022-04-29,3,0
2022-04-29,4,0
2022-04-29,5,0
2022-04-29,6,0
2022-04-29,7,0
2022-04-29,8,0
2022-04-29,9,0
2022-04-29,10,20
2022-04-29,11,24
2022-04-29,12,27
2022-04-29,13,28
2022-04-29,14,36
2022-04-29,15,18
2022-04-29,16,20
2022-04-29,17,23
2022-04-29,18,30
2022-04-29,19,31
2022-04-29,20,30
2022-04-29,21,27
2022-04-29,22,36
2022-04-29,23,27
2022-04-30,0,0
2022-04-30,1,0
2022-04-30,2,0
2022-04-30,3,0
2022-04-30,4,0
2022-04-30,5,0
2022-04-30,6,0
2022-04-30,7,0
2022-04-30,8,0
2022-04-30,9,0
2022-04-30,10,23
2022-04-30,11,18
2022-04-30,12,27
2022-04-30,13,30
2022-04-30,14,28
2022-04-30,15,24
2022-04-30,16,18
2022-04-30,17,19
2022-04-30,18,33
2022-04-30,19,30
2022-04-30,20,34
2022-04-30,21,27
2022-04-30,22,27
2022-04-30,23,31
2022-05-01,0,0
2022-05-01,1,0
2022-05-01,2,0
2022-05-01,3,0
2022-05-01,4,0
2022-05-01,5,0
2022-05-01,6,0
2022-05-01,7,0
2022-05-01,8,0
2022-05-01,9,0
2022-05-01,10,21
2022-05-01,11,23
2022-05-01,12,34
2022-05-01,13,28
2022-05-01,14,31
2022-05-01,15,24
2022-05-01,16,21
2022-05-01,17,21
2022-05-01,18,36
2022-05-01,19,30
2022-05-01,20,27
2022-05-01,21,27
2022-05-01,22,33
2022-05-01,23,36
2022-05-02,0,0
2022-05-02,1,0
2022-05-02,2,0
2022-05-02,3,0
2022-05-02,4,0
2022-05-02,5,0
2022-05-02,6,0
2022-05-02,7,0
2022-05-02,8,0
2022-05-02,9,0
2022-05-02,10,8
2022-05-02,11,8
2022-05-02,12,18
2022-05-02,13,15
2022-05-02,14,16
2022-05-02,15,9
2022-05-02,16,12
2022-05-02,17,12
2022-05-02,18,19
2022-05-02,19,13
2022-05-02,20,16
2022-05-02,21,19
2022-05-02,22,16
2022-05-02,23,12
2022-05-03,0,0
2022-05-03,1,0
2022-05-03,2,0
2022-05-03,3,0
2022-05-03,4,0
2022-05-03,5,0
2022-05-03,6,0
2022-05-03,7,0
2022-05-03,8,0
2022-05-03,9,0
2022-05-03,10,39
2022-05-03,11,39
2022-05-03,12,48
2022-05-03,13,57
2022-05-03,14,58
2022-05-03,15,31
2022-05-03,16,36
2022-05-03,17,30
2022-05-03,18,55
2022-05-03,19,52
2022-05-03,20,54
2022-05-03,21,49
2022-05-03,22,46
2022-05-03,23,48
2022-05-04,0,0
2022-05-04,1,0
2022-05-04,2,0
2022-05-04,3,0
2022-05-04,4,0
2022-05-04,5,0
2022-05-04,6,0
2022-05-04,7,0
2022-05-04,8,0
2022-05-04,9,0
2022-05-04,10,10
2022-05-04,11,10
2022-05-04,12,19
2022-05-04,13,12
2022-05-04,14,12
2022-05-04,15,11
2022-05-04,16,8
2022-05-04,17,10
2022-05-04,18,18
2022-05-04,19,18
2022-05-04,20,15
2022-05-04,21,15
2022-05-04,22,18
2022-05-04,23,19
2022-05-05,0,0
2022-05-05,1,0
2022-05-05,2,0
2022-05-05,3,0
2022-05-05,4,0
2022-05-05,5,0
2022-05-05,6,0
2022-05-05,7,0
2022-05-05,8,0
2022-05-05,9,0
2022-05-05,10,9
2022-05-05,11,11
2022-05-05,12,16
2022-05-05,13,18
2022-05-05,14,13
2022-05-05,15,8
2022-05-05,16,13
2022-05-05,17,11
2022-05-05,18,16
2022-05-05,19,12
2022-05-05,20,19
2022-05-05,21,18
2022-05-05,22,15
2022-05-05,23,18
2022-05-06,0,0
2022-05-06,1,0
2022-05-06,2,0
2022-05-06,3,0
2022-05-06,4,0
2022-05-06,5,0
2022-05-06,6,0
2022-05-06,7,0
2022-05-06,8,0
2022-05-06,9,0
2022-05-06,10,22
2022-05-06,11,19
2022-05-06,12,30
2022-05-06,13,36
2022-05-06,14,31
2022-05-06,15,21
2022-05-06,16,22
2022-05-06,17,19
2022-05-06,18,31
2022-05-06,19,33
2022-05-06,20,33
2022-05-06,21,27
2022-05-06,22,33
2022-05-06,23,34
2022-05-07,0,0
2022-05-07,1,0
2022-05-07,2,0
2022-05-07,3,0
2022-05-07,4,0
2022-05-07,5,0
2022-05-07,6,0
2022-05-07,7,0
2022-05-07,8,0
2022-05-07,9,0
2022-05-07,10,20
2022-05-07,11,21
2022-05-07,12,33
2022-05-07,13,36
2022-05-07,14,27
2022-05-07,15,18
2022-05-07,16,22
2022-05-07,17,23
2022-05-07,18,33
2022-05-07,19,33
2022-05-07,20,30
2022-05-07,21,28
2022-05-07,22,33
2022-05-07,23,34
2022-05-08,0,0
2022-05-08,1,0
2022-05-08,2,0
2022-05-08,3,0
2022-05-08,4,0
2022-05-08,5,0
2022-05-08,6,0
2022-05-08,7,0
2022-05-08,8,0
2022-05-08,9,0
2022-05-08,10,33
2022-05-08,11,35
2022-05-08,12,58
2022-05-08,13,46
2022-05-08,14,48
2022-05-08,15,35
2022-05-08,16,30
2022-05-08,17,39
2022-05-08,18,57
2022-05-08,19,57
2022-05-08,20,48
2022-05-08,21,55
2022-05-08,22,49
2022-05-08,23,58
2022-05-09,0,0
2022-05-09,1,0
2022-05-09,2,0
2022-05-09,3,0
2022-05-09,4,0
2022-05-09,5,0
2022-05-09,6,0
2022-05-09,7,0
2022-05-09,8,0
2022-05-09,9,0
2022-05-09,10,10
2022-05-09,11,12
2022-05-09,12,15
2022-05-09,13,16
2022-05-09,14,19
2022-05-09,15,11
2022-05-09,16,12
2022-05-09,17,13
2022-05-09,18,19
2022-05-09,19,13
2022-05-09,20,18
2022-05-09,21,15
2022-05-09,22,12
2022-05-09,23,19
2022-05-10,0,0
2022-05-10,1,0
2022-05-10,2,0
2022-05-10,3,0
2022-05-10,4,0
2022-05-10,5,0
2022-05-10,6,0
2022-05-10,7,0
2022-05-10,8,0
2022-05-10,9,0
2022-05-10,10,11
2022-05-10,11,12
2022-05-10,12,18
2022-05-10,13,15
2022-05-10,14,12
2022-05-10,15,13
2022-05-10,16,8
2022-05-10,17,8
2022-05-10,18,16
2022-05-10,19,12
2022-05-10,20,19
2022-05-10,21,16
2022-05-10,22,12
2022-05-10,23,12
2022-05-11,0,0
2022-05-11,1,0
2022-05-11,2,0
2022-05-11,3,0
2022-05-11,4,0
2022-05-11,5,0
2022-05-11,6,0
2022-05-11,7,0
2022-05-11,8,0
2022-05-11,9,0
2022-05-11,10,8
2022-05-11,11,12
2022-05-11,12,19
2022-05-11,13,13
2022-05-11,14,18
2022-05-11,15,8
2022-05-11,16,12
2022-05-11,17,8
2022-05-11,18,12
2022-05-11,19,18
2022-05-11,20,16
2022-05-11,21,18
2022-05-11,22,12
2022-05-11,23,13
2022-05-12,0,0
2022-05-12,1,0
2022-05-12,2,0
2022-05-12,3,0
2022-05-12,4,0
2022-05-12,5,0
2022-05-12,6,0
2022-05-12,7,0
2022-05-12,8,0
2022-05-12,9,0
2022-05-12,10,10
2022-05-12,11,10
2022-05-12,12,18
2022-05-12,13,13
2022-05-12,14,16
2022-05-12,15,10
2022-05-12,16,13
2022-05-12,17,11
2022-05-12,18,18
2022-05-12,19,15
2022-05-12,20,16
2022-05-12,21,15
2022-05-12,22,16
2022-05-12,23,18
2022-05-13,0,0
2022-05-13,1,0
2022-05-13,2,0
2022-05-13,3,0
2022-05-13,4,0
2022-05-13,5,0
2022-05-13,6,0
2022-05-13,7,0
2022-05-13,8,0
2022-05-13,9,0
2022-05-13,10,20
2022-05-13,11,24
2022-05-13,12,33
2022-05-13,13,27
2022-05-13,14,33
2022-05-13,15,21
2022-05-13,16,18
2022-05-13,17,24
2022-05-13,18,28
2022-05-13,19,28
2022-05-13,20,28
2022-05-13,21,33
2022-05-13,22,27
2022-05-13,23,27
2022-05-14,0,0
2022-05-14,1,0
2022-05-14,2,0
2022-05-14,3,0
2022-05-14,4,0
2022-05-14,5,0
2022-05-14,6,0
2022-05-14,7,0
2022-05-14,8,0
2022-05-14,9,0
2022-05-14,10,24
2022-05-14,11,22
2022-05-14,12,34
2022-05-14,13,36
2022-05-14,14,33
2022-05-14,15,18
2022-05-14,16,23
2022-05-14,17,19
2022-05-14,18,30
2022-05-14,19,28
2022-05-14,20,36
2022-05-14,21,30
2022-05-14,22,36
2022-05-14,23,30
2022-05-15,0,0
2022-05-15,1,0
2022-05-15,2,0
2022-05-15,3,0
2022-05-15,4,0
2022-05-15,5,0
2022-05-15,6,0
2022-05-15,7,0
2022-05-15,8,0
2022-05-15,9,0
2022-05-15,10,19
2022-05-15,11,20
2022-05-15,12,28
2022-05-15,13,28
2022-05-15,14,28
2022-05-15,15,22
2022-05-15,16,20
2022-05-15,17,22
2022-05-15,18,31
2022-05-15,19,33
2022-05-15,20,34
2022-05-15,21,28
2022-05-15,22,28
2022-05-15,23,33
2022-05-16,0,0
2022-05-16,1,0
2022-05-16,2,0
2022-05-16,3,0
2022-05-16,4,0
2022-05-16,5,0
2022-05-16,6,0
2022-05-16,7,0
2022-05-16,8,0
2022-05-16,9,0
2022-05-16,10,31
2022-05-16,11,34
2022-05-16,12,52
2022-05-16,13,49
2022-05-16,14,54
2022-05-16,15,35
2022-05-16,16,36
2022-05-16,17,35
2022-05-16,18,54
2022-05-16,19,48
2022-05-16,20,57
2022-05-16,21,55
2022-05-16,22,57
2022-05-16,23,48
2022-05-17,0,0
2022-05-17,1,0
2022-05-17,2,0
2022-05-17,3,0
2022-05-17,4,0
2022-05-17,5,0
2022-05-17,6,0
2022-05-17,7,0
2022-05-17,8,0
2022-05-17,9,0
2022-05-17,10,11
2022-05-17,11,10
2022-05-17,12,13
2022-05-17,13,19
2022-05-17,14,13
2022-05-17,15,9
2022-05-17,16,10
2022-05-17,17,12
2022-05-17,18,18
2022-05-17,19,12
2022-05-17,20,16
2022-05-17,21,18
2022-05-17,22,12
2022-05-17,23,18
2022-05-18,0,0
2022-05-18,1,0
2022-05-18,2,0
2022-05-18,3,0
2022-05-18,4,0
2022-05-18,5,0
2022-05-18,6,0
2022-05-18,7,0
2022-05-18,8,0
2022-05-18,9,0
2022-05-18,10,8
2022-05-18,11,9
2022-05-18,12,15
2022-05-18,13,12
2022-05-18,14,19
2022-05-18,15,10
2022-05-18,16,9
2022-05-18,17,13
2022-05-18,18,13
2022-05-18,19,12
2022-05-18,20,16
2022-05-18,21,19
2022-05-18,22,12
2022-05-18,23,15
2022-05-19,0,0
2022-05-19,1,0
2022-05-19,2,0
2022-05-19,3,0
2022-05-19,4,0
2022-05-19,5,0
2022-05-19,6,0
2022-05-19,7,0
2022-05-19,8,0
2022-05-19,9,0
2022-05-19,10,12
2022-05-19,11,12
2022-05-19,12,19
2022-05-19,13,15
2022-05-19,14,12
2022-05-19,15,9
2022-05-19,16,8
2022-05-19,17,13
2022-05-19,18,13
2022-05-19,19,16
2022-05-19,20,13
2022-05-19,21,15
2022-05-19,22,18
2022-05-19,23,19
2022-05-20,0,0
2022-05-20,1,0
2022-05-20,2,0
2022-05-20,3,0
2022-05-20,4,0
2022-05-20,5,0
2022-05-20,6,0
2022-05-20,7,0
2022-05-20,8,0
2022-05-20,9,0
2022-05-20,10,18
2022-05-20,11,24
2022-05-20,12,36
2022-05-20,13,30
2022-05-20,14,30
2022-05-20,15,24
2022-05-20,16,20
2022-05-20,17,22
2022-05-20,18,31
2022-05-20,19,31
2022-05-20,20,30
2022-05-20,21,30
2022-05-20,22,30
2022-05-20,23,34
2022-05-21,0,0
2022-05-21,1,0
2022-05-21,2,0
2022-05-21,3,0
2022-05-21,4,0
2022-05-21,5,0
2022-05-21,6,0
2022-05-21,7,0
2022-05-21,8,0
2022-05-21,9,0
2022-05-21,10,20
2022-05-21,11,19
2022-05-21,12,30
2022-05-21,13,30
2022-05-21,14,27
2022-05-21,15,19
2022-05-21,16,19
2022-05-21,17,24
2022-05-21,18,27
2022-05-21,19,33
2022-05-21,20,33
2022-05-21,21,31
2022-05-21,22,36
2022-05-21,23,28
2022-05-22,0,0
2022-05-22,1,0
2022-05-22,2,0
2022-05-22,3,0
2022-05-22,4,0
2022-05-22,5,0
2022-05-22,6,0
2022-05-22,7,0
2022-05-22,8,0
2022-05-22,9,0
2022-05-22,10,22
2022-05-22,11,24
2022-05-22,12,33
2022-05-22,13,28
2022-05-22,14,30
2022-05-22,15,18
2022-05-22,16,23
2022-05-22,17,20
2022-05-22,18,34
2022-05-22,19,27
2022-05-22,20,28
2022-05-22,21,31
2022-05-22,22,36
2022-05-22,23,36
2022-05-23,0,0
2022-05-23,1,0
2022-05-23,2,0
2022-05-23,3,0
2022-05-23,4,0
2022-05-23,5,0
2022-05-23,6,0
2022-05-23,7,0
2022-05-23,8,0
2022-05-23,9,0
2022-05-23,10,8
2022-05-23,11,10
2022-05-23,12,12
2022-05-23,13,16
2022-05-23,14,18
2022-05-23,15,11
2022-05-23,16,9
2022-05-23,17,8
2022-05-23,18,13
2022-05-23,19,12
2022-05-23,20,16
2022-05-23,21,19
2022-05-23,22,16
2022-05-23,23,18
2022-05-24,0,0
2022-05-24,1,0
2022-05-24,2,0
2022-05-24,3,0
2022-05-24,4,0
2022-05-24,5,0
2022-05-24,6,0
2022-05-24,7,0
2022-05-24,8,0
2022-05-24,9,0
2022-05-24,10,11
2022-05-24,11,13
2022-05-24,12,16
2022-05-24,13,12
2022-05-24,14,12
2022-05-24,15,11
2022-05-24,16,11
2022-05-24,17,13
2022-05-24,18,12
2022-05-24,19,19
2022-05-24,20,13
2022-05-24,21,15
2022-05-24,22,18
2022-05-24,23,15
2022-05-25,0,0
2022-05-25,1,0
2022-05-25,2,0
2022-05-25,3,0
2022-05-25,4,0
2022-05-25,5,0
2022-05-25,6,0
2022-05-25,7,0
2022-05-25,8,0
2022-05-25,9,0
2022-05-25,10,11
2022-05-25,11,9
2022-05-25,12,19
2022-05-25,13,13
2022-05-25,14,15
2022-05-25,15,9
2022-05-25,16,12
2022-05-25,17,10
2022-05-25,18,16
2022-05-25,19,16
2022-05-25,20,16
2022-05-25,21,18
2022-05-25,22,13
2022-05-25,23,19
2022-05-26,0,0
2022-05-26,1,0
2022-05-26,2,0
2022-05-26,3,0
2022-05-26,4,0
2022-05-26,5,0
2022-05-26,6,0
2022-05-26,7,0
2022-05-26,8,0
2022-05-26,9,0
2022-05-26,10,12
2022-05-26,11,10
2022-05-26,12,19
2022-05-26,13,18
2022-05-26,14,19
2022-05-26,15,11
2022-05-26,16,9
2022-05-26,17,8
2022-05-26,18,18
2022-05-26,19,12
2022-05-26,20,18
2022-05-26,21,15
2022-05-26,22,15
2022-05-26,23,18
2022-05-27,0,0
2022-05-27,1,0
2022-05-27,2,0
2022-05-27,3,0
2022-05-27,4,0
2022-05-27,5,0
2022-05-27,6,0
2022-05-27,7,0
2022-05-27,8,0
2022-05-27,9,0
2022-05-27,10,22
2022-05-27,11,24
2022-05-27,12,33
2022-05-27,13,31
2022-05-27,14,27
2022-05-27,15,22
2022-05-27,16,20
2022-05-27,17,22
2022-05-27,18,28
2022-05-27,19,28
2022-05-27,20,30
2022-05-27,21,33
2022-05-27,22,27
2022-05-27,23,30
2022-05-28,0,0
2022-05-28,1,0
2022-05-28,2,0
2022-05-28,3,0
2022-05-28,4,0
2022-05-28,5,0
2022-05-28,6,0
2022-05-28,7,0
2022-05-28,8,0
2022-05-28,9,0
2022-05-28,10,23
2022-05-28,11,22
2022-05-28,12,33
2022-05-28,13,31
2022-05-28,14,36
2022-05-28,15,22
2022-05-28,16,18
2022-05-28,17,22
2022-05-28,18,27
2022-05-28,19,28
2022-05-28,20,36
2022-05-28,21,28
2022-05-28,22,30
2022-05-28,23,34
2022-05-29,0,0
2022-05-29,1,0
2022-05-29,2,0
2022-05-29,3,0
2022-05-29,4,0
2022-05-29,5,0
2022-05-29,6,0
2022-05-29,7,0
2022-05-29,8,0
2022-05-29,9,0
2022-05-29,10,22
2022-05-29,11,19
2022-05-29,12,30
2022-05-29,13,27
2022-05-29,14,36
2022-05-29,15,22
2022-05-29,16,20
2022-05-29,17,24
2022-05-29,18,27
2022-05-29,19,30
2022-05-29,20,28
2022-05-29,21,34
2022-05-29,22,30
2022-05-29,23,28
2022-05-30,0,0
2022-05-30,1,0
2022-05-30,2,0
2022-05-30,3,0
2022-05-30,4,0
2022-05-30,5,0
2022-05-30,6,0
2022-05-30,7,0
2022-05-30,8,0
2022-05-30,9,0
2022-05-30,10,11
2022-05-30,11,11
2022-05-30,12,15
2022-05-30,13,19
2022-05-30,14,16
2022-05-30,15,12
2022-05-30,16,11
2022-05-30,17,9
2022-05-30,18,15
2022-05-30,19,13
2022-05-30,20,18
2022-05-30,21,18
2022-05-30,22,12
2022-05-30,23,16
2022-05-31,0,0
2022-05-31,1,0
2022-05-31,2,0
2022-05-31,3,0
2022-05-31,4,0
2022-05-31,5,0
2022-05-31,6,0
2022-05-31,7,0
2022-05-31,8,0
2022-05-31,9,0
2022-05-31,10,10
2022-05-31,11,12
2022-05-31,12,18
2022-05-31,13,19
2022-05-31,14,12
2022-05-31,15,8
2022-05-31,16,10
2022-05-31,17,8
2022-05-31,18,18
2022-05-31,19,13
2022-05-31,20,12
2022-05-31,21,12
2022-05-31,22,19
2022-05-31,23,13
2022-06-01,0,0
2022-06-01,1,0
2022-06-01,2,0
2022-06-01,3,0
2022-06-01,4,0
2022-06-01,5,0
2022-06-01,6,0
2022-06-01,7,0
2022-06-01,8,0
2022-06-01,9,0
2022-06-01,10,10
2022-06-01,11,12
2022-06-01,12,13
2022-06-01,13,13
2022-06-01,14,13
2022-06-01,15,8
2022-06-01,16,8
2022-06-01,17,12
2022-06-01,18,18
2022-06-01,19,16
2022-06-01,20,19
2022-06-01,21,18
2022-06-01,22,16
2022-06-01,23,16
2022-06-02,0,0
2022-06-02,1,0
2022-06-02,2,0
2022-06-02,3,0
2022-06-02,4,0
2022-06-02,5,0
2022-06-02,6,0
2022-06-02,7,0
2022-06-02,8,0
2022-06-02,9,0
2022-06-02,10,10
2022-06-02,11,11
2022-06-02,12,15
2022-06-02,13,15
2022-06-02,14,16
2022-06-02,15,13
2022-06-02,16,13
2022-06-02,17,11
2022-06-02,18,13
2022-06-02,19,15
2022-06-02,20,19
2022-06-02,21,18
2022-06-02,22,19
2022-06-02,23,19
2022-06-03,0,0
2022-06-03,1,0
2022-06-03,2,0
2022-06-03,3,0
2022-06-03,4,0
2022-06-03,5,0
2022-06-03,6,0
2022-06-03,7,0
2022-06-03,8,0
2022-06-03,9,0
2022-06-03,10,24
2022-06-03,11,23
2022-06-03,12,36
2022-06-03,13,27
2022-06-03,14,28
2022-06-03,15,19
2022-06-03,16,22
2022-06-03,17,23
2022-06-03,18,27
2022-06-03,19,36
2022-06-03,20,33
2022-06-03,21,30
2022-06-03,22,28
2022-06-03,23,30
2022-06-04,0,0
2022-06-04,1,0
2022-06-04,2,0
2022-06-04,3,0
2022-06-04,4,0
2022-06-04,5,0
2022-06-04,6,0
2022-06-04,7,0
2022-06-04,8,0
2022-06-04,9,0
2022-06-04,10,21
2022-06-04,11,23
2022-06-04,12,34
2022-06-04,13,31
2022-06-04,14,30
2022-06-04,15,23
2022-06-04,16,23
2022-06-04,17,21
2022-06-04,18,33
2022-06-04,19,30
2022-06-04,20,31
2022-06-04,21,34
2022-06-04,22,34
2022-06-04,23,31
2022-06-05,0,0
2022-06-05,1,0
2022-06-05,2,0
2022-06-05,3,0
2022-06-05,4,0
2022-06-05,5,0
2022-06-05,6,0
2022-06-05,7,0
2022-06-05,8,0
2022-06-05,9,0
2022-06-05,10,20
2022-06-05,11,22
2022-06-05,12,30
2022-06-05,13,34
2022-06-05,14,36
2022-06-05,15,23
2022-06-05,16,20
2022-06-05,17,19
2022-06-05,18,33
2022-06-05,19,33
2022-06-05,20,28
2022-06-05,21,36
2022-06-05,22,27
2022-06-05,23,34
2022-06-06,0,0
2022-06-06,1,0
2022-06-06,2,0
2022-06-06,3,0
2022-06-06,4,0
2022-06-06,5,0
2022-06-06,6,0
2022-06-06,7,0
2022-06-06,8,0
2022-06-06,9,0
2022-06-06,10,13
2022-06-06,11,9
2022-06-06,12,12
2022-06-06,13,16
2022-06-06,14,19
2022-06-06,15,12
2022-06-06,16,9
2022-06-06,17,11
2022-06-06,18,18
2022-06-06,19,18
2022-06-06,20,15
2022-06-06,21,13
2022-06-06,22,12
2022-06-06,23,13
2022-06-07,0,0
2022-06-07,1,0
2022-06-07,2,0
2022-06-07,3,0
2022-06-07,4,0
2022-06-07,5,0
2022-06-07,6,0
2022-06-07,7,0
2022-06-07,8,0
2022-06-07,9,0
2022-06-07,10,8
2022-06-07,11,12
2022-06-07,12,18
2022-06-07,13,16
2022-06-07,14,19
2022-06-07,15,9
2022-06-07,16,11
2022-06-07,17,8
2022-06-07,18,13
2022-06-07,19,16
2022-06-07,20,16
2022-06-07,21,19
2022-06-07,22,19
2022-06-07,23,16
2022-06-08,0,0
2022-06-08,1,0
2022-06-08,2,0
2022-06-08,3,0
2022-06-08,4,0
2022-06-08,5,0
2022-06-08,6,0
2022-06-08,7,0
2022-06-08,8,0
2022-06-08,9,0
2022-06-08,10,13
2022-06-08,11,13
2022-06-08,12,12
2022-06-08,13,18
2022-06-08,14,13
2022-06-08,15,8
2022-06-08,16,10
2022-06-08,17,10
2022-06-08,18,12
2022-06-08,19,16
2022-06-08,20,15
2022-06-08,21,13
2022-06-08,22,12
2022-06-08,23,18
2022-06-09,0,0
2022-06-09,1,0
2022-06-09,2,0
2022-06-09,3,0
2022-06-09,4,0
2022-06-09,5,0
2022-06-09,6,0
2022-06-09,7,0
2022-06-09,8,0
2022-06-09,9,0
2022-06-09,10,10
2022-06-09,11,12
2022-06-09,12,16
2022-06-09,13,15
2022-06-09,14,16
2022-06-09,15,8
2022-06-09,16,12
2022-06-09,17,8
2022-06-09,18,18
2022-06-09,19,18
2022-06-09,20,12
2022-06-09,21,13
2022-06-09,22,16
2022-06-09,23,16
2022-06-10,0,0
2022-06-10,1,0
2022-06-10,2,0
2022-06-10,3,0
2022-06-10,4,0
2022-06-10,5,0
2022-06-10,6,0
2022-06-10,7,0
2022-06-10,8,0
2022-06-10,9,0
2022-06-10,10,20
2022-06-10,11,20
2022-06-10,12,28
2022-06-10,13,34
2022-06-10,14,33
2022-06-10,15,23
2022-06-10,16,23
2022-06-10,17,19
2022-06-10,18,27
2022-06-10,19,30
2022-06-10,20,27
2022-06-10,21,28
2022-06-10,22,34
2022-06-10,23,31
2022-06-11,0,0
2022-06-11,1,0
2022-06-11,2,0
2022-06-11,3,0
2022-06-11,4,0
2022-06-11,5,0
2022-06-11,6,0
2022-06-11,7,0
2022-06-11,8,0
2022-06-11,9,0
2022-06-11,10,18
2022-06-11,11,24
2022-06-11,12,33
2022-06-11,13,30
2022-06-11,14,36
2022-06-11,15,18
2022-06-11,16,24
2022-06-11,17,21
2022-06-11,18,30
2022-06-11,19,28
2022-06-11,20,36
2022-06-11,21,34
2022-06-11,22,30
2022-06-11,23,30
2022-06-12,0,0
2022-06-12,1,0
2022-06-12,2,0
2022-06-12,3,0
2022-06-12,4,0
2022-06-12,5,0
2022-06-12,6,0
2022-06-12,7,0
2022-06-12,8,0
2022-06-12,9,0
2022-06-12,10,20
2022-06-12,11,21
2022-06-12,12,34
2022-06-12,13,27
2022-06-12,14,30
2022-06-12,15,23
2022-06-12,16,23
2022-06-12,17,20
2022-06-12,18,34
2022-06-12,19,27
2022-06-12,20,33
2022-06-12,21,28
2022-06-12,22,31
2022-06-12,23,28
2022-06-13,0,0
2022-06-13,1,0
2022-06-13,2,0
2022-06-13,3,0
2022-06-13,4,0
2022-06-13,5,0
2022-06-13,6,0
2022-06-13,7,0
2022-06-13,8,0
2022-06-13,9,0
2022-06-13,10,10
2022-06-13,11,10
2022-06-13,12,16
2022-06-13,13,13
2022-06-13,14,19
2022-06-13,15,10
2022-06-13,16,8
2022-06-13,17,11
2022-06-13,18,13
2022-06-13,19,12
2022-06-13,20,12
2022-06-13,21,19
2022-06-13,22,15
2022-06-13,23,16
2022-06-14,0,0
2022-06-14,1,0
2022-06-14,2,0
2022-06-14,3,0
2022-06-14,4,0
2022-06-14,5,0
2022-06-14,6,0
2022-06-14,7,0
2022-06-14,8,0
2022-06-14,9,0
2022-06-14,10,8
2022-06-14,11,12
2022-06-14,12,19
2022-06-14,13,16
2022-06-14,14,13
2022-06-14,15,8
2022-06-14,16,12
2022-06-14,17,8
2022-06-14,18,15
2022-06-14,19,16
2022-06-14,20,13
2022-06-14,21,18
2022-06-14,22,12
2022-06-14,23,19
2022-06-15,0,0
2022-06-15,1,0
2022-06-15,2,0
2022-06-15,3,0
2022-06-15,4,0
2022-06-15,5,0
2022-06-15,6,0
2022-06-15,7,0
2022-06-15,8,0
2022-06-15,9,0
2022-06-15,10,10
2022-06-15,11,11
2022-06-15,12,18
2022-06-15,13,19
2022-06-15,14,15
2022-06-15,15,10
2022-06-15,16,10
2022-06-15,17,9
2022-06-15,18,12
2022-06-15,19,15
2022-06-15,20,19
2022-06-15,21,16
2022-06-15,22,12
2022-06-15,23,13
2022-06-16,0,0
2022-06-16,1,0
2022-06-16,2,0
2022-06-16,3,0
2022-06-16,4,0
2022-06-16,5,0
2022-06-16,6,0
2022-06-16,7,0
2022-06-16,8,0
2022-06-16,9,0
2022-06-16,10,10
2022-06-16,11,10
2022-06-16,12,15
2022-06-16,13,12
2022-06-16,14,19
2022-06-16,15,13
2022-06-16,16,8
2022-06-16,17,11
2022-06-16,18,18
2022-06-16,19,15
2022-06-16,20,13
2022-06-16,21,18
2022-06-16,22,13
2022-06-16,23,12
2022-06-17,0,0
2022-06-17,1,0
2022-06-17,2,0
2022-06-17,3,0
2022-06-17,4,0
2022-06-17,5,0
2022-06-17,6,0
2022-06-17,7,0
2022-06-17,8,0
2022-06-17,9,0
2022-06-17,10,20
2022-06-17,11,18
2022-06-17,12,30
2022-06-17,13,27
2022-06-17,14,36
2022-06-17,15,21
2022-06-17,16,18
2022-06-17,17,24
2022-06-17,18,31
2022-06-17,19,27
2022-06-17,20,34
2022-06-17,21,27
2022-06-17,22,36
2022-06-17,23,36
2022-06-18,0,0
2022-06-18,1,0
2022-06-18,2,0
2022-06-18,3,0
2022-06-18,4,0
2022-06-18,5,0
2022-06-18,6,0
2022-06-18,7,0
2022-06-18,8,0
2022-06-18,9,0
2022-06-18,10,18
2022-06-18,11,20
2022-06-18,12,34
2022-06-18,13,28
2022-06-18,14,31
2022-06-18,15,20
2022-06-18,16,18
2022-06-18,17,18
2022-06-18,18,31
2022-06-18,19,28
2022-06-18,20,36
2022-06-18,21,36
2022-06-18,22,31
2022-06-18,23,27
2022-06-19,0,0
2022-06-19,1,0
2022-06-19,2,0
2022-06-19,3,0
2022-06-19,4,0
2022-06-19,5,0
2022-06-19,6,0
2022-06-19,7,0
2022-06-19,8,0
2022-06-19,9,0
2022-06-19,10,35
2022-06-19,11,33
2022-06-19,12,51
2022-06-19,13,49
2022-06-19,14,45
2022-06-19,15,35
2022-06-19,16,36
2022-06-19,17,36
2022-06-19,18,57
2022-06-19,19,51
2022-06-19,20,58
2022-06-19,21,54
2022-06-19,22,57
2022-06-19,23,49
2022-06-20,0,0
2022-06-20,1,0
2022-06-20,2,0
2022-06-20,3,0
2022-06-20,4,0
2022-06-20,5,0
2022-06-20,6,0
2022-06-20,7,0
2022-06-20,8,0
2022-06-20,9,0
2022-06-20,10,10
2022-06-20,11,13
2022-06-20,12,16
2022-06-20,13,18
2022-06-20,14,16
2022-06-20,15,12
2022-06-20,16,10
2022-06-20,17,13
2022-06-20,18,19
2022-06-20,19,18
2022-06-20,20,12
2022-06-20,21,15
2022-06-20,22,18
2022-06-20,23,19
2022-06-21,0,0
2022-06-21,1,0
2022-06-21,2,0
2022-06-21,3,0
2022-06-21,4,0
2022-06-21,5,0
2022-06-21,6,0
2022-06-21,7,0
2022-06-21,8,0
2022-06-21,9,0
2022-06-21,10,8
2022-06-21,11,12
2022-06-21,12,16
2022-06-21,13,13
2022-06-21,14,12
2022-06-21,15,12
2022-06-21,16,11
2022-06-21,17,8
2022-06-21,18,19
2022-06-21,19,19
2022-06-21,20,18
2022-06-21,21,19
2022-06-21,22,18
2022-06-21,23,18
2022-06-22,0,0
2022-06-22,1,0
2022-06-22,2,0
2022-06-22,3,0
2022-06-22,4,0
2022-06-22,5,0
2022-06-22,6,0
2022-06-22,7,0
2022-06-22,8,0
2022-06-22,9,0
2022-06-22,10,10
2022-06-22,11,9
2022-06-22,12,15
2022-06-22,13,18
2022-06-22,14,18
2022-06-22,15,12
2022-06-22,16,12
2022-06-22,17,9
2022-06-22,18,12
2022-06-22,19,19
2022-06-22,20,15
2022-06-22,21,18
2022-06-22,22,12
2022-06-22,23,18
2022-06-23,0,0
2022-06-23,1,0
2022-06-23,2,0
2022-06-23,3,0
2022-06-23,4,0
2022-06-23,5,0
2022-06-23,6,0
2022-06-23,7,0
2022-06-23,8,0
2022-06-23,9,0
2022-06-23,10,11
2022-06-23,11,9
2022-06-23,12,19
2022-06-23,13,16
2022-06-23,14,12
2022-06-23,15,9
2022-06-23,16,9
2022-06-23,17,12
2022-06-23,18,18
2022-06-23,19,19
2022-06-23,20,16
2022-06-23,21,16
2022-06-23,22,12
2022-06-23,23,19
2022-06-24,0,0
2022-06-24,1,0
2022-06-24,2,0
2022-06-24,3,0
2022-06-24,4,0
2022-06-24,5,0
2022-06-24,6,0
2022-06-24,7,0
2022-06-24,8,0
2022-06-24,9,0
2022-06-24,10,24
2022-06-24,11,23
2022-06-24,12,36
2022-06-24,13,33
2022-06-24,14,34
2022-06-24,15,18
2022-06-24,16,20
2022-06-24,17,18
2022-06-24,18,36
2022-06-24,19,34
2022-06-24,20,34
2022-06-24,21,27
2022-06-24,22,34
2022-06-24,23,36
2022-06-25,0,0
2022-06-25,1,0
2022-06-25,2,0
2022-06-25,3,0
2022-06-25,4,0
2022-06-25,5,0
2022-06-25,6,0
2022-06-25,7,0
2022-06-25,8,0
2022-06-25,9,0
2022-06-25,10,18
2022-06-25,11,22
2022-06-25,12,36
2022-06-25,13,33
2022-06-25,14,28
2022-06-25,15,20
2022-06-25,16,22
2022-06-25,17,18
2022-06-25,18,31
2022-06-25,19,28
2022-06-25,20,36
2022-06-25,21,34
2022-06-25,22,36
2022-06-25,23,28
2022-06-26,0,0
2022-06-26,1,0
2022-06-26,2,0
2022-06-26,3,0
2022-06-26,4,0
2022-06-26,5,0
2022-06-26,6,0
2022-06-26,7,0
2022-06-26,8,0
2022-06-26,9,0
2022-06-26,10,24
2022-06-26,11,23
2022-06-26,12,30
2022-06-26,13,28
2022-06-26,14,28
2022-06-26,15,23
2022-06-26,16,23
2022-06-26,17,18
2022-06-26,18,36
2022-06-26,19,30
2022-06-26,20,27
2022-06-26,21,34
2022-06-26,22,30
2022-06-26,23,30
2022-06-27,0,0
2022-06-27,1,0
2022-06-27,2,0
2022-06-27,3,0
2022-06-27,4,0
2022-06-27,5,0
2022-06-27,6,0
2022-06-27,7,0
2022-06-27,8,0
2022-06-27,9,0
2022-06-27,10,8
2022-06-27,11,9
2022-06-27,12,16
2022-06-27,13,13
2022-06-27,14,18
2022-06-27,15,13
2022-06-27,16,13
2022-06-27,17,9
2022-06-27,18,12
2022-06-27,19,19
2022-06-27,20,18
2022-06-27,21,18
2022-06-27,22,15
2022-06-27,23,16
2022-06-28,0,0
2022-06-28,1,0
2022-06-28,2,0
2022-06-28,3,0
2022-06-28,4,0
2022-06-28,5,0
2022-06-28,6,0
2022-06-28,7,0
2022-06-28,8,0
2022-06-28,9,0
2022-06-28,10,12
2022-06-28,11,9
2022-06-28,12,12
2022-06-28,13,19
2022-06-28,14,13
2022-06-28,15,11
2022-06-28,16,9
2022-06-28,17,10
2022-06-28,18,15
2022-06-28,19,13
2022-06-28,20,19
2022-06-28,21,15
2022-06-28,22,16
2022-06-28,23,13
2022-06-29,0,0
2022-06-29,1,0
2022-06-29,2,0
2022-06-29,3,0
2022-06-29,4,0
2022-06-29,5,0
2022-06-29,6,0
2022-06-29,7,0
2022-06-29,8,0
2022-06-29,9,0
2022-06-29,10,9
2022-06-29,11,9
2022-06-29,12,19
2022-06-29,13,16
2022-06-29,14,13
2022-06-29,15,12
2022-06-29,16,8
2022-06-29,17,11
2022-06-29,18,19
2022-06-29,19,16
2022-06-29,20,16
2022-06-29,21,15
2022-06-29,22,12
2022-06-29,23,16
2022-06-30,0,0
2022-06-30,1,0
2022-06-30,2,0
2022-06-30,3,0
2022-06-30,4,0
2022-06-30,5,0
2022-06-30,6,0
2022-06-30,7,0
2022-06-30,8,0
2022-06-30,9,0
2022-06-30,10,11
2022-06-30,11,11
2022-06-30,12,16
2022-06-30,13,16
2022-06-30,14,12
2022-06-30,15,8
2022-06-30,16,11
2022-06-30,17,9
2022-06-30,18,19
2022-06-30,19,19
2022-06-30,20,16
2022-06-30,21,15
2022-06-30,22,15
2022-06-30,23,16
2022-07-01,0,0
2022-07-01,1,0
2022-07-01,2,0
2022-07-01,3,0
2022-07-01,4,0
2022-07-01,5,0
2022-07-01,6,0
2022-07-01,7,0
2022-07-01,8,0
2022-07-01,9,0
2022-07-01,10,21
2022-07-01,11,23
2022-07-01,12,30
2022-07-01,13,28
2022-07-01,14,33
2022-07-01,15,20
2022-07-01,16,23
2022-07-01,17,21
2022-07-01,18,31
2022-07-01,19,30
2022-07-01,20,31
2022-07-01,21,36
2022-07-01,22,28
2022-07-01,23,31
2022-07-02,0,0
2022-07-02,1,0
2022-07-02,2,0
2022-07-02,3,0
2022-07-02,4,0
2022-07-02,5,0
2022-07-02,6,0
2022-07-02,7,0
2022-07-02,8,0
2022-07-02,9,0
2022-07-02,10,21
2022-07-02,11,19
2022-07-02,12,33
2022-07-02,13,28
2022-07-02,14,28
2022-07-02,15,19
2022-07-02,16,21
2022-07-02,17,24
2022-07-02,18,27
2022-07-02,19,27
2022-07-02,20,28
2022-07-02,21,31
2022-07-02,22,27
2022-07-02,23,34
2022-07-03,0,0
2022-07-03,1,0
2022-07-03,2,0
2022-07-03,3,0
2022-07-03,4,0
2022-07-03,5,0
2022-07-03,6,0
2022-07-03,7,0
2022-07-03,8,0
2022-07-03,9,0
2022-07-03,10,22
2022-07-03,11,18
2022-07-03,12,27
2022-07-03,13,30
2022-07-03,14,33
2022-07-03,15,24
2022-07-03,16,21
2022-07-03,17,21
2022-07-03,18,28
2022-07-03,19,33
2022-07-03,20,33
2022-07-03,21,31
2022-07-03,22,28
2022-07-03,23,28
2022-07-04,0,0
2022-07-04,1,0
2022-07-04,2,0
2022-07-04,3,0
2022-07-04,4,0
2022-07-04,5,0
2022-07-04,6,0
2022-07-04,7,0
2022-07-04,8,0
2022-07-04,9,0
2022-07-04,10,13
2022-07-04,11,9
2022-07-04,12,16
2022-07-04,13,18
2022-07-04,14,16
2022-07-04,15,8
2022-07-04,16,10
2022-07-04,17,11
2022-07-04,18,16
2022-07-04,19,13
2022-07-04,20,13
2022-07-04,21,18
2022-07-04,22,19
2022-07-04,23,12
2022-07-05,0,0
2022-07-05,1,0
2022-07-05,2,0
2022-07-05,3,0
2022-07-05,4,0
2022-07-05,5,0
2022-07-05,6,0
2022-07-05,7,0
2022-07-05,8,0
2022-07-05,9,0
2022-07-05,10,11
2022-07-05,11,13
2022-07-05,12,13
2022-07-05,13,18
2022-07-05,14,18
2022-07-05,15,12
2022-07-05,16,8
2022-07-05,17,8
2022-07-05,18,12
2022-07-05,19,13
2022-07-05,20,12
2022-07-05,21,18
2022-07-05,22,19
2022-07-05,23,15
2022-07-06,0,0
2022-07-06,1,0
2022-07-06,2,0
2022-07-06,3,0
2022-07-06,4,0
2022-07-06,5,0
2022-07-06,6,0
2022-07-06,7,0
2022-07-06,8,0
2022-07-06,9,0
2022-07-06,10,11
2022-07-06,11,12
2022-07-06,12,12
2022-07-06,13,18
2022-07-06,14,12
2022-07-06,15,13
2022-07-06,16,9
2022-07-06,17,13
2022-07-06,18,18
2022-07-06,19,13
2022-07-06,20,16
2022-07-06,21,12
2022-07-06,22,16
2022-07-06,23,16
2022-07-07,0,0
2022-07-07,1,0
2022-07-07,2,0
2022-07-07,3,0
2022-07-07,4,0
2022-07-07,5,0
2022-07-07,6,0
2022-07-07,7,0
2022-07-07,8,0
2022-07-07,9,0
2022-07-07,10,9
2022-07-07,11,11
2022-07-07,12,12
2022-07-07,13,15
2022-07-07,14,13
2022-07-07,15,11
2022-07-07,16,12
2022-07-07,17,13
2022-07-07,18,13
2022-07-07,19,16
2022-07-07,20,15
2022-07-07,21,12
2022-07-07,22,15
2022-07-07,23,16
2022-07-08,0,0
2022-07-08,1,0
2022-07-08,2,0
2022-07-08,3,0
2022-07-08,4,0
2022-07-08,5,0
2022-07-08,6,0
2022-07-08,7,0
2022-07-08,8,0
2022-07-08,9,0
2022-07-08,10,22
2022-07-08,11,21
2022-07-08,12,27
2022-07-08,13,36
2022-07-08,14,36
2022-07-08,15,23
2022-07-08,16,24
2022-07-08,17,22
2022-07-08,18,30
2022-07-08,19,27
2022-07-08,20,33
2022-07-08,21,34
2022-07-08,22,27
2022-07-08,23,28
2022-07-09,0,0
2022-07-09,1,0
2022-07-09,2,0
2022-07-09,3,0
2022-07-09,4,0
2022-07-09,5,0
2022-07-09,6,0
2022-07-09,7,0
2022-07-09,8,0
2022-07-09,9,0
2022-07-09,10,21
2022-07-09,11,23
2022-07-09,12,27
2022-07-09,13,34
2022-07-09,14,33
2022-07-09,15,21
2022-07-09,16,18
2022-07-09,17,20
2022-07-09,18,27
2022-07-09,19,28
2022-07-09,20,27
2022-07-09,21,27
2022-07-09,22,36
2022-07-09,23,30
2022-07-10,0,0
2022-07-10,1,0
2022-07-10,2,0
2022-07-10,3,0
2022-07-10,4,0
2022-07-10,5,0
2022-07-10,6,0
2022-07-10,7,0
2022-07-10,8,0
2022-07-10,9,0
2022-07-10,10,32
2022-07-10,11,32
2022-07-10,12,58
2022-07-10,13,55
2022-07-10,14,57
2022-07-10,15,36
2022-07-10,16,38
2022-07-10,17,34
2022-07-10,18,51
2022-07-10,19,52
2022-07-10,20,58
2022-07-10,21,51
2022-07-10,22,46
2022-07-10,23,55
2022-07-11,0,0
2022-07-11,1,0
2022-07-11,2,0
2022-07-11,3,0
2022-07-11,4,0
2022-07-11,5,0
2022-07-11,6,0
2022-07-11,7,0
2022-07-11,8,0
2022-07-11,9,0
2022-07-11,10,8
2022-07-11,11,9
2022-07-11,12,15
2022-07-11,13,16
2022-07-11,14,19
2022-07-11,15,11
2022-07-11,16,8
2022-07-11,17,12
2022-07-11,18,18
2022-07-11,19,13
2022-07-11,20,13
2022-07-11,21,18
2022-07-11,22,16
2022-07-11,23,16
2022-07-12,0,0
2022-07-12,1,0
2022-07-12,2,0
2022-07-12,3,0
2022-07-12,4,0
2022-07-12,5,0
2022-07-12,6,0
2022-07-12,7,0
2022-07-12,8,0
2022-07-12,9,0
2022-07-12,10,13
2022-07-12,11,9
2022-07-12,12,13
2022-07-12,13,13
2022-07-12,14,19
2022-07-12,15,8
2022-07-12,16,10
2022-07-12,17,10
2022-07-12,18,19
2022-07-12,19,12
2022-07-12,20,12
2022-07-12,21,13
2022-07-12,22,13
2022-07-12,23,19
2022-07-13,0,0
2022-07-13,1,0
2022-07-13,2,0
2022-07-13,3,0
2022-07-13,4,0
2022-07-13,5,0
2022-07-13,6,0
2022-07-13,7,0
2022-07-13,8,0
2022-07-13,9,0
2022-07-13,10,12
2022-07-13,11,8
2022-07-13,12,15
2022-07-13,13,13
2022-07-13,14,16
2022-07-13,15,11
2022-07-13,16,10
2022-07-13,17,11
2022-07-13,18,13
2022-07-13,19,13
2022-07-13,20,19
2022-07-13,21,13
2022-07-13,22,13
2022-07-13,23,18
2022-07-14,0,0
2022-07-14,1,0
2022-07-14,2,0
2022-07-14,3,0
2022-07-14,4,0
2022-07-14,5,0
2022-07-14,6,0
2022-07-14,7,0
2022-07-14,8,0
2022-07-14,9,0
2022-07-14,10,12
2022-07-14,11,13
2022-07-14,12,18
2022-07-14,13,19
2022-07-14,14,16
2022-07-14,15,12
2022-07-14,16,11
2022-07-14,17,11
2022-07-14,18,16
2022-07-14,19,18
2022-07-14,20,12
2022-07-14,21,13
2022-07-14,22,15
2022-07-14,23,15
2022-07-15,0,0
2022-07-15,1,0
2022-07-15,2,0
2022-07-15,3,0
2022-07-15,4,0
2022-07-15,5,0
2022-07-15,6,0
2022-07-15,7,0
2022-07-15,8,0
2022-07-15,9,0
2022-07-15,10,19
2022-07-15,11,20
2022-07-15,12,33
2022-07-15,13,27
2022-07-15,14,28
2022-07-15,15,19
2022-07-15,16,24
2022-07-15,17,20
2022-07-15,18,34
2022-07-15,19,36
2022-07-15,20,36
2022-07-15,21,28
2022-07-15,22,34
2022-07-15,23,30
2022-07-16,0,0
2022-07-16,1,0
2022-07-16,2,0
2022-07-16,3,0
2022-07-16,4,0
2022-07-16,5,0
2022-07-16,6,0
2022-07-16,7,0
2022-07-16,8,0
2022-07-16,9,0
2022-07-16,10,22
2022-07-16,11,21
2022-07-16,12,36
2022-07-16,13,27
2022-07-16,14,30
2022-07-16,15,22
2022-07-16,16,18
2022-07-16,17,21
2022-07-16,18,27
2022-07-16,19,31
2022-07-16,20,27
2022-07-16,21,31
2022-07-16,22,36
2022-07-16,23,34
2022-07-17,0,0
2022-07-17,1,0
2022-07-17,2,0
2022-07-17,3,0
2022-07-17,4,0
2022-07-17,5,0
2022-07-17,6,0
2022-07-17,7,0
2022-07-17,8,0
2022-07-17,9,0
2022-07-17,10,18
2022-07-17,11,22
2022-07-17,12,34
2022-07-17,13,28
2022-07-17,14,30
2022-07-17,15,21
2022-07-17,16,22
2022-07-17,17,18
2022-07-17,18,34
2022-07-17,19,34
2022-07-17,20,36
2022-07-17,21,34
2022-07-17,22,28
2022-07-17,23,27
2022-07-18,0,0
2022-07-18,1,0
2022-07-18,2,0
2022-07-18,3,0
2022-07-18,4,0
2022-07-18,5,0
2022-07-18,6,0
2022-07-18,7,0
2022-07-18,8,0
2022-07-18,9,0
2022-07-18,10,13
2022-07-18,11,13
2022-07-18,12,15
2022-07-18,13,15
2022-07-18,14,15
2022-07-18,15,11
2022-07-18,16,10
2022-07-18,17,8
2022-07-18,18,12
2022-07-18,19,16
2022-07-18,20,15
2022-07-18,21,13
2022-07-18,22,13
2022-07-18,23,12
2022-07-19,0,0
2022-07-19,1,0
2022-07-19,2,0
2022-07-19,3,0
2022-07-19,4,0
2022-07-19,5,0
2022-07-19,6,0
2022-07-19,7,0
2022-07-19,8,0
2022-07-19,9,0
2022-07-19,10,12
2022-07-19,11,12
2022-07-19,12,12
2022-07-19,13,16
2022-07-19,14,18
2022-07-19,15,11
2022-07-19,16,12
2022-07-19,17,9
2022-07-19,18,15
2022-07-19,19,18
2022-07-19,20,12
2022-07-19,21,18
2022-07-19,22,12
2022-07-19,23,15
2022-07-20,0,0
2022-07-20,1,0
2022-07-20,2,0
2022-07-20,3,0
2022-07-20,4,0
2022-07-20,5,0
2022-07-20,6,0
2022-07-20,7,0
2022-07-20,8,0
2022-07-20,9,0
2022-07-20,10,9
2022-07-20,11,12
2022-07-20,12,18
2022-07-20,13,12
2022-07-20,14,19
2022-07-20,15,12
2022-07-20,16,9
2022-07-20,17,9
2022-07-20,18,19
2022-07-20,19,13
2022-07-20,20,12
2022-07-20,21,19
2022-07-20,22,16
2022-07-20,23,13
2022-07-21,0,0
2022-07-21,1,0
2022-07-21,2,0
2022-07-21,3,0
2022-07-21,4,0
2022-07-21,5,0
2022-07-21,6,0
2022-07-21,7,0
2022-07-21,8,0
2022-07-21,9,0
2022-07-21,10,8
2022-07-21,11,10
2022-07-21,12,16
2022-07-21,13,19
2022-07-21,14,16
2022-07-21,15,12
2022-07-21,16,11
2022-07-21,17,8
2022-07-21,18,12
2022-07-21,19,19
2022-07-21,20,12
2022-07-21,21,16
2022-07-21,22,16
2022-07-21,23,13
2022-07-22,0,0
2022-07-22,1,0
2022-07-22,2,0
2022-07-22,3,0
2022-07-22,4,0
2022-07-22,5,0
2022-07-22,6,0
2022-07-22,7,0
2022-07-22,8,0
2022-07-22,9,0
2022-07-22,10,18
2022-07-22,11,18
2022-07-22,12,27
2022-07-22,13,33
2022-07-22,14,31
2022-07-22,15,24
2022-07-22,16,19
2022-07-22,17,23
2022-07-22,18,28
2022-07-22,19,34
2022-07-22,20,34
2022-07-22,21,27
2022-07-22,22,30
2022-07-22,23,31
2022-07-23,0,0
2022-07-23,1,0
2022-07-23,2,0
2022-07-23,3,0
2022-07-23,4,0
2022-07-23,5,0
2022-07-23,6,0
2022-07-23,7,0
2022-07-23,8,0
2022-07-23,9,0
2022-07-23,10,22
2022-07-23,11,23
2022-07-23,12,28
2022-07-23,13,27
2022-07-23,14,34
2022-07-23,15,18
2022-07-23,16,24
2022-07-23,17,22
2022-07-23,18,36
2022-07-23,19,30
2022-07-23,20,36
2022-07-23,21,30
2022-07-23,22,33
2022-07-23,23,30
2022-07-24,0,0
2022-07-24,1,0
2022-07-24,2,0
2022-07-24,3,0
2022-07-24,4,0
2022-07-24,5,0
2022-07-24,6,0
2022-07-24,7,0
2022-07-24,8,0
2022-07-24,9,0
2022-07-24,10,18
2022-07-24,11,18
2022-07-24,12,34
2022-07-24,13,31
2022-07-24,14,33
2022-07-24,15,20
2022-07-24,16,18
2022-07-24,17,22
2022-07-24,18,28
2022-07-24,19,36
2022-07-24,20,33
2022-07-24,21,31
2022-07-24,22,31
2022-07-24,23,30
2022-07-25,0,0
2022-07-25,1,0
2022-07-25,2,0
2022-07-25,3,0
2022-07-25,4,0
2022-07-25,5,0
2022-07-25,6,0
2022-07-25,7,0
2022-07-25,8,0
2022-07-25,9,0
2022-07-25,10,12
2022-07-25,11,8
2022-07-25,12,12
2022-07-25,13,13
2022-07-25,14,12
2022-07-25,15,11
2022-07-25,16,13
2022-07-25,17,10
2022-07-25,18,16
2022-07-25,19,16
2022-07-25,20,12
2022-07-25,21,13
2022-07-25,22,12
2022-07-25,23,13
2022-07-26,0,0
2022-07-26,1,0
2022-07-26,2,0
2022-07-26,3,0
2022-07-26,4,0
2022-07-26,5,0
2022-07-26,6,0
2022-07-26,7,0
2022-07-26,8,0
2022-07-26,9,0
2022-07-26,10,10
2022-07-26,11,8
2022-07-26,12,16
2022-07-26,13,19
2022-07-26,14,18
2022-07-26,15,8
2022-07-26,16,8
2022-07-26,17,10
2022-07-26,18,15
2022-07-26,19,16
2022-07-26,20,13
2022-07-26,21,19
2022-07-26,22,15
2022-07-26,23,19
2022-07-27,0,0
2022-07-27,1,0
2022-07-27,2,0
2022-07-27,3,0
2022-07-27,4,0
2022-07-27,5,0
2022-07-27,6,0
2022-07-27,7,0
2022-07-27,8,0
2022-07-27,9,0
2022-07-27,10,8
2022-07-27,11,8
2022-07-27,12,19
2022-07-27,13,15
2022-07-27,14,13
2022-07-27,15,12
2022-07-27,16,8
2022-07-27,17,13
2022-07-27,18,19
2022-07-27,19,19
2022-07-27,20,15
2022-07-27,21,19
2022-07-27,22,16
2022-07-27,23,13
2022-07-28,0,0
2022-07-28,1,0
2022-07-28,2,0
2022-07-28,3,0
2022-07-28,4,0
2022-07-28,5,0
2022-07-28,6,0
2022-07-28,7,0
2022-07-28,8,0
2022-07-28,9,0
2022-07-28,10,9
2022-07-28,11,8
2022-07-28,12,12
2022-07-28,13,15
2022-07-28,14,19
2022-07-28,15,8
2022-07-28,16,11
2022-07-28,17,10
2022-07-28,18,16
2022-07-28,19,16
2022-07-28,20,12
2022-07-28,21,19
2022-07-28,22,13
2022-07-28,23,15
2022-07-29,0,0
2022-07-29,1,0
2022-07-29,2,0
2022-07-29,3,0
2022-07-29,4,0
2022-07-29,5,0
2022-07-29,6,0
2022-07-29,7,0
2022-07-29,8,0
2022-07-29,9,0
2022-07-29,10,21
2022-07-29,11,19
2022-07-29,12,28
2022-07-29,13,30
2022-07-29,14,36
2022-07-29,15,23
2022-07-29,16,23
2022-07-29,17,18
2022-07-29,18,27
2022-07-29,19,31
2022-07-29,20,27
2022-07-29,21,27
2022-07-29,22,33
2022-07-29,23,34
2022-07-30,0,0
2022-07-30,1,0
2022-07-30,2,0
2022-07-30,3,0
2022-07-30,4,0
2022-07-30,5,0
2022-07-30,6,0
2022-07-30,7,0
2022-07-30,8,0
2022-07-30,9,0
2022-07-30,10,19
2022-07-30,11,21
2022-07-30,12,33
2022-07-30,13,31
2022-07-30,14,27
2022-07-30,15,22
2022-07-30,16,21
2022-07-30,17,21
2022-07-30,18,30
2022-07-30,19,36
2022-07-30,20,34
2022-07-30,21,33
2022-07-30,22,36
2022-07-30,23,27
2022-07-31,0,0
2022-07-31,1,0
2022-07-31,2,0
2022-07-31,3,0
2022-07-31,4,0
2022-07-31,5,0
2022-07-31,6,0
2022-07-31,7,0
2022-07-31,8,0
2022-07-31,9,0
2022-07-31,10,18
2022-07-31,11,21
2022-07-31,12,30
2022-07-31,13,27
2022-07-31,14,30
2022-07-31,15,23
2022-07-31,16,23
2022-07-31,17,23
2022-07-31,18,30
2022-07-31,19,31
2022-07-31,20,27
2022-07-31,21,36
2022-07-31,22,31
2022-07-31,23,28
2022-08-01,0,0
2022-08-01,1,0
2022-08-01,2,0
2022-08-01,3,0
2022-08-01,4,0
2022-08-01,5,0
2022-08-01,6,0
2022-08-01,7,0
2022-08-01,8,0
2022-08-01,9,0
2022-08-01,10,12
2022-08-01,11,8
2022-08-01,12,13
2022-08-01,13,13
2022-08-01,14,15
2022-08-01,15,9
2022-08-01,16,8
2022-08-01,17,10
2022-08-01,18,16
2022-08-01,19,13
2022-08-01,20,12
2022-08-01,21,13
2022-08-01,22,16
2022-08-01,23,15
2022-08-02,0,0
2022-08-02,1,0
2022-08-02,2,0
2022-08-02,3,0
2022-08-02,4,0
2022-08-02,5,0
2022-08-02,6,0
2022-08-02,7,0
2022-08-02,8,0
2022-08-02,9,0
2022-08-02,10,8
2022-08-02,11,10
2022-08-02,12,18
2022-08-02,13,12
2022-08-02,14,15
2022-08-02,15,12
2022-08-02,16,9
2022-08-02,17,8
2022-08-02,18,19
2022-08-02,19,12
2022-08-02,20,16
2022-08-02,21,13
2022-08-02,22,19
2022-08-02,23,13
2022-08-03,0,0
2022-08-03,1,0
2022-08-03,2,0
2022-08-03,3,0
2022-08-03,4,0
2022-08-03,5,0
2022-08-03,6,0
2022-08-03,7,0
2022-08-03,8,0
2022-08-03,9,0
2022-08-03,10,10
2022-08-03,11,13
2022-08-03,12,12
2022-08-03,13,18
2022-08-03,14,18
2022-08-03,15,8
2022-08-03,16,11
2022-08-03,17,9
2022-08-03,18,19
2022-08-03,19,12
2022-08-03,20,16
2022-08-03,21,18
2022-08-03,22,18
2022-08-03,23,16
2022-08-04,0,0
2022-08-04,1,0
2022-08-04,2,0
2022-08-04,3,0
2022-08-04,4,0
2022-08-04,5,0
2022-08-04,6,0
2022-08-04,7,0
2022-08-04,8,0
2022-08-04,9,0
2022-08-04,10,13
2022-08-04,11,12
2022-08-04,12,13
2022-08-04,13,19
2022-08-04,14,18
2022-08-04,15,12
2022-08-04,16,8
2022-08-04,17,11
2022-08-04,18,13
2022-08-04,19,12
2022-08-04,20,19
2022-08-04,21,16
2022-08-04,22,18
2022-08-04,23,13
2022-08-05,0,0
2022-08-05,1,0
2022-08-05,2,0
2022-08-05,3,0
2022-08-05,4,0
2022-08-05,5,0
2022-08-05,6,0
2022-08-05,7,0
2022-08-05,8,0
2022-08-05,9,0
2022-08-05,10,19
2022-08-05,11,22
2022-08-05,12,36
2022-08-05,13,27
2022-08-05,14,30
2022-08-05,15,19
2022-08-05,16,24
2022-08-05,17,20
2022-08-05,18,27
2022-08-05,19,36
2022-08-05,20,28
2022-08-05,21,33
2022-08-05,22,27
2022-08-05,23,36
2022-08-06,0,0
2022-08-06,1,0
2022-08-06,2,0
2022-08-06,3,0
2022-08-06,4,0
2022-08-06,5,0
2022-08-06,6,0
2022-08-06,7,0
2022-08-06,8,0
2022-08-06,9,0
2022-08-06,10,18
2022-08-06,11,24
2022-08-06,12,33
2022-08-06,13,31
2022-08-06,14,27
2022-08-06,15,23
2022-08-06,16,21
2022-08-06,17,18
2022-08-06,18,31
2022-08-06,19,33
2022-08-06,20,36
2022-08-06,21,28
2022-08-06,22,30
2022-08-06,23,28
2022-08-07,0,0
2022-08-07,1,0
2022-08-07,2,0
2022-08-07,3,0
2022-08-07,4,0
2022-08-07,5,0
2022-08-07,6,0
2022-08-07,7,0
2022-08-07,8,0
2022-08-07,9,0
2022-08-07,10,21
2022-08-07,11,19
2022-08-07,12,36
2022-08-07,13,36
2022-08-07,14,30
2022-08-07,15,21
2022-08-07,16,23
2022-08-07,17,20
2022-08-07,18,28
2022-08-07,19,34
2022-08-07,20,36
2022-08-07,21,34
2022-08-07,22,36
2022-08-07,23,27
2022-08-08,0,0
2022-08-08,1,0
2022-08-08,2,0
2022-08-08,3,0
2022-08-08,4,0
2022-08-08,5,0
2022-08-08,6,0
2022-08-08,7,0
2022-08-08,8,0
2022-08-08,9,0
2022-08-08,10,9
2022-08-08,11,11
2022-08-08,12,13
2022-08-08,13,13
2022-08-08,14,18
2022-08-08,15,8
2022-08-08,16,12
2022-08-08,17,8
2022-08-08,18,13
2022-08-08,19,12
2022-08-08,20,18
2022-08-08,21,15
2022-08-08,22,19
2022-08-08,23,19
2022-08-09,0,0
2022-08-09,1,0
2022-08-09,2,0
2022-08-09,3,0
2022-08-09,4,0
2022-08-09,5,0
2022-08-09,6,0
2022-08-09,7,0
2022-08-09,8,0
2022-08-09,9,0
2022-08-09,10,38
2022-08-09,11,35
2022-08-09,12,49
2022-08-09,13,49
2022-08-09,14,48
2022-08-09,15,32
2022-08-09,16,32
2022-08-09,17,32
2022-08-09,18,55
2022-08-09,19,54
2022-08-09,20,45
2022-08-09,21,52
2022-08-09,22,55
2022-08-09,23,52
2022-08-10,0,0
2022-08-10,1,0
2022-08-10,2,0
2022-08-10,3,0
2022-08-10,4,0
2022-08-10,5,0
2022-08-10,6,0
2022-08-10,7,0
2022-08-10,8,0
2022-08-10,9,0
2022-08-10,10,11
2022-08-10,11,9
2022-08-10,12,15
2022-08-10,13,15
2022-08-10,14,13
2022-08-10,15,8
2022-08-10,16,13
2022-08-10,17,9
2022-08-10,18,12
2022-08-10,19,15
2022-08-10,20,15
2022-08-10,21,18
2022-08-10,22,15
2022-08-10,23,15
2022-08-11,0,0
2022-08-11,1,0
2022-08-11,2,0
2022-08-11,3,0
2022-08-11,4,0
2022-08-11,5,0
2022-08-11,6,0
2022-08-11,7,0
2022-08-11,8,0
2022-08-11,9,0
2022-08-11,10,31
2022-08-11,11,34
2022-08-11,12,52
2022-08-11,13,51
2022-08-11,14,57
2022-08-11,15,38
2022-08-11,16,39
2022-08-11,17,31
2022-08-11,18,57
2022-08-11,19,52
2022-08-11,20,46
2022-08-11,21,52
2022-08-11,22,54
2022-08-11,23,45
2022-08-12,0,0
2022-08-12,1,0
2022-08-12,2,0
2022-08-12,3,0
2022-08-12,4,0
2022-08-12,5,0
2022-08-12,6,0
2022-08-12,7,0
2022-08-12,8,0
2022-08-12,9,0
2022-08-12,10,23
2022-08-12,11,19
2022-08-12,12,36
2022-08-12,13,36
2022-08-12,14,28
2022-08-12,15,20
2022-08-12,16,18
2022-08-12,17,19
2022-08-12,18,36
2022-08-12,19,33
2022-08-12,20,30
2022-08-12,21,28
2022-08-12,22,28
2022-08-12,23,34
2022-08-13,0,0
2022-08-13,1,0
2022-08-13,2,0
2022-08-13,3,0
2022-08-13,4,0
2022-08-13,5,0
2022-08-13,6,0
2022-08-13,7,0
2022-08-13,8,0
2022-08-13,9,0
2022-08-13,10,23
2022-08-13,11,20
2022-08-13,12,34
2022-08-13,13,34
2022-08-13,14,31
2022-08-13,15,20
2022-08-13,16,21
2022-08-13,17,23
2022-08-13,18,30
2022-08-13,19,28
2022-08-13,20,33
2022-08-13,21,30
2022-08-13,22,30
2022-08-13,23,36
2022-08-14,0,0
2022-08-14,1,0
2022-08-14,2,0
2022-08-14,3,0
2022-08-14,4,0
2022-08-14,5,0
2022-08-14,6,0
2022-08-14,7,0
2022-08-14,8,0
2022-08-14,9,0
2022-08-14,10,20
2022-08-14,11,23
2022-08-14,12,36
2022-08-14,13,36
2022-08-14,14,34
2022-08-14,15,19
2022-08-14,16,21
2022-08-14,17,19
2022-08-14,18,33
2022-08-14,19,34
2022-08-14,20,28
2022-08-14,21,27
2022-08-14,22,27
2022-08-14,23,28
2022-08-15,0,0
2022-08-15,1,0
2022-08-15,2,0
2022-08-15,3,0
2022-08-15,4,0
2022-08-15,5,0
2022-08-15,6,0
2022-08-15,7,0
2022-08-15,8,0
2022-08-15,9,0
2022-08-15,10,33
2022-08-15,11,37
2022-08-15,12,46
2022-08-15,13,46
2022-08-15,14,54
2022-08-15,15,30
2022-08-15,16,35
2022-08-15,17,35
2022-08-15,18,58
2022-08-15,19,51
2022-08-15,20,57
2022-08-15,21,45
2022-08-15,22,49
2022-08-15,23,54
2022-08-16,0,0
2022-08-16,1,0
2022-08-16,2,0
2022-08-16,3,0
2022-08-16,4,0
2022-08-16,5,0
2022-08-16,6,0
2022-08-16,7,0
2022-08-16,8,0
2022-08-16,9,0
2022-08-16,10,12
2022-08-16,11,11
2022-08-16,12,18
2022-08-16,13,19
2022-08-16,14,13
2022-08-16,15,8
2022-08-16,16,13
2022-08-16,17,11
2022-08-16,18,12
2022-08-16,19,15
2022-08-16,20,16
2022-08-16,21,13
2022-08-16,22,15
2022-08-16,23,12
2022-08-17,0,0
2022-08-17,1,0
2022-08-17,2,0
2022-08-17,3,0
2022-08-17,4,0
2022-08-17,5,0
2022-08-17,6,0
2022-08-17,7,0
2022-08-17,8,0
2022-08-17,9,0
2022-08-17,10,10
2022-08-17,11,9
2022-08-17,12,12
2022-08-17,13,18
2022-08-17,14,12
2022-08-17,15,12
2022-08-17,16,8
2022-08-17,17,10
2022-08-17,18,18
2022-08-17,19,19
2022-08-17,20,18
2022-08-17,21,15
2022-08-17,22,12
2022-08-17,23,15
2022-08-18,0,0
2022-08-18,1,0
2022-08-18,2,0
2022-08-18,3,0
2022-08-18,4,0
2022-08-18,5,0
2022-08-18,6,0
2022-08-18,7,0
2022-08-18,8,0
2022-08-18,9,0
2022-08-18,10,9
2022-08-18,11,10
2022-08-18,12,13
2022-08-18,13,16
2022-08-18,14,12
2022-08-18,15,12
2022-08-18,16,13
2022-08-18,17,10
2022-08-18,18,19
2022-08-18,19,16
2022-08-18,20,18
2022-08-18,21,19
2022-08-18,22,16
2022-08-18,23,12
2022-08-19,0,0
2022-08-19,1,0
2022-08-19,2,0
2022-08-19,3,0
2022-08-19,4,0
2022-08-19,5,0
2022-08-19,6,0
2022-08-19,7,0
2022-08-19,8,0
2022-08-19,9,0
2022-08-19,10,30
2022-08-19,11,37
2022-08-19,12,54
2022-08-19,13,57
2022-08-19,14,51
2022-08-19,15,36
2022-08-19,16,33
2022-08-19,17,32
2022-08-19,18,48
2022-08-19,19,52
2022-08-19,20,58
2022-08-19,21,57
2022-08-19,22,51
2022-08-19,23,54
2022-08-20,0,0
2022-08-20,1,0
2022-08-20,2,0
2022-08-20,3,0
2022-08-20,4,0
2022-08-20,5,0
2022-08-20,6,0
2022-08-20,7,0
2022-08-20,8,0
2022-08-20,9,0
2022-08-20,10,24
2022-08-20,11,18
2022-08-20,12,33
2022-08-20,13,30
2022-08-20,14,28
2022-08-20,15,24
2022-08-20,16,20
2022-08-20,17,19
2022-08-20,18,33
2022-08-20,19,28
2022-08-20,20,30
2022-08-20,21,30
2022-08-20,22,36
2022-08-20,23,33
2022-08-21,0,0
2022-08-21,1,0
2022-08-21,2,0
2022-08-21,3,0
2022-08-21,4,0
2022-08-21,5,0
2022-08-21,6,0
2022-08-21,7,0
2022-08-21,8,0
2022-08-21,9,0
2022-08-21,10,23
2022-08-21,11,23
2022-08-21,12,30
2022-08-21,13,28
2022-08-21,14,28
2022-08-21,15,18
2022-08-21,16,23
2022-08-21,17,20
2022-08-21,18,27
2022-08-21,19,28
2022-08-21,20,30
2022-08-21,21,27
2022-08-21,22,33
2022-08-21,23,34
2022-08-22,0,0
2022-08-22,1,0
2022-08-22,2,0
2022-08-22,3,0
2022-08-22,4,0
2022-08-22,5,0
2022-08-22,6,0
2022-08-22,7,0
2022-08-22,8,0
2022-08-22,9,0
2022-08-22,10,11
2022-08-22,11,12
2022-08-22,12,18
2022-08-22,13,19
2022-08-22,14,13
2022-08-22,15,10
2022-08-22,16,12
2022-08-22,17,12
2022-08-22,18,16
2022-08-22,19,12
2022-08-22,20,12
2022-08-22,21,13
2022-08-22,22,16
2022-08-22,23,18
2022-08-23,0,0
2022-08-23,1,0
2022-08-23,2,0
2022-08-23,3,0
2022-08-23,4,0
2022-08-23,5,0
2022-08-23,6,0
2022-08-23,7,0
2022-08-23,8,0
2022-08-23,9,0
2022-08-23,10,13
2022-08-23,11,9
2022-08-23,12,16
2022-08-23,13,18
2022-08-23,14,19
2022-08-23,15,9
2022-08-23,16,12
2022-08-23,17,12
2022-08-23,18,16
2022-08-23,19,18
2022-08-23,20,13
2022-08-23,21,12
2022-08-23,22,15
2022-08-23,23,13
2022-08-24,0,0
2022-08-24,1,0
2022-08-24,2,0
2022-08-24,3,0
2022-08-24,4,0
2022-08-24,5,0
2022-08-24,6,0
2022-08-24,7,0
2022-08-24,8,0
2022-08-24,9,0
2022-08-24,10,9
2022-08-24,11,8
2022-08-24,12,15
2022-08-24,13,13
2022-08-24,14,15
2022-08-24,15,10
2022-08-24,16,9
2022-08-24,17,13
2022-08-24,18,19
2022-08-24,19,12
2022-08-24,20,12
2022-08-24,21,15
2022-08-24,22,13
2022-08-24,23,15
2022-08-25,0,0
2022-08-25,1,0
2022-08-25,2,0
2022-08-25,3,0
2022-08-25,4,0
2022-08-25,5,0
2022-08-25,6,0
2022-08-25,7,0
2022-08-25,8,0
2022-08-25,9,0
2022-08-25,10,12
2022-08-25,11,9
2022-08-25,12,15
2022-08-25,13,15
2022-08-25,14,18
2022-08-25,15,13
2022-08-25,16,13
2022-08-25,17,13
2022-08-25,18,13
2022-08-25,19,16
2022-08-25,20,12
2022-08-25,21,15
2022-08-25,22,12
2022-08-25,23,19
2022-08-26,0,0
2022-08-26,1,0
2022-08-26,2,0
2022-08-26,3,0
2022-08-26,4,0
2022-08-26,5,0
2022-08-26,6,0
2022-08-26,7,0
2022-08-26,8,0
2022-08-26,9,0
2022-08-26,10,19
2022-08-26,11,22
2022-08-26,12,27
2022-08-26,13,27
2022-08-26,14,31
2022-08-26,15,18
2022-08-26,16,21
2022-08-26,17,24
2022-08-26,18,27
2022-08-26,19,36
2022-08-26,20,31
2022-08-26,21,33
2022-08-26,22,33
2022-08-26,23,36
2022-08-27,0,0
2022-08-27,1,0
2022-08-27,2,0
2022-08-27,3,0
2022-08-27,4,0
2022-08-27,5,0
2022-08-27,6,0
2022-08-27,7,0
2022-08-27,8,0
2022-08-27,9,0
2022-08-27,10,21
2022-08-27,11,19
2022-08-27,12,27
2022-08-27,13,33
2022-08-27,14,27
2022-08-27,15,19
2022-08-27,16,23
2022-08-27,17,23
2022-08-27,18,31
2022-08-27,19,36
2022-08-27,20,31
2022-08-27,21,34
2022-08-27,22,27
2022-08-27,23,28
2022-08-28,0,0
2022-08-28,1,0
2022-08-28,2,0
2022-08-28,3,0
2022-08-28,4,0
2022-08-28,5,0
2022-08-28,6,0
2022-08-28,7,0
2022-08-28,8,0
2022-08-28,9,0
2022-08-28,10,18
2022-08-28,11,20
2022-08-28,12,30
2022-08-28,13,27
2022-08-28,14,31
2022-08-28,15,22
2022-08-28,16,23
2022-08-28,17,24
2022-08-28,18,33
2022-08-28,19,36
2022-08-28,20,36
2022-08-28,21,27
2022-08-28,22,34
2022-08-28,23,31
2022-08-29,0,0
2022-08-29,1,0
2022-08-29,2,0
2022-08-29,3,0
2022-08-29,4,0
2022-08-29,5,0
2022-08-29,6,0
2022-08-29,7,0
2022-08-29,8,0
2022-08-29,9,0
2022-08-29,10,8
2022-08-29,11,11
2022-08-29,12,16
2022-08-29,13,16
2022-08-29,14,19
2022-08-29,15,12
2022-08-29,16,9
2022-08-29,17,11
2022-08-29,18,19
2022-08-29,19,15
2022-08-29,20,13
2022-08-29,21,12
2022-08-29,22,15
2022-08-29,23,15
2022-08-30,0,0
2022-08-30,1,0
2022-08-30,2,0
2022-08-30,3,0
2022-08-30,4,0
2022-08-30,5,0
2022-08-30,6,0
2022-08-30,7,0
2022-08-30,8,0
2022-08-30,9,0
2022-08-30,10,13
2022-08-30,11,12
2022-08-30,12,13
2022-08-30,13,15
2022-08-30,14,18
2022-08-30,15,11
2022-08-30,16,8
2022-08-30,17,8
2022-08-30,18,19
2022-08-30,19,16
2022-08-30,20,15
2022-08-30,21,16
2022-08-30,22,19
2022-08-30,23,18
2022-08-31,0,0
2022-08-31,1,0
2022-08-31,2,0
2022-08-31,3,0
2022-08-31,4,0
2022-08-31,5,0
2022-08-31,6,0
2022-08-31,7,0
2022-08-31,8,0
2022-08-31,9,0
2022-08-31,10,37
2022-08-31,11,32
2022-08-31,12,58
2022-08-31,13,57
2022-08-31,14,45
2022-08-31,15,35
2022-08-31,16,36
2022-08-31,17,37
2022-08-31,18,52
2022-08-31,19,57
2022-08-31,20,51
2022-08-31,21,46
2022-08-31,22,57
2022-08-31,23,57
2022-09-01,0,0
2022-09-01,1,0
2022-09-01,2,0
2022-09-01,3,0
2022-09-01,4,0
2022-09-01,5,0
2022-09-01,6,0
2022-09-01,7,0
2022-09-01,8,0
2022-09-01,9,0
2022-09-01,10,13
2022-09-01,11,9
2022-09-01,12,13
2022-09-01,13,13
2022-09-01,14,15
2022-09-01,15,11
2022-09-01,16,10
2022-09-01,17,11
2022-09-01,18,13
2022-09-01,19,15
2022-09-01,20,13
2022-09-01,21,15
2022-09-01,22,15
2022-09-01,23,16
2022-09-02,0,0
2022-09-02,1,0
2022-09-02,2,0
2022-09-02,3,0
2022-09-02,4,0
2022-09-02,5,0
2022-09-02,6,0
2022-09-02,7,0
2022-09-02,8,0
2022-09-02,9,0
2022-09-02,10,19
2022-09-02,11,22
2022-09-02,12,33
2022-09-02,13,36
2022-09-02,14,28
2022-09-02,15,18
2022-09-02,16,19
2022-09-02,17,18
2022-09-02,18,27
2022-09-02,19,31
2022-09-02,20,31
2022-09-02,21,27
2022-09-02,22,31
2022-09-02,23,30
2022-09-03,0,0
2022-09-03,1,0
2022-09-03,2,0
2022-09-03,3,0
2022-09-03,4,0
2022-09-03,5,0
2022-09-03,6,0
2022-09-03,7,0
2022-09-03,8,0
2022-09-03,9,0
2022-09-03,10,22
2022-09-03,11,19
2022-09-03,12,34
2022-09-03,13,31
2022-09-03,14,27
2022-09-03,15,20
2022-09-03,16,20
2022-09-03,17,24
2022-09-03,18,36
2022-09-03,19,28
2022-09-03,20,34
2022-09-03,21,30
2022-09-03,22,34
2022-09-03,23,27
2022-09-04,0,0
2022-09-04,1,0
2022-09-04,2,0
2022-09-04,3,0
2022-09-04,4,0
2022-09-04,5,0
2022-09-04,6,0
2022-09-04,7,0
2022-09-04,8,0
2022-09-04,9,0
2022-09-04,10,23
2022-09-04,11,20
2022-09-04,12,36
2022-09-04,13,31
2022-09-04,14,28
2022-09-04,15,20
2022-09-04,16,24
2022-09-04,17,19
2022-09-04,18,34
2022-09-04,19,28
2022-09-04,20,30
2022-09-04,21,34
2022-09-04,22,36
2022-09-04,23,27
2022-09-05,0,0
2022-09-05,1,0
2022-09-05,2,0
2022-09-05,3,0
2022-09-05,4,0
2022-09-05,5,0
2022-09-05,6,0
2022-09-05,7,0
2022-09-05,8,0
2022-09-05,9,0
2022-09-05,10,12
2022-09-05,11,11
2022-09-05,12,15
2022-09-05,13,19
2022-09-05,14,18
2022-09-05,15,9
2022-09-05,16,8
2022-09-05,17,12
2022-09-05,18,13
2022-09-05,19,12
2022-09-05,20,12
2022-09-05,21,18
2022-09-05,22,13
2022-09-05,23,18
2022-09-06,0,0
2022-09-06,1,0
2022-09-06,2,0
2022-09-06,3,0
2022-09-06,4,0
2022-09-06,5,0
2022-09-06,6,0
2022-09-06,7,0
2022-09-06,8,0
2022-09-06,9,0
2022-09-06,10,8
2022-09-06,11,13
2022-09-06,12,15
2022-09-06,13,18
2022-09-06,14,16
2022-09-06,15,9
2022-09-06,16,12
2022-09-06,17,12
2022-09-06,18,16
2022-09-06,19,18
2022-09-06,20,15
2022-09-06,21,12
2022-09-06,22,16
2022-09-06,23,12
2022-09-07,0,0
2022-09-07,1,0
2022-09-07,2,0
2022-09-07,3,0
2022-09-07,4,0
2022-09-07,5,0
2022-09-07,6,0
2022-09-07,7,0
2022-09-07,8,0
2022-09-07,9,0
2022-09-07,10,11
2022-09-07,11,12
2022-09-07,12,13
2022-09-07,13,19
2022-09-07,14,16
2022-09-07,15,9
2022-09-07,16,13
2022-09-07,17,11
2022-09-07,18,12
2022-09-07,19,15
2022-09-07,20,13
2022-09-07,21,16
2022-09-07,22,16
2022-09-07,23,13
2022-09-08,0,0
2022-09-08,1,0
2022-09-08,2,0
2022-09-08,3,0
2022-09-08,4,0
2022-09-08,5,0
2022-09-08,6,0
2022-09-08,7,0
2022-09-08,8,0
2022-09-08,9,0
2022-09-08,10,10
2022-09-08,11,11
2022-09-08,12,13
2022-09-08,13,18
2022-09-08,14,15
2022-09-08,15,13
2022-09-08,16,10
2022-09-08,17,12
2022-09-08,18,15
2022-09-08,19,15
2022-09-08,20,13
2022-09-08,21,18
2022-09-08,22,12
2022-09-08,23,16
2022-09-09,0,0
2022-09-09,1,0
2022-09-09,2,0
2022-09-09,3,0
2022-09-09,4,0
2022-09-09,5,0
2022-09-09,6,0
2022-09-09,7,0
2022-09-09,8,0
2022-09-09,9,0
2022-09-09,10,23
2022-09-09,11,23
2022-09-09,12,33
2022-09-09,13,31
2022-09-09,14,34
2022-09-09,15,18
2022-09-09,16,24
2022-09-09,17,20
2022-09-09,18,28
2022-09-09,19,28
2022-09-09,20,27
2022-09-09,21,36
2022-09-09,22,30
2022-09-09,23,36
2022-09-10,0,0
2022-09-10,1,0
2022-09-10,2,0
2022-09-10,3,0
2022-09-10,4,0
2022-09-10,5,0
2022-09-10,6,0
2022-09-10,7,0
2022-09-10,8,0
2022-09-10,9,0
2022-09-10,10,24
2022-09-10,11,21
2022-09-10,12,28
2022-09-10,13,34
2022-09-10,14,31
2022-09-10,15,21
2022-09-10,16,19
2022-09-10,17,19
2022-09-10,18,36
2022-09-10,19,36
2022-09-10,20,31
2022-09-10,21,27
2022-09-10,22,28
2022-09-10,23,36
2022-09-11,0,0
2022-09-11,1,0
2022-09-11,2,0
2022-09-11,3,0
2022-09-11,4,0
2022-09-11,5,0
2022-09-11,6,0
2022-09-11,7,0
2022-09-11,8,0
2022-09-11,9,0
2022-09-11,10,24
2022-09-11,11,24
2022-09-11,12,36
2022-09-11,13,36
2022-09-11,14,27
2022-09-11,15,22
2022-09-11,16,19
2022-09-11,17,19
2022-09-11,18,36
2022-09-11,19,36
2022-09-11,20,34
2022-09-11,21,33
2022-09-11,22,34
2022-09-11,23,27
2022-09-12,0,0
2022-09-12,1,0
2022-09-12,2,0
2022-09-12,3,0
2022-09-12,4,0
2022-09-12,5,0
2022-09-12,6,0
2022-09-12,7,0
2022-09-12,8,0
2022-09-12,9,0
2022-09-12,10,13
2022-09-12,11,8
2022-09-12,12,13
2022-09-12,13,12
2022-09-12,14,18
2022-09-12,15,9
2022-09-12,16,11
2022-09-12,17,8
2022-09-12,18,13
2022-09-12,19,13
2022-09-12,20,18
2022-09-12,21,19
2022-09-12,22,19
2022-09-12,23,19
2022-09-13,0,0
2022-09-13,1,0
2022-09-13,2,0
2022-09-13,3,0
2022-09-13,4,0
2022-09-13,5,0
2022-09-13,6,0
2022-09-13,7,0
2022-09-13,8,0
2022-09-13,9,0
2022-09-13,10,8
2022-09-13,11,8
2022-09-13,12,16
2022-09-13,13,13
2022-09-13,14,15
2022-09-13,15,11
2022-09-13,16,11
2022-09-13,17,11
2022-09-13,18,12
2022-09-13,19,16
2022-09-13,20,13
2022-09-13,21,16
2022-09-13,22,18
2022-09-13,23,12
2022-09-14,0,0
2022-09-14,1,0
2022-09-14,2,0
2022-09-14,3,0
2022-09-14,4,0
2022-09-14,5,0
2022-09-14,6,0
2022-09-14,7,0
2022-09-14,8,0
2022-09-14,9,0
2022-09-14,10,11
2022-09-14,11,9
2022-09-14,12,18
2022-09-14,13,19
2022-09-14,14,16
2022-09-14,15,11
2022-09-14,16,11
2022-09-14,17,8
2022-09-14,18,19
2022-09-14,19,16
2022-09-14,20,13
2022-09-14,21,16
2022-09-14,22,16
2022-09-14,23,18
2022-09-15,0,0
2022-09-15,1,0
2022-09-15,2,0
2022-09-15,3,0
2022-09-15,4,0
2022-09-15,5,0
2022-09-15,6,0
2022-09-15,7,0
2022-09-15,8,0
2022-09-15,9,0
2022-09-15,10,8
2022-09-15,11,11
2022-09-15,12,12
2022-09-15,13,18
2022-09-15,14,12
2022-09-15,15,9
2022-09-15,16,8
2022-09-15,17,10
2022-09-15,18,12
2022-09-15,19,16
2022-09-15,20,16
2022-09-15,21,15
2022-09-15,22,16
2022-09-15,23,19
2022-09-16,0,0
2022-09-16,1,0
2022-09-16,2,0
2022-09-16,3,0
2022-09-16,4,0
2022-09-16,5,0
2022-09-16,6,0
2022-09-16,7,0
2022-09-16,8,0
2022-09-16,9,0
2022-09-16,10,24
2022-09-16,11,20
2022-09-16,12,30
2022-09-16,13,36
2022-09-16,14,36
2022-09-16,15,19
2022-09-16,16,22
2022-09-16,17,19
2022-09-16,18,36
2022-09-16,19,33
2022-09-16,20,33
2022-09-16,21,33
2022-09-16,22,34
2022-09-16,23,33
2022-09-17,0,0
2022-09-17,1,0
2022-09-17,2,0
2022-09-17,3,0
2022-09-17,4,0
2022-09-17,5,0
2022-09-17,6,0
2022-09-17,7,0
2022-09-17,8,0
2022-09-17,9,0
2022-09-17,10,21
2022-09-17,11,20
2022-09-17,12,27
2022-09-17,13,28
2022-09-17,14,28
2022-09-17,15,23
2022-09-17,16,18
2022-09-17,17,24
2022-09-17,18,30
2022-09-17,19,30
2022-09-17,20,27
2022-09-17,21,28
2022-09-17,22,27
2022-09-17,23,28
2022-09-18,0,0
2022-09-18,1,0
2022-09-18,2,0
2022-09-18,3,0
2022-09-18,4,0
2022-09-18,5,0
2022-09-18,6,0
2022-09-18,7,0
2022-09-18,8,0
2022-09-18,9,0
2022-09-18,10,22
2022-09-18,11,22
2022-09-18,12,30
2022-09-18,13,27
2022-09-18,14,33
2022-09-18,15,20
2022-09-18,16,20
2022-09-18,17,19
2022-09-18,18,34
2022-09-18,19,30
2022-09-18,20,34
2022-09-18,21,28
2022-09-18,22,28
2022-09-18,23,31
2022-09-19,0,0
2022-09-19,1,0
2022-09-19,2,0
2022-09-19,3,0
2022-09-19,4,0
2022-09-19,5,0
2022-09-19,6,0
2022-09-19,7,0
2022-09-19,8,0
2022-09-19,9,0
2022-09-19,10,10
2022-09-19,11,9
2022-09-19,12,12
2022-09-19,13,12
2022-09-19,14,12
2022-09-19,15,13
2022-09-19,16,13
2022-09-19,17,11
2022-09-19,18,18
2022-09-19,19,18
2022-09-19,20,18
2022-09-19,21,18
2022-09-19,22,19
2022-09-19,23,12
2022-09-20,0,0
2022-09-20,1,0
2022-09-20,2,0
2022-09-20,3,0
2022-09-20,4,0
2022-09-20,5,0
2022-09-20,6,0
2022-09-20,7,0
2022-09-20,8,0
2022-09-20,9,0
2022-09-20,10,11
2022-09-20,11,12
2022-09-20,12,13
2022-09-20,13,13
2022-09-20,14,16
2022-09-20,15,11
2022-09-20,16,9
2022-09-20,17,8
2022-09-20,18,12
2022-09-20,19,18
2022-09-20,20,16
2022-09-20,21,16
2022-09-20,22,12
2022-09-20,23,18
2022-09-21,0,0
2022-09-21,1,0
2022-09-21,2,0
2022-09-21,3,0
2022-09-21,4,0
2022-09-21,5,0
2022-09-21,6,0
2022-09-21,7,0
2022-09-21,8,0
2022-09-21,9,0
2022-09-21,10,10
2022-09-21,11,8
2022-09-21,12,18
2022-09-21,13,18
2022-09-21,14,12
2022-09-21,15,11
2022-09-21,16,8
2022-09-21,17,10
2022-09-21,18,16
2022-09-21,19,13
2022-09-21,20,13
2022-09-21,21,19
2022-09-21,22,18
2022-09-21,23,13
2022-09-22,0,0
2022-09-22,1,0
2022-09-22,2,0
2022-09-22,3,0
2022-09-22,4,0
2022-09-22,5,0
2022-09-22,6,0
2022-09-22,7,0
2022-09-22,8,0
2022-09-22,9,0
2022-09-22,10,8
2022-09-22,11,13
2022-09-22,12,15
2022-09-22,13,18
2022-09-22,14,18
2022-09-22,15,13
2022-09-22,16,8
2022-09-22,17,12
2022-09-22,18,16
2022-09-22,19,12
2022-09-22,20,12
2022-09-22,21,13
2022-09-22,22,19
2022-09-22,23,18
2022-09-23,0,0
2022-09-23,1,0
2022-09-23,2,0
2022-09-23,3,0
2022-09-23,4,0
2022-09-23,5,0
2022-09-23,6,0
2022-09-23,7,0
2022-09-23,8,0
2022-09-23,9,0
2022-09-23,10,19
2022-09-23,11,23
2022-09-23,12,30
2022-09-23,13,36
2022-09-23,14,34
2022-09-23,15,22
2022-09-23,16,22
2022-09-23,17,18
2022-09-23,18,36
2022-09-23,19,27
2022-09-23,20,33
2022-09-23,21,30
2022-09-23,22,27
2022-09-23,23,33
2022-09-24,0,0
2022-09-24,1,0
2022-09-24,2,0
2022-09-24,3,0
2022-09-24,4,0
2022-09-24,5,0
2022-09-24,6,0
2022-09-24,7,0
2022-09-24,8,0
2022-09-24,9,0
2022-09-24,10,22
2022-09-24,11,20
2022-09-24,12,30
2022-09-24,13,31
2022-09-24,14,27
2022-09-24,15,19
2022-09-24,16,24
2022-09-24,17,19
2022-09-24,18,27
2022-09-24,19,28
2022-09-24,20,33
2022-09-24,21,34
2022-09-24,22,30
2022-09-24,23,36
2022-09-25,0,0
2022-09-25,1,0
2022-09-25,2,0
2022-09-25,3,0
2022-09-25,4,0
2022-09-25,5,0
2022-09-25,6,0
2022-09-25,7,0
2022-09-25,8,0
2022-09-25,9,0
2022-09-25,10,20
2022-09-25,11,23
2022-09-25,12,36
2022-09-25,13,33
2022-09-25,14,27
2022-09-25,15,20
2022-09-25,16,18
2022-09-25,17,18
2022-09-25,18,30
2022-09-25,19,36
2022-09-25,20,34
2022-09-25,21,34
2022-09-25,22,27
2022-09-25,23,30
2022-09-26,0,0
2022-09-26,1,0
2022-09-26,2,0
2022-09-26,3,0
2022-09-26,4,0
2022-09-26,5,0
2022-09-26,6,0
2022-09-26,7,0
2022-09-26,8,0
2022-09-26,9,0
2022-09-26,10,13
2022-09-26,11,8
2022-09-26,12,18
2022-09-26,13,13
2022-09-26,14,19
2022-09-26,15,12
2022-09-26,16,11
2022-09-26,17,13
2022-09-26,18,18
2022-09-26,19,16
2022-09-26,20,15
2022-09-26,21,13
2022-09-26,22,19
2022-09-26,23,18
2022-09-27,0,0
2022-09-27,1,0
2022-09-27,2,0
2022-09-27,3,0
2022-09-27,4,0
2022-09-27,5,0
2022-09-27,6,0
2022-09-27,7,0
2022-09-27,8,0
2022-09-27,9,0
2022-09-27,10,11
2022-09-27,11,9
2022-09-27,12,12
2022-09-27,13,13
2022-09-27,14,15
2022-09-27,15,12
2022-09-27,16,13
2022-09-27,17,8
2022-09-27,18,16
2022-09-27,19,19
2022-09-27,20,13
2022-09-27,21,16
2022-09-27,22,16
2022-09-27,23,12
2022-09-28,0,0
2022-09-28,1,0
2022-09-28,2,0
2022-09-28,3,0
2022-09-28,4,0
2022-09-28,5,0
2022-09-28,6,0
2022-09-28,7,0
2022-09-28,8,0
2022-09-28,9,0
2022-09-28,10,10
2022-09-28,11,11
2022-09-28,12,16
2022-09-28,13,16
2022-09-28,14,12
2022-09-28,15,13
2022-09-28,16,10
2022-09-28,17,11
2022-09-28,18,15
2022-09-28,19,19
2022-09-28,20,13
2022-09-28,21,16
2022-09-28,22,19
2022-09-28,23,18
2022-09-29,0,0
2022-09-29,1,0
2022-09-29,2,0
2022-09-29,3,0
2022-09-29,4,0
2022-09-29,5,0
2022-09-29,6,0
2022-09-29,7,0
2022-09-29,8,0
2022-09-29,9,0
2022-09-29,10,11
2022-09-29,11,11
2022-09-29,12,13
2022-09-29,13,19
2022-09-29,14,12
2022-09-29,15,10
2022-09-29,16,9
2022-09-29,17,11
2022-09-29,18,12
2022-09-29,19,16
2022-09-29,20,19
2022-09-29,21,16
2022-09-29,22,16
2022-09-29,23,16
2022-09-30,0,0
2022-09-30,1,0
2022-09-30,2,0
2022-09-30,3,0
2022-09-30,4,0
2022-09-30,5,0
2022-09-30,6,0
2022-09-30,7,0
2022-09-30,8,0
2022-09-30,9,0
2022-09-30,10,20
2022-09-30,11,20
2022-09-30,12,36
2022-09-30,13,36
2022-09-30,14,31
2022-09-30,15,23
2022-09-30,16,18
2022-09-30,17,18
2022-09-30,18,28
2022-09-30,19,28
2022-09-30,20,31
2022-09-30,21,30
2022-09-30,22,33
2022-09-30,23,31
2022-10-01,0,0
2022-10-01,1,0
2022-10-01,2,0
2022-10-01,3,0
2022-10-01,4,0
2022-10-01,5,0
2022-10-01,6,0
2022-10-01,7,0
2022-10-01,8,0
2022-10-01,9,0
2022-10-01,10,21
2022-10-01,11,18
2022-10-01,12,31
2022-10-01,13,31
2022-10-01,14,34
2022-10-01,15,19
2022-10-01,16,18
2022-10-01,17,18
2022-10-01,18,36
2022-10-01,19,27
2022-10-01,20,31
2022-10-01,21,33
2022-10-01,22,36
2022-10-01,23,31
2022-10-02,0,0
2022-10-02,1,0
2022-10-02,2,0
2022-10-02,3,0
2022-10-02,4,0
2022-10-02,5,0
2022-10-02,6,0
2022-10-02,7,0
2022-10-02,8,0
2022-10-02,9,0
2022-10-02,10,35
2022-10-02,11,30
2022-10-02,12,51
2022-10-02,13,48
2022-10-02,14,49
2022-10-02,15,38
2022-10-02,16,32
2022-10-02,17,34
2022-10-02,18,55
2022-10-02,19,45
2022-10-02,20,55
2022-10-02,21,49
2022-10-02,22,49
2022-10-02,23,46
2022-10-03,0,0
2022-10-03,1,0
2022-10-03,2,0
2022-10-03,3,0
2022-10-03,4,0
2022-10-03,5,0
2022-10-03,6,0
2022-10-03,7,0
2022-10-03,8,0
2022-10-03,9,0
2022-10-03,10,13
2022-10-03,11,10
2022-10-03,12,18
2022-10-03,13,13
2022-10-03,14,12
2022-10-03,15,8
2022-10-03,16,11
2022-10-03,17,10
2022-10-03,18,12
2022-10-03,19,12
2022-10-03,20,16
2022-10-03,21,15
2022-10-03,22,18
2022-10-03,23,16
2022-10-04,0,0
2022-10-04,1,0
2022-10-04,2,0
2022-10-04,3,0
2022-10-04,4,0
2022-10-04,5,0
2022-10-04,6,0
2022-10-04,7,0
2022-10-04,8,0
2022-10-04,9,0
2022-10-04,10,12
2022-10-04,11,8
2022-10-04,12,12
2022-10-04,13,18
2022-10-04,14,18
2022-10-04,15,13
2022-10-04,16,10
2022-10-04,17,8
2022-10-04,18,12
2022-10-04,19,13
2022-10-04,20,16
2022-10-04,21,12
2022-10-04,22,16
2022-10-04,23,16
2022-10-05,0,0
2022-10-05,1,0
2022-10-05,2,0
2022-10-05,3,0
2022-10-05,4,0
2022-10-05,5,0
2022-10-05,6,0
2022-10-05,7,0
2022-10-05,8,0
2022-10-05,9,0
2022-10-05,10,32
2022-10-05,11,39
2022-10-05,12,55
2022-10-05,13,54
2022-10-05,14,48
2022-10-05,15,37
2022-10-05,16,37
2022-10-05,17,33
2022-10-05,18,51
2022-10-05,19,58
2022-10-05,20,48
2022-10-05,21,57
2022-10-05,22,57
2022-10-05,23,49
2022-10-06,0,0
2022-10-06,1,0
2022-10-06,2,0
2022-10-06,3,0
2022-10-06,4,0
2022-10-06,5,0
2022-10-06,6,0
2022-10-06,7,0
2022-10-06,8,0
2022-10-06,9,0
2022-10-06,10,8
2022-10-06,11,9
2022-10-06,12,16
2022-10-06,13,19
2022-10-06,14,18
2022-10-06,15,8
2022-10-06,16,11
2022-10-06,17,9
2022-10-06,18,12
2022-10-06,19,13
2022-10-06,20,13
2022-10-06,21,12
2022-10-06,22,16
2022-10-06,23,12
2022-10-07,0,0
2022-10-07,1,0
2022-10-07,2,0
2022-10-07,3,0
2022-10-07,4,0
2022-10-07,5,0
2022-10-07,6,0
2022-10-07,7,0
2022-10-07,8,0
2022-10-07,9,0
2022-10-07,10,22
2022-10-07,11,18
2022-10-07,12,36
2022-10-07,13,27
2022-10-07,14,27
2022-10-07,15,19
2022-10-07,16,24
2022-10-07,17,20
2022-10-07,18,34
2022-10-07,19,36
2022-10-07,20,33
2022-10-07,21,36
2022-10-07,22,34
2022-10-07,23,33
2022-10-08,0,0
2022-10-08,1,0
2022-10-08,2,0
2022-10-08,3,0
2022-10-08,4,0
2022-10-08,5,0
2022-10-08,6,0
2022-10-08,7,0
2022-10-08,8,0
2022-10-08,9,0
2022-10-08,10,23
2022-10-08,11,24
2022-10-08,12,31
2022-10-08,13,31
2022-10-08,14,33
2022-10-08,15,19
2022-10-08,16,21
2022-10-08,17,24
2022-10-08,18,27
2022-10-08,19,28
2022-10-08,20,36
2022-10-08,21,34
2022-10-08,22,36
2022-10-08,23,36
2022-10-09,0,0
2022-10-09,1,0
2022-10-09,2,0
2022-10-09,3,0
2022-10-09,4,0
2022-10-09,5,0
2022-10-09,6,0
2022-10-09,7,0
2022-10-09,8,0
2022-10-09,9,0
2022-10-09,10,33
2022-10-09,11,31
2022-10-09,12,55
2022-10-09,13,58
2022-10-09,14,45
2022-10-09,15,36
2022-10-09,16,39
2022-10-09,17,32
2022-10-09,18,54
2022-10-09,19,54
2022-10-09,20,52
2022-10-09,21,55
2022-10-09,22,52
2022-10-09,23,52
2022-10-10,0,0
2022-10-10,1,0
2022-10-10,2,0
2022-10-10,3,0
2022-10-10,4,0
2022-10-10,5,0
2022-10-10,6,0
2022-10-10,7,0
2022-10-10,8,0
2022-10-10,9,0
2022-10-10,10,10
2022-10-10,11,8
2022-10-10,12,16
2022-10-10,13,12
2022-10-10,14,12
2022-10-10,15,12
2022-10-10,16,11
2022-10-10,17,13
2022-10-10,18,16
2022-10-10,19,18
2022-10-10,20,15
2022-10-10,21,13
2022-10-10,22,18
2022-10-10,23,12
2022-10-11,0,0
2022-10-11,1,0
2022-10-11,2,0
2022-10-11,3,0
2022-10-11,4,0
2022-10-11,5,0
2022-10-11,6,0
2022-10-11,7,0
2022-10-11,8,0
2022-10-11,9,0
2022-10-11,10,13
2022-10-11,11,13
2022-10-11,12,15
2022-10-11,13,15
2022-10-11,14,13
2022-10-11,15,12
2022-10-11,16,8
2022-10-11,17,11
2022-10-11,18,13
2022-10-11,19,18
2022-10-11,20,16
2022-10-11,21,19
2022-10-11,22,12
2022-10-11,23,13
2022-10-12,0,0
2022-10-12,1,0
2022-10-12,2,0
2022-10-12,3,0
2022-10-12,4,0
2022-10-12,5,0
2022-10-12,6,0
2022-10-12,7,0
2022-10-12,8,0
2022-10-12,9,0
2022-10-12,10,10
2022-10-12,11,8
2022-10-12,12,16
2022-10-12,13,12
2022-10-12,14,19
2022-10-12,15,8
2022-10-12,16,11
2022-10-12,17,10
2022-10-12,18,15
2022-10-12,19,15
2022-10-12,20,12
2022-10-12,21,19
2022-10-12,22,13
2022-10-12,23,19
2022-10-13,0,0
2022-10-13,1,0
2022-10-13,2,0
2022-10-13,3,0
2022-10-13,4,0
2022-10-13,5,0
2022-10-13,6,0
2022-10-13,7,0
2022-10-13,8,0
2022-10-13,9,0
2022-10-13,10,9
2022-10-13,11,11
2022-10-13,12,13
2022-10-13,13,13
2022-10-13,14,13
2022-10-13,15,9
2022-10-13,16,12
2022-10-13,17,11
2022-10-13,18,18
2022-10-13,19,18
2022-10-13,20,15
2022-10-13,21,18
2022-10-13,22,19
2022-10-13,23,13
2022-10-14,0,0
2022-10-14,1,0
2022-10-14,2,0
2022-10-14,3,0
2022-10-14,4,0
2022-10-14,5,0
2022-10-14,6,0
2022-10-14,7,0
2022-10-14,8,0
2022-10-14,9,0
2022-10-14,10,24
2022-10-14,11,18
2022-10-14,12,31
2022-10-14,13,31
2022-10-14,14,33
2022-10-14,15,19
2022-10-14,16,23
2022-10-14,17,23
2022-10-14,18,30
2022-10-14,19,28
2022-10-14,20,27
2022-10-14,21,33
2022-10-14,22,28
2022-10-14,23,36
2022-10-15,0,0
2022-10-15,1,0
2022-10-15,2,0
2022-10-15,3,0
2022-10-15,4,0
2022-10-15,5,0
2022-10-15,6,0
2022-10-15,7,0
2022-10-15,8,0
2022-10-15,9,0
2022-10-15,10,18
2022-10-15,11,22
2022-10-15,12,34
2022-10-15,13,34
2022-10-15,14,33
2022-10-15,15,24
2022-10-15,16,23
2022-10-15,17,21
2022-10-15,18,30
2022-10-15,19,36
2022-10-15,20,36
2022-10-15,21,28
2022-10-15,22,36
2022-10-15,23,36
2022-10-16,0,0
2022-10-16,1,0
2022-10-16,2,0
2022-10-16,3,0
2022-10-16,4,0
2022-10-16,5,0
2022-10-16,6,0
2022-10-16,7,0
2022-10-16,8,0
2022-10-16,9,0
2022-10-16,10,18
2022-10-16,11,22
2022-10-16,12,27
2022-10-16,13,31
2022-10-16,14,30
2022-10-16,15,23
2022-10-16,16,18
2022-10-16,17,23
2022-10-16,18,30
2022-10-16,19,27
2022-10-16,20,27
2022-10-16,21,30
2022-10-16,22,30
2022-10-16,23,27
2022-10-17,0,0
2022-10-17,1,0
2022-10-17,2,0
2022-10-17,3,0
2022-10-17,4,0
2022-10-17,5,0
2022-10-17,6,0
2022-10-17,7,0
2022-10-17,8,0
2022-10-17,9,0
2022-10-17,10,9
2022-10-17,11,12
2022-10-17,12,19
2022-10-17,13,16
2022-10-17,14,18
2022-10-17,15,13
2022-10-17,16,13
2022-10-17,17,9
2022-10-17,18,15
2022-10-17,19,15
2022-10-17,20,13
2022-10-17,21,15
2022-10-17,22,12
2022-10-17,23,12
2022-10-18,0,0
2022-10-18,1,0
2022-10-18,2,0
2022-10-18,3,0
2022-10-18,4,0
2022-10-18,5,0
2022-10-18,6,0
2022-10-18,7,0
2022-10-18,8,0
2022-10-18,9,0
2022-10-18,10,11
2022-10-18,11,10
2022-10-18,12,12
2022-10-18,13,15
2022-10-18,14,18
2022-10-18,15,12
2022-10-18,16,10
2022-10-18,17,9
2022-10-18,18,16
2022-10-18,19,18
2022-10-18,20,12
2022-10-18,21,12
2022-10-18,22,15
2022-10-18,23,15
2022-10-19,0,0
2022-10-19,1,0
2022-10-19,2,0
2022-10-19,3,0
2022-10-19,4,0
2022-10-19,5,0
2022-10-19,6,0
2022-10-19,7,0
2022-10-19,8,0
2022-10-19,9,0
2022-10-19,10,11
2022-10-19,11,10
2022-10-19,12,13
2022-10-19,13,12
2022-10-19,14,15
2022-10-19,15,12
2022-10-19,16,9
2022-10-19,17,13
2022-10-19,18,19
2022-10-19,19,15
2022-10-19,20,18
2022-10-19,21,13
2022-10-19,22,15
2022-10-19,23,13
2022-10-20,0,0
2022-10-20,1,0
2022-10-20,2,0
2022-10-20,3,0
2022-10-20,4,0
2022-10-20,5,0
2022-10-20,6,0
2022-10-20,7,0
2022-10-20,8,0
2022-10-20,9,0
2022-10-20,10,8
2022-10-20,11,12
2022-10-20,12,16
2022-10-20,13,15
2022-10-20,14,12
2022-10-20,15,12
2022-10-20,16,12
2022-10-20,17,8
2022-10-20,18,12
2022-10-20,19,15
2022-10-20,20,12
2022-10-20,21,18
2022-10-20,22,19
2022-10-20,23,18
2022-10-21,0,0
2022-10-21,1,0
2022-10-21,2,0
2022-10-21,3,0
2022-10-21,4,0
2022-10-21,5,0
2022-10-21,6,0
2022-10-21,7,0
2022-10-21,8,0
2022-10-21,9,0
2022-10-21,10,21
2022-10-21,11,23
2022-10-21,12,34
2022-10-21,13,36
2022-10-21,14,30
2022-10-21,15,20
2022-10-21,16,19
2022-10-21,17,20
2022-10-21,18,28
2022-10-21,19,36
2022-10-21,20,28
2022-10-21,21,28
2022-10-21,22,34
2022-10-21,23,33
2022-10-22,0,0
2022-10-22,1,0
2022-10-22,2,0
2022-10-22,3,0
2022-10-22,4,0
2022-10-22,5,0
2022-10-22,6,0
2022-10-22,7,0
2022-10-22,8,0
2022-10-22,9,0
2022-10-22,10,23
2022-10-22,11,22
2022-10-22,12,33
2022-10-22,13,36
2022-10-22,14,33
2022-10-22,15,22
2022-10-22,16,20
2022-10-22,17,18
2022-10-22,18,27
2022-10-22,19,30
2022-10-22,20,28
2022-10-22,21,28
2022-10-22,22,34
2022-10-22,23,36
2022-10-23,0,0
2022-10-23,1,0
2022-10-23,2,0
2022-10-23,3,0
2022-10-23,4,0
2022-10-23,5,0
2022-10-23,6,0
2022-10-23,7,0
2022-10-23,8,0
2022-10-23,9,0
2022-10-23,10,35
2022-10-23,11,30
2022-10-23,12,48
2022-10-23,13,46
2022-10-23,14,52
2022-10-23,15,39
2022-10-23,16,33
2022-10-23,17,38
2022-10-23,18,46
2022-10-23,19,49
2022-10-23,20,58
2022-10-23,21,45
2022-10-23,22,55
2022-10-23,23,48
2022-10-24,0,0
2022-10-24,1,0
2022-10-24,2,0
2022-10-24,3,0
2022-10-24,4,0
2022-10-24,5,0
2022-10-24,6,0
2022-10-24,7,0
2022-10-24,8,0
2022-10-24,9,0
2022-10-24,10,39
2022-10-24,11,39
2022-10-24,12,49
2022-10-24,13,55
2022-10-24,14,48
2022-10-24,15,31
2022-10-24,16,39
2022-10-24,17,33
2022-10-24,18,57
2022-10-24,19,46
2022-10-24,20,46
2022-10-24,21,51
2022-10-24,22,52
2022-10-24,23,55
2022-10-25,0,0
2022-10-25,1,0
2022-10-25,2,0
2022-10-25,3,0
2022-10-25,4,0
2022-10-25,5,0
2022-10-25,6,0
2022-10-25,7,0
2022-10-25,8,0
2022-10-25,9,0
2022-10-25,10,11
2022-10-25,11,13
2022-10-25,12,16
2022-10-25,13,16
2022-10-25,14,15
2022-10-25,15,13
2022-10-25,16,13
2022-10-25,17,8
2022-10-25,18,19
2022-10-25,19,18
2022-10-25,20,15
2022-10-25,21,15
2022-10-25,22,13
2022-10-25,23,12
2022-10-26,0,0
2022-10-26,1,0
2022-10-26,2,0
2022-10-26,3,0
2022-10-26,4,0
2022-10-26,5,0
2022-10-26,6,0
2022-10-26,7,0
2022-10-26,8,0
2022-10-26,9,0
2022-10-26,10,13
2022-10-26,11,12
2022-10-26,12,15
2022-10-26,13,13
2022-10-26,14,19
2022-10-26,15,8
2022-10-26,16,8
2022-10-26,17,8
2022-10-26,18,13
2022-10-26,19,18
2022-10-26,20,16
2022-10-26,21,18
2022-10-26,22,18
2022-10-26,23,18
2022-10-27,0,0
2022-10-27,1,0
2022-10-27,2,0
2022-10-27,3,0
2022-10-27,4,0
2022-10-27,5,0
2022-10-27,6,0
2022-10-27,7,0
2022-10-27,8,0
2022-10-27,9,0
2022-10-27,10,9
2022-10-27,11,8
2022-10-27,12,18
2022-10-27,13,15
2022-10-27,14,12
2022-10-27,15,11
2022-10-27,16,12
2022-10-27,17,8
2022-10-27,18,13
2022-10-27,19,13
2022-10-27,20,19
2022-10-27,21,12
2022-10-27,22,12
2022-10-27,23,16
2022-10-28,0,0
2022-10-28,1,0
2022-10-28,2,0
2022-10-28,3,0
2022-10-28,4,0
2022-10-28,5,0
2022-10-28,6,0
2022-10-28,7,0
2022-10-28,8,0
2022-10-28,9,0
2022-10-28,10,18
2022-10-28,11,19
2022-10-28,12,28
2022-10-28,13,30
2022-10-28,14,34
2022-10-28,15,20
2022-10-28,16,24
2022-10-28,17,18
2022-10-28,18,36
2022-10-28,19,28
2022-10-28,20,36
2022-10-28,21,28
2022-10-28,22,34
2022-10-28,23,31
2022-10-29,0,0
2022-10-29,1,0
2022-10-29,2,0
2022-10-29,3,0
2022-10-29,4,0
2022-10-29,5,0
2022-10-29,6,0
2022-10-29,7,0
2022-10-29,8,0
2022-10-29,9,0
2022-10-29,10,23
2022-10-29,11,20
2022-10-29,12,34
2022-10-29,13,30
2022-10-29,14,30
2022-10-29,15,20
2022-10-29,16,18
2022-10-29,17,19
2022-10-29,18,30
2022-10-29,19,28
2022-10-29,20,30
2022-10-29,21,36
2022-10-29,22,28
2022-10-29,23,34
2022-10-30,0,0
2022-10-30,1,0
2022-10-30,2,0
2022-10-30,3,0
2022-10-30,4,0
2022-10-30,5,0
2022-10-30,6,0
2022-10-30,7,0
2022-10-30,8,0
2022-10-30,9,0
2022-10-30,10,19
2022-10-30,11,23
2022-10-30,12,34
2022-10-30,13,34
2022-10-30,14,30
2022-10-30,15,19
2022-10-30,16,20
2022-10-30,17,20
2022-10-30,18,27
2022-10-30,19,36
2022-10-30,20,30
2022-10-30,21,36
2022-10-30,22,30
2022-10-30,23,30
2022-10-31,0,0
2022-10-31,1,0
2022-10-31,2,0
2022-10-31,3,0
2022-10-31,4,0
2022-10-31,5,0
2022-10-31,6,0
2022-10-31,7,0
2022-10-31,8,0
2022-10-31,9,0
2022-10-31,10,13
2022-10-31,11,10
2022-10-31,12,16
2022-10-31,13,19
2022-10-31,14,15
2022-10-31,15,12
2022-10-31,16,9
2022-10-31,17,11
2022-10-31,18,19
2022-10-31,19,16
2022-10-31,20,18
2022-10-31,21,18
2022-10-31,22,16
2022-10-31,23,12
2022-11-01,0,0
2022-11-01,1,0
2022-11-01,2,0
2022-11-01,3,0
2022-11-01,4,0
2022-11-01,5,0
2022-11-01,6,0
2022-11-01,7,0
2022-11-01,8,0
2022-11-01,9,0
2022-11-01,10,12
2022-11-01,11,11
2022-11-01,12,18
2022-11-01,13,13
2022-11-01,14,16
2022-11-01,15,12
2022-11-01,16,10
2022-11-01,17,10
2022-11-01,18,13
2022-11-01,19,18
2022-11-01,20,19
2022-11-01,21,12
2022-11-01,22,15
2022-11-01,23,12
2022-11-02,0,0
2022-11-02,1,0
2022-11-02,2,0
2022-11-02,3,0
2022-11-02,4,0
2022-11-02,5,0
2022-11-02,6,0
2022-11-02,7,0
2022-11-02,8,0
2022-11-02,9,0
2022-11-02,10,8
2022-11-02,11,11
2022-11-02,12,12
2022-11-02,13,16
2022-11-02,14,12
2022-11-02,15,8
2022-11-02,16,12
2022-11-02,17,8
2022-11-02,18,18
2022-11-02,19,19
2022-11-02,20,12
2022-11-02,21,13
2022-11-02,22,15
2022-11-02,23,19
2022-11-03,0,0
2022-11-03,1,0
2022-11-03,2,0
2022-11-03,3,0
2022-11-03,4,0
2022-11-03,5,0
2022-11-03,6,0
2022-11-03,7,0
2022-11-03,8,0
2022-11-03,9,0
2022-11-03,10,13
2022-11-03,11,12
2022-11-03,12,12
2022-11-03,13,13
2022-11-03,14,18
2022-11-03,15,11
2022-11-03,16,12
2022-11-03,17,12
2022-11-03,18,19
2022-11-03,19,19
2022-11-03,20,15
2022-11-03,21,15
2022-11-03,22,15
2022-11-03,23,15
2022-11-04,0,0
2022-11-04,1,0
2022-11-04,2,0
2022-11-04,3,0
2022-11-04,4,0
2022-11-04,5,0
2022-11-04,6,0
2022-11-04,7,0
2022-11-04,8,0
2022-11-04,9,0
2022-11-04,10,24
2022-11-04,11,22
2022-11-04,12,34
2022-11-04,13,28
2022-11-04,14,27
2022-11-04,15,23
2022-11-04,16,21
2022-11-04,17,18
2022-11-04,18,33
2022-11-04,19,33
2022-11-04,20,34
2022-11-04,21,27
2022-11-04,22,31
2022-11-04,23,28
2022-11-05,0,0
2022-11-05,1,0
2022-11-05,2,0
2022-11-05,3,0
2022-11-05,4,0
2022-11-05,5,0
2022-11-05,6,0
2022-11-05,7,0
2022-11-05,8,0
2022-11-05,9,0
2022-11-05,10,21
2022-11-05,11,23
2022-11-05,12,30
2022-11-05,13,33
2022-11-05,14,33
2022-11-05,15,21
2022-11-05,16,18
2022-11-05,17,20
2022-11-05,18,33
2022-11-05,19,31
2022-11-05,20,34
2022-11-05,21,33
2022-11-05,22,27
2022-11-05,23,30
2022-11-06,0,0
2022-11-06,1,0
2022-11-06,2,0
2022-11-06,3,0
2022-11-06,4,0
2022-11-06,5,0
2022-11-06,6,0
2022-11-06,7,0
2022-11-06,8,0
2022-11-06,9,0
2022-11-06,10,24
2022-11-06,11,20
2022-11-06,12,36
2022-11-06,13,31
2022-11-06,14,36
2022-11-06,15,19
2022-11-06,16,22
2022-11-06,17,18
2022-11-06,18,27
2022-11-06,19,36
2022-11-06,20,31
2022-11-06,21,36
2022-11-06,22,36
2022-11-06,23,36
2022-11-07,0,0
2022-11-07,1,0
2022-11-07,2,0
2022-11-07,3,0
2022-11-07,4,0
2022-11-07,5,0
2022-11-07,6,0
2022-11-07,7,0
2022-11-07,8,0
2022-11-07,9,0
2022-11-07,10,9
2022-11-07,11,10
2022-11-07,12,19
2022-11-07,13,15
2022-11-07,14,13
2022-11-07,15,10
2022-11-07,16,11
2022-11-07,17,12
2022-11-07,18,15
2022-11-07,19,19
2022-11-07,20,16
2022-11-07,21,12
2022-11-07,22,16
2022-11-07,23,15
2022-11-08,0,0
2022-11-08,1,0
2022-11-08,2,0
2022-11-08,3,0
2022-11-08,4,0
2022-11-08,5,0
2022-11-08,6,0
2022-11-08,7,0
2022-11-08,8,0
2022-11-08,9,0
2022-11-08,10,36
2022-11-08,11,32
2022-11-08,12,55
2022-11-08,13,52
2022-11-08,14,45
2022-11-08,15,33
2022-11-08,16,37
2022-11-08,17,33
2022-11-08,18,57
2022-11-08,19,49
2022-11-08,20,52
2022-11-08,21,51
2022-11-08,22,49
2022-11-08,23,49
2022-11-09,0,0
2022-11-09,1,0
2022-11-09,2,0
2022-11-09,3,0
2022-11-09,4,0
2022-11-09,5,0
2022-11-09,6,0
2022-11-09,7,0
2022-11-09,8,0
2022-11-09,9,0
2022-11-09,10,11
2022-11-09,11,12
2022-11-09,12,12
2022-11-09,13,18
2022-11-09,14,12
2022-11-09,15,13
2022-11-09,16,11
2022-11-09,17,13
2022-11-09,18,12
2022-11-09,19,18
2022-11-09,20,15
2022-11-09,21,19
2022-11-09,22,18
2022-11-09,23,18
2022-11-10,0,0
2022-11-10,1,0
2022-11-10,2,0
2022-11-10,3,0
2022-11-10,4,0
2022-11-10,5,0
2022-11-10,6,0
2022-11-10,7,0
2022-11-10,8,0
2022-11-10,9,0
2022-11-10,10,8
2022-11-10,11,13
2022-11-10,12,19
2022-11-10,13,16
2022-11-10,14,12
2022-11-10,15,11
2022-11-10,16,11
2022-11-10,17,8
2022-11-10,18,19
2022-11-10,19,13
2022-11-10,20,18
2022-11-10,21,16
2022-11-10,22,18
2022-11-10,23,18
2022-11-11,0,0
2022-11-11,1,0
2022-11-11,2,0
2022-11-11,3,0
2022-11-11,4,0
2022-11-11,5,0
2022-11-11,6,0
2022-11-11,7,0
2022-11-11,8,0
2022-11-11,9,0
2022-11-11,10,21
2022-11-11,11,18
2022-11-11,12,27
2022-11-11,13,34
2022-11-11,14,31
2022-11-11,15,18
2022-11-11,16,18
2022-11-11,17,20
2022-11-11,18,33
2022-11-11,19,34
2022-11-11,20,30
2022-11-11,21,33
2022-11-11,22,33
2022-11-11,23,34
2022-11-12,0,0
2022-11-12,1,0
2022-11-12,2,0
2022-11-12,3,0
2022-11-12,4,0
2022-11-12,5,0
2022-11-12,6,0
2022-11-12,7,0
2022-11-12,8,0
2022-11-12,9,0
2022-11-12,10,22
2022-11-12,11,18
2022-11-12,12,31
2022-11-12,13,28
2022-11-12,14,27
2022-11-12,15,24
2022-11-12,16,19
2022-11-12,17,22
2022-11-12,18,28
2022-11-12,19,33
2022-11-12,20,28
2022-11-12,21,34
2022-11-12,22,33
2022-11-12,23,30
2022-11-13,0,0
2022-11-13,1,0
2022-11-13,2,0
2022-11-13,3,0
2022-11-13,4,0
2022-11-13,5,0
2022-11-13,6,0
2022-11-13,7,0
2022-11-13,8,0
2022-11-13,9,0
2022-11-13,10,18
2022-11-13,11,24
2022-11-13,12,36
2022-11-13,13,30
2022-11-13,14,30
2022-11-13,15,22
2022-11-13,16,21
2022-11-13,17,22
2022-11-13,18,31
2022-11-13,19,30
2022-11-13,20,36
2022-11-13,21,27
2022-11-13,22,31
2022-11-13,23,28
2022-11-14,0,0
2022-11-14,1,0
2022-11-14,2,0
2022-11-14,3,0
2022-11-14,4,0
2022-11-14,5,0
2022-11-14,6,0
2022-11-14,7,0
2022-11-14,8,0
2022-11-14,9,0
2022-11-14,10,33
2022-11-14,11,39
2022-11-14,12,58
2022-11-14,13,57
2022-11-14,14,58
2022-11-14,15,34
2022-11-14,16,32
2022-11-14,17,38
2022-11-14,18,48
2022-11-14,19,58
2022-11-14,20,54
2022-11-14,21,49
2022-11-14,22,48
2022-11-14,23,45
2022-11-15,0,0
2022-11-15,1,0
2022-11-15,2,0
2022-11-15,3,0
2022-11-15,4,0
2022-11-15,5,0
2022-11-15,6,0
2022-11-15,7,0
2022-11-15,8,0
2022-11-15,9,0
2022-11-15,10,10
2022-11-15,11,9
2022-11-15,12,15
2022-11-15,13,19
2022-11-15,14,19
2022-11-15,15,11
2022-11-15,16,8
2022-11-15,17,13
2022-11-15,18,13
2022-11-15,19,18
2022-11-15,20,16
2022-11-15,21,13
2022-11-15,22,18
2022-11-15,23,19
2022-11-16,0,0
2022-11-16,1,0
2022-11-16,2,0
2022-11-16,3,0
2022-11-16,4,0
2022-11-16,5,0
2022-11-16,6,0
2022-11-16,7,0
2022-11-16,8,0
2022-11-16,9,0
2022-11-16,10,10
2022-11-16,11,13
2022-11-16,12,18
2022-11-16,13,12
2022-11-16,14,15
2022-11-16,15,12
2022-11-16,16,8
2022-11-16,17,13
2022-11-16,18,12
2022-11-16,19,12
2022-11-16,20,18
2022-11-16,21,12
2022-11-16,22,12
2022-11-16,23,15
2022-11-17,0,0
2022-11-17,1,0
2022-11-17,2,0
2022-11-17,3,0
2022-11-17,4,0
2022-11-17,5,0
2022-11-17,6,0
2022-11-17,7,0
2022-11-17,8,0
2022-11-17,9,0
2022-11-17,10,8
2022-11-17,11,9
2022-11-17,12,15
2022-11-17,13,16
2022-11-17,14,15
2022-11-17,15,13
2022-11-17,16,9
2022-11-17,17,9
2022-11-17,18,18
2022-11-17,19,15
2022-11-17,20,19
2022-11-17,21,16
2022-11-17,22,18
2022-11-17,23,12
2022-11-18,0,0
2022-11-18,1,0
2022-11-18,2,0
2022-11-18,3,0
2022-11-18,4,0
2022-11-18,5,0
2022-11-18,6,0
2022-11-18,7,0
2022-11-18,8,0
2022-11-18,9,0
2022-11-18,10,18
2022-11-18,11,24
2022-11-18,12,31
2022-11-18,13,28
2022-11-18,14,30
2022-11-18,15,19
2022-11-18,16,21
2022-11-18,17,24
2022-11-18,18,31
2022-11-18,19,36
2022-11-18,20,31
2022-11-18,21,36
2022-11-18,22,27
2022-11-18,23,34
2022-11-19,0,0
2022-11-19,1,0
2022-11-19,2,0
2022-11-19,3,0
2022-11-19,4,0
2022-11-19,5,0
2022-11-19,6,0
2022-11-19,7,0
2022-11-19,8,0
2022-11-19,9,0
2022-11-19,10,20
2022-11-19,11,20
2022-11-19,12,33
2022-11-19,13,34
2022-11-19,14,31
2022-11-19,15,18
2022-11-19,16,20
2022-11-19,17,18
2022-11-19,18,30
2022-11-19,19,28
2022-11-19,20,27
2022-11-19,21,34
2022-11-19,22,34
2022-11-19,23,36
2022-11-20,0,0
2022-11-20,1,0
2022-11-20,2,0
2022-11-20,3,0
2022-11-20,4,0
2022-11-20,5,0
2022-11-20,6,0
2022-11-20,7,0
2022-11-20,8,0
2022-11-20,9,0
2022-11-20,10,20
2022-11-20,11,18
2022-11-20,12,33
2022-11-20,13,33
2022-11-20,14,36
2022-11-20,15,22
2022-11-20,16,19
2022-11-20,17,24
2022-11-20,18,31
2022-11-20,19,28
2022-11-20,20,34
2022-11-20,21,28
2022-11-20,22,31
2022-11-20,23,33
2022-11-21,0,0
2022-11-21,1,0
2022-11-21,2,0
2022-11-21,3,0
2022-11-21,4,0
2022-11-21,5,0
2022-11-21,6,0
2022-11-21,7,0
2022-11-21,8,0
2022-11-21,9,0
2022-11-21,10,13
2022-11-21,11,12
2022-11-21,12,18
2022-11-21,13,15
2022-11-21,14,18
2022-11-21,15,9
2022-11-21,16,9
2022-11-21,17,13
2022-11-21,18,16
2022-11-21,19,19
2022-11-21,20,13
2022-11-21,21,19
2022-11-21,22,18
2022-11-21,23,18
2022-11-22,0,0
2022-11-22,1,0
2022-11-22,2,0
2022-11-22,3,0
2022-11-22,4,0
2022-11-22,5,0
2022-11-22,6,0
2022-11-22,7,0
2022-11-22,8,0
2022-11-22,9,0
2022-11-22,10,11
2022-11-22,11,8
2022-11-22,12,12
2022-11-22,13,15
2022-11-22,14,13
2022-11-22,15,13
2022-11-22,16,8
2022-11-22,17,12
2022-11-22,18,12
2022-11-22,19,15
2022-11-22,20,13
2022-11-22,21,18
2022-11-22,22,19
2022-11-22,23,12
2022-11-23,0,0
2022-11-23,1,0
2022-11-23,2,0
2022-11-23,3,0
2022-11-23,4,0
2022-11-23,5,0
2022-11-23,6,0
2022-11-23,7,0
2022-11-23,8,0
2022-11-23,9,0
2022-11-23,10,11
2022-11-23,11,9
2022-11-23,12,18
2022-11-23,13,18
2022-11-23,14,15
2022-11-23,15,11
2022-11-23,16,13
2022-11-23,17,13
2022-11-23,18,15
2022-11-23,19,12
2022-11-23,20,13
2022-11-23,21,19
2022-11-23,22,12
2022-11-23,23,13
2022-11-24,0,0
2022-11-24,1,0
2022-11-24,2,0
2022-11-24,3,0
2022-11-24,4,0
2022-11-24,5,0
2022-11-24,6,0
2022-11-24,7,0
2022-11-24,8,0
2022-11-24,9,0
2022-11-24,10,9
2022-11-24,11,8
2022-11-24,12,15
2022-11-24,13,18
2022-11-24,14,19
2022-11-24,15,11
2022-11-24,16,11
2022-11-24,17,10
2022-11-24,18,15
2022-11-24,19,19
2022-11-24,20,19
2022-11-24,21,16
2022-11-24,22,16
2022-11-24,23,12
2022-11-25,0,0
2022-11-25,1,0
2022-11-25,2,0
2022-11-25,3,0
2022-11-25,4,0
2022-11-25,5,0
2022-11-25,6,0
2022-11-25,7,0
2022-11-25,8,0
2022-11-25,9,0
2022-11-25,10,18
2022-11-25,11,19
2022-11-25,12,27
2022-11-25,13,34
2022-11-25,14,31
2022-11-25,15,22
2022-11-25,16,18
2022-11-25,17,24
2022-11-25,18,30
2022-11-25,19,30
2022-11-25,20,30
2022-11-25,21,27
2022-11-25,22,36
2022-11-25,23,27
2022-11-26,0,0
2022-11-26,1,0
2022-11-26,2,0
2022-11-26,3,0
2022-11-26,4,0
2022-11-26,5,0
2022-11-26,6,0
2022-11-26,7,0
2022-11-26,8,0
2022-11-26,9,0
2022-11-26,10,18
2022-11-26,11,22
2022-11-26,12,28
2022-11-26,13,27
2022-11-26,14,31
2022-11-26,15,21
2022-11-26,16,23
2022-11-26,17,23
2022-11-26,18,27
2022-11-26,19,30
2022-11-26,20,30
2022-11-26,21,34
2022-11-26,22,27
2022-11-26,23,36
2022-11-27,0,0
2022-11-27,1,0
2022-11-27,2,0
2022-11-27,3,0
2022-11-27,4,0
2022-11-27,5,0
2022-11-27,6,0
2022-11-27,7,0
2022-11-27,8,0
2022-11-27,9,0
2022-11-27,10,22
2022-11-27,11,24
2022-11-27,12,36
2022-11-27,13,36
2022-11-27,14,34
2022-11-27,15,20
2022-11-27,16,23
2022-11-27,17,21
2022-11-27,18,31
2022-11-27,19,30
2022-11-27,20,36
2022-11-27,21,30
2022-11-27,22,33
2022-11-27,23,36
2022-11-28,0,0
2022-11-28,1,0
2022-11-28,2,0
2022-11-28,3,0
2022-11-28,4,0
2022-11-28,5,0
2022-11-28,6,0
2022-11-28,7,0
2022-11-28,8,0
2022-11-28,9,0
2022-11-28,10,11
2022-11-28,11,12
2022-11-28,12,13
2022-11-28,13,19
2022-11-28,14,18
2022-11-28,15,12
2022-11-28,16,11
2022-11-28,17,9
2022-11-28,18,16
2022-11-28,19,13
2022-11-28,20,16
2022-11-28,21,18
2022-11-28,22,19
2022-11-28,23,19
2022-11-29,0,0
2022-11-29,1,0
2022-11-29,2,0
2022-11-29,3,0
2022-11-29,4,0
2022-11-29,5,0
2022-11-29,6,0
2022-11-29,7,0
2022-11-29,8,0
2022-11-29,9,0
2022-11-29,10,8
2022-11-29,11,8
2022-11-29,12,19
2022-11-29,13,19
2022-11-29,14,12
2022-11-29,15,8
2022-11-29,16,13
2022-11-29,17,11
2022-11-29,18,19
2022-11-29,19,13
2022-11-29,20,13
2022-11-29,21,19
2022-11-29,22,16
2022-11-29,23,19
2022-11-30,0,0
2022-11-30,1,0
2022-11-30,2,0
2022-11-30,3,0
2022-11-30,4,0
2022-11-30,5,0
2022-11-30,6,0
2022-11-30,7,0
2022-11-30,8,0
2022-11-30,9,0
2022-11-30,10,8
2022-11-30,11,12
2022-11-30,12,15
2022-11-30,13,13
2022-11-30,14,16
2022-11-30,15,10
2022-11-30,16,13
2022-11-30,17,10
2022-11-30,18,16
2022-11-30,19,12
2022-11-30,20,15
2022-11-30,21,13
2022-11-30,22,12
2022-11-30,23,15
2022-12-01,0,0
2022-12-01,1,0
2022-12-01,2,0
2022-12-01,3,0
2022-12-01,4,0
2022-12-01,5,0
2022-12-01,6,0
2022-12-01,7,0
2022-12-01,8,0
2022-12-01,9,0
2022-12-01,10,11
2022-12-01,11,13
2022-12-01,12,12
2022-12-01,13,12
2022-12-01,14,12
2022-12-01,15,13
2022-12-01,16,12
2022-12-01,17,12
2022-12-01,18,18
2022-12-01,19,18
2022-12-01,20,18
2022-12-01,21,19
2022-12-01,22,12
2022-12-01,23,13
2022-12-02,0,0
2022-12-02,1,0
2022-12-02,2,0
2022-12-02,3,0
2022-12-02,4,0
2022-12-02,5,0
2022-12-02,6,0
2022-12-02,7,0
2022-12-02,8,0
2022-12-02,9,0
2022-12-02,10,19
2022-12-02,11,21
2022-12-02,12,33
2022-12-02,13,31
2022-12-02,14,36
2022-12-02,15,24
2022-12-02,16,22
2022-12-02,17,21
2022-12-02,18,28
2022-12-02,19,27
2022-12-02,20,27
2022-12-02,21,27
2022-12-02,22,27
2022-12-02,23,36
2022-12-03,0,0
2022-12-03,1,0
2022-12-03,2,0
2022-12-03,3,0
2022-12-03,4,0
2022-12-03,5,0
2022-12-03,6,0
2022-12-03,7,0
2022-12-03,8,0
2022-12-03,9,0
2022-12-03,10,21
2022-12-03,11,22
2022-12-03,12,28
2022-12-03,13,30
2022-12-03,14,31
2022-12-03,15,24
2022-12-03,16,19
2022-12-03,17,21
2022-12-03,18,31
2022-12-03,19,27
2022-12-03,20,28
2022-12-03,21,30
2022-12-03,22,33
2022-12-03,23,31
2022-12-04,0,0
2022-12-04,1,0
2022-12-04,2,0
2022-12-04,3,0
2022-12-04,4,0
2022-12-04,5,0
2022-12-04,6,0
2022-12-04,7,0
2022-12-04,8,0
2022-12-04,9,0
2022-12-04,10,24
2022-12-04,11,21
2022-12-04,12,31
2022-12-04,13,31
2022-12-04,14,30
2022-12-04,15,21
2022-12-04,16,21
2022-12-04,17,24
2022-12-04,18,28
2022-12-04,19,31
2022-12-04,20,31
2022-12-04,21,30
2022-12-04,22,28
2022-12-04,23,30
2022-12-05,0,0
2022-12-05,1,0
2022-12-05,2,0
2022-12-05,3,0
2022-12-05,4,0
2022-12-05,5,0
2022-12-05,6,0
2022-12-05,7,0
2022-12-05,8,0
2022-12-05,9,0
2022-12-05,10,8
2022-12-05,11,8
2022-12-05,12,18
2022-12-05,13,15
2022-12-05,14,18
2022-12-05,15,10
2022-12-05,16,10
2022-12-05,17,11
2022-12-05,18,19
2022-12-05,19,13
2022-12-05,20,12
2022-12-05,21,15
2022-12-05,22,15
2022-12-05,23,13
2022-12-06,0,0
2022-12-06,1,0
2022-12-06,2,0
2022-12-06,3,0
2022-12-06,4,0
2022-12-06,5,0
2022-12-06,6,0
2022-12-06,7,0
2022-12-06,8,0
2022-12-06,9,0
2022-12-06,10,12
2022-12-06,11,13
2022-12-06,12,15
2022-12-06,13,12
2022-12-06,14,18
2022-12-06,15,8
2022-12-06,16,8
2022-12-06,17,11
2022-12-06,18,19
2022-12-06,19,18
2022-12-06,20,13
2022-12-06,21,13
2022-12-06,22,19
2022-12-06,23,12
2022-12-07,0,0
2022-12-07,1,0
2022-12-07,2,0
2022-12-07,3,0
2022-12-07,4,0
2022-12-07,5,0
2022-12-07,6,0
2022-12-07,7,0
2022-12-07,8,0
2022-12-07,9,0
2022-12-07,10,9
2022-12-07,11,12
2022-12-07,12,19
2022-12-07,13,15
2022-12-07,14,16
2022-12-07,15,8
2022-12-07,16,12
2022-12-07,17,11
2022-12-07,18,16
2022-12-07,19,16
2022-12-07,20,12
2022-12-07,21,12
2022-12-07,22,13
2022-12-07,23,18
2022-12-08,0,0
2022-12-08,1,0
2022-12-08,2,0
2022-12-08,3,0
2022-12-08,4,0
2022-12-08,5,0
2022-12-08,6,0
2022-12-08,7,0
2022-12-08,8,0
2022-12-08,9,0
2022-12-08,10,13
2022-12-08,11,12
2022-12-08,12,19
2022-12-08,13,13
2022-12-08,14,12
2022-12-08,15,11
2022-12-08,16,11
2022-12-08,17,11
2022-12-08,18,19
2022-12-08,19,16
2022-12-08,20,15
2022-12-08,21,19
2022-12-08,22,15
2022-12-08,23,16
2022-12-09,0,0
2022-12-09,1,0
2022-12-09,2,0
2022-12-09,3,0
2022-12-09,4,0
2022-12-09,5,0
2022-12-09,6,0
2022-12-09,7,0
2022-12-09,8,0
2022-12-09,9,0
2022-12-09,10,23
2022-12-09,11,20
2022-12-09,12,36
2022-12-09,13,30
2022-12-09,14,31
2022-12-09,15,20
2022-12-09,16,22
2022-12-09,17,20
2022-12-09,18,34
2022-12-09,19,31
2022-12-09,20,27
2022-12-09,21,27
2022-12-09,22,30
2022-12-09,23,31
2022-12-10,0,0
2022-12-10,1,0
2022-12-10,2,0
2022-12-10,3,0
2022-12-10,4,0
2022-12-10,5,0
2022-12-10,6,0
2022-12-10,7,0
2022-12-10,8,0
2022-12-10,9,0
2022-12-10,10,19
2022-12-10,11,23
2022-12-10,12,30
2022-12-10,13,30
2022-12-10,14,36
2022-12-10,15,24
2022-12-10,16,20
2022-12-10,17,18
2022-12-10,18,31
2022-12-10,19,28
2022-12-10,20,27
2022-12-10,21,31
2022-12-10,22,34
2022-12-10,23,30
2022-12-11,0,0
2022-12-11,1,0
2022-12-11,2,0
2022-12-11,3,0
2022-12-11,4,0
2022-12-11,5,0
2022-12-11,6,0
2022-12-11,7,0
2022-12-11,8,0
2022-12-11,9,0
2022-12-11,10,22
2022-12-11,11,23
2022-12-11,12,34
2022-12-11,13,33
2022-12-11,14,33
2022-12-11,15,24
2022-12-11,16,22
2022-12-11,17,23
2022-12-11,18,34
2022-12-11,19,34
2022-12-11,20,34
2022-12-11,21,30
2022-12-11,22,28
2022-12-11,23,34
2022-12-12,0,0
2022-12-12,1,0
2022-12-12,2,0
2022-12-12,3,0
2022-12-12,4,0
2022-12-12,5,0
2022-12-12,6,0
2022-12-12,7,0
2022-12-12,8,0
2022-12-12,9,0
2022-12-12,10,9
2022-12-12,11,9
2022-12-12,12,16
2022-12-12,13,15
2022-12-12,14,18
2022-12-12,15,11
2022-12-12,16,13
2022-12-12,17,10
2022-12-12,18,15
2022-12-12,19,19
2022-12-12,20,18
2022-12-12,21,16
2022-12-12,22,19
2022-12-12,23,18
2022-12-13,0,0
2022-12-13,1,0
2022-12-13,2,0
2022-12-13,3,0
2022-12-13,4,0
2022-12-13,5,0
2022-12-13,6,0
2022-12-13,7,0
2022-12-13,8,0
2022-12-13,9,0
2022-12-13,10,9
2022-12-13,11,12
2022-12-13,12,12
2022-12-13,13,19
2022-12-13,14,18
2022-12-13,15,11
2022-12-13,16,9
2022-12-13,17,8
2022-12-13,18,16
2022-12-13,19,12
2022-12-13,20,16
2022-12-13,21,18
2022-12-13,22,12
2022-12-13,23,19
2022-12-14,0,0
2022-12-14,1,0
2022-12-14,2,0
2022-12-14,3,0
2022-12-14,4,0
2022-12-14,5,0
2022-12-14,6,0
2022-12-14,7,0
2022-12-14,8,0
2022-12-14,9,0
2022-12-14,10,8
2022-12-14,11,9
2022-12-14,12,13
2022-12-14,13,13
2022-12-14,14,15
2022-12-14,15,13
2022-12-14,16,8
2022-12-14,17,9
2022-12-14,18,16
2022-12-14,19,12
2022-12-14,20,18
2022-12-14,21,12
2022-12-14,22,12
2022-12-14,23,19
2022-12-15,0,0
2022-12-15,1,0
2022-12-15,2,0
2022-12-15,3,0
2022-12-15,4,0
2022-12-15,5,0
2022-12-15,6,0
2022-12-15,7,0
2022-12-15,8,0
2022-12-15,9,0
2022-12-15,10,8
2022-12-15,11,13
2022-12-15,12,13
2022-12-15,13,12
2022-12-15,14,15
2022-12-15,15,11
2022-12-15,16,11
2022-12-15,17,12
2022-12-15,18,16
2022-12-15,19,18
2022-12-15,20,12
2022-12-15,21,13
2022-12-15,22,12
2022-12-15,23,15
2022-12-16,0,0
2022-12-16,1,0
2022-12-16,2,0
2022-12-16,3,0
2022-12-16,4,0
2022-12-16,5,0
2022-12-16,6,0
2022-12-16,7,0
2022-12-16,8,0
2022-12-16,9,0
2022-12-16,10,22
2022-12-16,11,18
2022-12-16,12,27
2022-12-16,13,31
2022-12-16,14,28
2022-12-16,15,20
2022-12-16,16,24
2022-12-16,17,18
2022-12-16,18,33
2022-12-16,19,31
2022-12-16,20,36
2022-12-16,21,30
2022-12-16,22,30
2022-12-16,23,36
2022-12-17,0,0
2022-12-17,1,0
2022-12-17,2,0
2022-12-17,3,0
2022-12-17,4,0
2022-12-17,5,0
2022-12-17,6,0
2022-12-17,7,0
2022-12-17,8,0
2022-12-17,9,0
2022-12-17,10,20
2022-12-17,11,19
2022-12-17,12,33
2022-12-17,13,33
2022-12-17,14,30
2022-12-17,15,23
2022-12-17,16,20
2022-12-17,17,21
2022-12-17,18,34
2022-12-17,19,30
2022-12-17,20,28
2022-12-17,21,36
2022-12-17,22,36
2022-12-17,23,27
2022-12-18,0,0
2022-12-18,1,0
2022-12-18,2,0
2022-12-18,3,0
2022-12-18,4,0
2022-12-18,5,0
2022-12-18,6,0
2022-12-18,7,0
2022-12-18,8,0
2022-12-18,9,0
2022-12-18,10,22
2022-12-18,11,22
2022-12-18,12,36
2022-12-18,13,27
2022-12-18,14,34
2022-12-18,15,18
2022-12-18,16,19
2022-12-18,17,18
2022-12-18,18,28
2022-12-18,19,34
2022-12-18,20,31
2022-12-18,21,30
2022-12-18,22,33
2022-12-18,23,33
2022-12-19,0,0
2022-12-19,1,0
2022-12-19,2,0
2022-12-19,3,0
2022-12-19,4,0
2022-12-19,5,0
2022-12-19,6,0
2022-12-19,7,0
2022-12-19,8,0
2022-12-19,9,0
2022-12-19,10,11
2022-12-19,11,10
2022-12-19,12,12
2022-12-19,13,16
2022-12-19,14,19
2022-12-19,15,12
2022-12-19,16,8
2022-12-19,17,13
2022-12-19,18,12
2022-12-19,19,15
2022-12-19,20,12
2022-12-19,21,13
2022-12-19,22,13
2022-12-19,23,15
2022-12-20,0,0
2022-12-20,1,0
2022-12-20,2,0
2022-12-20,3,0
2022-12-20,4,0
2022-12-20,5,0
2022-12-20,6,0
2022-12-20,7,0
2022-12-20,8,0
2022-12-20,9,0
2022-12-20,10,8
2022-12-20,11,8
2022-12-20,12,19
2022-12-20,13,15
2022-12-20,14,13
2022-12-20,15,10
2022-12-20,16,11
2022-12-20,17,13
2022-12-20,18,16
2022-12-20,19,18
2022-12-20,20,15
2022-12-20,21,13
2022-12-20,22,16
2022-12-20,23,12
2022-12-21,0,0
2022-12-21,1,0
2022-12-21,2,0
2022-12-21,3,0
2022-12-21,4,0
2022-12-21,5,0
2022-12-21,6,0
2022-12-21,7,0
2022-12-21,8,0
2022-12-21,9,0
2022-12-21,10,13
2022-12-21,11,11
2022-12-21,12,18
2022-12-21,13,18
2022-12-21,14,19
2022-12-21,15,9
2022-12-21,16,8
2022-12-21,17,13
2022-12-21,18,15
2022-12-21,19,15
2022-12-21,20,18
2022-12-21,21,16
2022-12-21,22,15
2022-12-21,23,16
2022-12-22,0,0
2022-12-22,1,0
2022-12-22,2,0
2022-12-22,3,0
2022-12-22,4,0
2022-12-22,5,0
2022-12-22,6,0
2022-12-22,7,0
2022-12-22,8,0
2022-12-22,9,0
2022-12-22,10,8
2022-12-22,11,12
2022-12-22,12,13
2022-12-22,13,13
2022-12-22,14,19
2022-12-22,15,10
2022-12-22,16,9
2022-12-22,17,9
2022-12-22,18,12
2022-12-22,19,19
2022-12-22,20,15
2022-12-22,21,13
2022-12-22,22,18
2022-12-22,23,12
2022-12-23,0,0
2022-12-23,1,0
2022-12-23,2,0
2022-12-23,3,0
2022-12-23,4,0
2022-12-23,5,0
2022-12-23,6,0
2022-12-23,7,0
2022-12-23,8,0
2022-12-23,9,0
2022-12-23,10,23
2022-12-23,11,23
2022-12-23,12,28
2022-12-23,13,28
2022-12-23,14,30
2022-12-23,15,18
2022-12-23,16,22
2022-12-23,17,18
2022-12-23,18,27
2022-12-23,19,27
2022-12-23,20,33
2022-12-23,21,34
2022-12-23,22,30
2022-12-23,23,28
2022-12-24,0,0
2022-12-24,1,0
2022-12-24,2,0
2022-12-24,3,0
2022-12-24,4,0
2022-12-24,5,0
2022-12-24,6,0
2022-12-24,7,0
2022-12-24,8,0
2022-12-24,9,0
2022-12-24,10,19
2022-12-24,11,21
2022-12-24,12,28
2022-12-24,13,31
2022-12-24,14,33
2022-12-24,15,19
2022-12-24,16,20
2022-12-24,17,24
2022-12-24,18,30
2022-12-24,19,30
2022-12-24,20,36
2022-12-24,21,31
2022-12-24,22,36
2022-12-24,23,27
2022-12-25,0,0
2022-12-25,1,0
2022-12-25,2,0
2022-12-25,3,0
2022-12-25,4,0
2022-12-25,5,0
2022-12-25,6,0
2022-12-25,7,0
2022-12-25,8,0
2022-12-25,9,0
2022-12-25,10,30
2022-12-25,11,37
2022-12-25,12,52
2022-12-25,13,54
2022-12-25,14,54
2022-12-25,15,38
2022-12-25,16,38
2022-12-25,17,37
2022-12-25,18,46
2022-12-25,19,46
2022-12-25,20,48
2022-12-25,21,46
2022-12-25,22,57
2022-12-25,23,45
2022-12-26,0,0
2022-12-26,1,0
2022-12-26,2,0
2022-12-26,3,0
2022-12-26,4,0
2022-12-26,5,0
2022-12-26,6,0
2022-12-26,7,0
2022-12-26,8,0
2022-12-26,9,0
2022-12-26,10,10
2022-12-26,11,13
2022-12-26,12,16
2022-12-26,13,16
2022-12-26,14,18
2022-12-26,15,10
2022-12-26,16,11
2022-12-26,17,8
2022-12-26,18,18
2022-12-26,19,12
2022-12-26,20,12
2022-12-26,21,18
2022-12-26,22,12
2022-12-26,23,13
2022-12-27,0,0
2022-12-27,1,0
2022-12-27,2,0
2022-12-27,3,0
2022-12-27,4,0
2022-12-27,5,0
2022-12-27,6,0
2022-12-27,7,0
2022-12-27,8,0
2022-12-27,9,0
2022-12-27,10,11
2022-12-27,11,9
2022-12-27,12,15
2022-12-27,13,12
2022-12-27,14,18
2022-12-27,15,10
2022-12-27,16,11
2022-12-27,17,10
2022-12-27,18,19
2022-12-27,19,16
2022-12-27,20,19
2022-12-27,21,12
2022-12-27,22,15
2022-12-27,23,15
2022-12-28,0,0
2022-12-28,1,0
2022-12-28,2,0
2022-12-28,3,0
2022-12-28,4,0
2022-12-28,5,0
2022-12-28,6,0
2022-12-28,7,0
2022-12-28,8,0
2022-12-28,9,0
2022-12-28,10,12
2022-12-28,11,10
2022-12-28,12,13
2022-12-28,13,15
2022-12-28,14,16
2022-12-28,15,11
2022-12-28,16,13
2022-12-28,17,11
2022-12-28,18,19
2022-12-28,19,13
2022-12-28,20,16
2022-12-28,21,16
2022-12-28,22,15
2022-12-28,23,12
2022-12-29,0,0
2022-12-29,1,0
2022-12-29,2,0
2022-12-29,3,0
2022-12-29,4,0
2022-12-29,5,0
2022-12-29,6,0
2022-12-29,7,0
2022-12-29,8,0
2022-12-29,9,0
2022-12-29,10,10
2022-12-29,11,11
2022-12-29,12,12
2022-12-29,13,18
2022-12-29,14,16
2022-12-29,15,11
2022-12-29,16,8
2022-12-29,17,11
2022-12-29,18,18
2022-12-29,19,16
2022-12-29,20,16
2022-12-29,21,19
2022-12-29,22,16
2022-12-29,23,16
2022-12-30,0,0
2022-12-30,1,0
2022-12-30,2,0
2022-12-30,3,0
2022-12-30,4,0
2022-12-30,5,0
2022-12-30,6,0
2022-12-30,7,0
2022-12-30,8,0
2022-12-30,9,0
2022-12-30,10,19
2022-12-30,11,18
2022-12-30,12,31
2022-12-30,13,28
2022-12-30,14,33
2022-12-30,15,21
2022-12-30,16,21
2022-12-30,17,18
2022-12-30,18,28
2022-12-30,19,33
2022-12-30,20,28
2022-12-30,21,36
2022-12-30,22,28
2022-12-30,23,36
2022-12-31,0,0
2022-12-31,1,0
2022-12-31,2,0
2022-12-31,3,0
2022-12-31,4,0
2022-12-31,5,0
2022-12-31,6,0
2022-12-31,7,0
2022-12-31,8,0
2022-12-31,9,0
2022-12-31,10,24
2022-12-31,11,20
2022-12-31,12,30
2022-12-31,13,28
2022-12-31,14,27
2022-12-31,15,22
2022-12-31,16,18
2022-12-31,17,19
2022-12-31,18,27
2022-12-31,19,28
2022-12-31,20,34
2022-12-31,21,34
2022-12-31,22,34
2022-12-31,23,30
2023-01-01,0,0
2023-01-01,1,0
2023-01-01,2,0
2023-01-01,3,0
2023-01-01,4,0
2023-01-01,5,0
2023-01-01,6,0
2023-01-01,7,0
2023-01-01,8,0
2023-01-01,9,0
2023-01-01,10,19
2023-01-01,11,21
2023-01-01,12,34
2023-01-01,13,28
2023-01-01,14,28
2023-01-01,15,20
2023-01-01,16,22
2023-01-01,17,20
2023-01-01,18,30
2023-01-01,19,36
2023-01-01,20,31
2023-01-01,21,33
2023-01-01,22,34
2023-01-01,23,27
2023-01-02,0,0
2023-01-02,1,0
2023-01-02,2,0
2023-01-02,3,0
2023-01-02,4,0
2023-01-02,5,0
2023-01-02,6,0
2023-01-02,7,0
2023-01-02,8,0
2023-01-02,9,0
2023-01-02,10,12
2023-01-02,11,13
2023-01-02,12,18
2023-01-02,13,13
2023-01-02,14,13
2023-01-02,15,8
2023-01-02,16,12
2023-01-02,17,12
2023-01-02,18,13
2023-01-02,19,19
2023-01-02,20,15
2023-01-02,21,15
2023-01-02,22,15
2023-01-02,23,16
2023-01-03,0,0
2023-01-03,1,0
2023-01-03,2,0
2023-01-03,3,0
2023-01-03,4,0
2023-01-03,5,0
2023-01-03,6,0
2023-01-03,7,0
2023-01-03,8,0
2023-01-03,9,0
2023-01-03,10,9
2023-01-03,11,9
2023-01-03,12,15
2023-01-03,13,19
2023-01-03,14,12
2023-01-03,15,13
2023-01-03,16,8
2023-01-03,17,8
2023-01-03,18,13
2023-01-03,19,13
2023-01-03,20,16
2023-01-03,21,18
2023-01-03,22,16
2023-01-03,23,16
2023-01-04,0,0
2023-01-04,1,0
2023-01-04,2,0
2023-01-04,3,0
2023-01-04,4,0
2023-01-04,5,0
2023-01-04,6,0
2023-01-04,7,0
2023-01-04,8,0
2023-01-04,9,0
2023-01-04,10,8
2023-01-04,11,8
2023-01-04,12,16
2023-01-04,13,16
2023-01-04,14,13
2023-01-04,15,13
2023-01-04,16,8
2023-01-04,17,8
2023-01-04,18,16
2023-01-04,19,13
2023-01-04,20,13
2023-01-04,21,15
2023-01-04,22,15
2023-01-04,23,12
2023-01-05,0,0
2023-01-05,1,0
2023-01-05,2,0
2023-01-05,3,0
2023-01-05,4,0
2023-01-05,5,0
2023-01-05,6,0
2023-01-05,7,0
2023-01-05,8,0
2023-01-05,9,0
2023-01-05,10,9
2023-01-05,11,9
2023-01-05,12,13
2023-01-05,13,15
2023-01-05,14,18
2023-01-05,15,9
2023-01-05,16,8
2023-01-05,17,12
2023-01-05,18,12
2023-01-05,19,19
2023-01-05,20,12
2023-01-05,21,19
2023-01-05,22,16
2023-01-05,23,18
2023-01-06,0,0
2023-01-06,1,0
2023-01-06,2,0
2023-01-06,3,0
2023-01-06,4,0
2023-01-06,5,0
2023-01-06,6,0
2023-01-06,7,0
2023-01-06,8,0
2023-01-06,9,0
2023-01-06,10,21
2023-01-06,11,21
2023-01-06,12,30
2023-01-06,13,30
2023-01-06,14,28
2023-01-06,15,19
2023-01-06,16,20
2023-01-06,17,20
2023-01-06,18,30
2023-01-06,19,30
2023-01-06,20,30
2023-01-06,21,30
2023-01-06,22,28
2023-01-06,23,27
2023-01-07,0,0
2023-01-07,1,0
2023-01-07,2,0
2023-01-07,3,0
2023-01-07,4,0
2023-01-07,5,0
2023-01-07,6,0
2023-01-07,7,0
2023-01-07,8,0
2023-01-07,9,0
2023-01-07,10,20
2023-01-07,11,23
2023-01-07,12,30
2023-01-07,13,30
2023-01-07,14,27
2023-01-07,15,24
2023-01-07,16,19
2023-01-07,17,19
2023-01-07,18,27
2023-01-07,19,33
2023-01-07,20,30
2023-01-07,21,31
2023-01-07,22,36
2023-01-07,23,33
2023-01-08,0,0
2023-01-08,1,0
2023-01-08,2,0
2023-01-08,3,0
2023-01-08,4,0
2023-01-08,5,0
2023-01-08,6,0
2023-01-08,7,0
2023-01-08,8,0
2023-01-08,9,0
2023-01-08,10,23
2023-01-08,11,19
2023-01-08,12,34
2023-01-08,13,33
2023-01-08,14,33
2023-01-08,15,19
2023-01-08,16,19
2023-01-08,17,23
2023-01-08,18,34
2023-01-08,19,30
2023-01-08,20,30
2023-01-08,21,28
2023-01-08,22,27
2023-01-08,23,31
2023-01-09,0,0
2023-01-09,1,0
2023-01-09,2,0
2023-01-09,3,0
2023-01-09,4,0
2023-01-09,5,0
2023-01-09,6,0
2023-01-09,7,0
2023-01-09,8,0
2023-01-09,9,0
2023-01-09,10,8
2023-01-09,11,9
2023-01-09,12,16
2023-01-09,13,12
2023-01-09,14,13
2023-01-09,15,12
2023-01-09,16,8
2023-01-09,17,10
2023-01-09,18,15
2023-01-09,19,13
2023-01-09,20,19
2023-01-09,21,19
2023-01-09,22,12
2023-01-09,23,15
2023-01-10,0,0
2023-01-10,1,0
2023-01-10,2,0
2023-01-10,3,0
2023-01-10,4,0
2023-01-10,5,0
2023-01-10,6,0
2023-01-10,7,0
2023-01-10,8,0
2023-01-10,9,0
2023-01-10,10,8
2023-01-10,11,10
2023-01-10,12,12
2023-01-10,13,15
2023-01-10,14,13
2023-01-10,15,9
2023-01-10,16,10
2023-01-10,17,13
2023-01-10,18,16
2023-01-10,19,18
2023-01-10,20,12
2023-01-10,21,16
2023-01-10,22,16
2023-01-10,23,12
2023-01-11,0,0
2023-01-11,1,0
2023-01-11,2,0
2023-01-11,3,0
2023-01-11,4,0
2023-01-11,5,0
2023-01-11,6,0
2023-01-11,7,0
2023-01-11,8,0
2023-01-11,9,0
2023-01-11,10,10
2023-01-11,11,12
2023-01-11,12,12
2023-01-11,13,15
2023-01-11,14,19
2023-01-11,15,9
2023-01-11,16,11
2023-01-11,17,13
2023-01-11,18,13
2023-01-11,19,13
2023-01-11,20,16
2023-01-11,21,19
2023-01-11,22,16
2023-01-11,23,13
2023-01-12,0,0
2023-01-12,1,0
2023-01-12,2,0
2023-01-12,3,0
2023-01-12,4,0
2023-01-12,5,0
2023-01-12,6,0
2023-01-12,7,0
2023-01-12,8,0
2023-01-12,9,0
2023-01-12,10,11
2023-01-12,11,12
2023-01-12,12,19
2023-01-12,13,13
2023-01-12,14,16
2023-01-12,15,13
2023-01-12,16,9
2023-01-12,17,12
2023-01-12,18,19
2023-01-12,19,19
2023-01-12,20,12
2023-01-12,21,19
2023-01-12,22,18
2023-01-12,23,12
2023-01-13,0,0
2023-01-13,1,0
2023-01-13,2,0
2023-01-13,3,0
2023-01-13,4,0
2023-01-13,5,0
2023-01-13,6,0
2023-01-13,7,0
2023-01-13,8,0
2023-01-13,9,0
2023-01-13,10,23
2023-01-13,11,24
2023-01-13,12,33
2023-01-13,13,30
2023-01-13,14,33
2023-01-13,15,23
2023-01-13,16,18
2023-01-13,17,22
2023-01-13,18,33
2023-01-13,19,34
2023-01-13,20,34
2023-01-13,21,30
2023-01-13,22,30
2023-01-13,23,33
2023-01-14,0,0
2023-01-14,1,0
2023-01-14,2,0
2023-01-14,3,0
2023-01-14,4,0
2023-01-14,5,0
2023-01-14,6,0
2023-01-14,7,0
2023-01-14,8,0
2023-01-14,9,0
2023-01-14,10,18
2023-01-14,11,24
2023-01-14,12,27
2023-01-14,13,34
2023-01-14,14,34
2023-01-14,15,23
2023-01-14,16,18
2023-01-14,17,23
2023-01-14,18,33
2023-01-14,19,34
2023-01-14,20,33
2023-01-14,21,28
2023-01-14,22,34
2023-01-14,23,30
2023-01-15,0,0
2023-01-15,1,0
2023-01-15,2,0
2023-01-15,3,0
2023-01-15,4,0
2023-01-15,5,0
2023-01-15,6,0
2023-01-15,7,0
2023-01-15,8,0
2023-01-15,9,0
2023-01-15,10,24
2023-01-15,11,18
2023-01-15,12,30
2023-01-15,13,27
2023-01-15,14,31
2023-01-15,15,18
2023-01-15,16,22
2023-01-15,17,20
2023-01-15,18,34
2023-01-15,19,27
2023-01-15,20,33
2023-01-15,21,28
2023-01-15,22,33
2023-01-15,23,27
2023-01-16,0,0
2023-01-16,1,0
2023-01-16,2,0
2023-01-16,3,0
2023-01-16,4,0
2023-01-16,5,0
2023-01-16,6,0
2023-01-16,7,0
2023-01-16,8,0
2023-01-16,9,0
2023-01-16,10,11
2023-01-16,11,11
2023-01-16,12,12
2023-01-16,13,13
2023-01-16,14,12
2023-01-16,15,10
2023-01-16,16,13
2023-01-16,17,13
2023-01-16,18,19
2023-01-16,19,19
2023-01-16,20,13
2023-01-16,21,18
2023-01-16,22,12
2023-01-16,23,12
2023-01-17,0,0
2023-01-17,1,0
2023-01-17,2,0
2023-01-17,3,0
2023-01-17,4,0
2023-01-17,5,0
2023-01-17,6,0
2023-01-17,7,0
2023-01-17,8,0
2023-01-17,9,0
2023-01-17,10,13
2023-01-17,11,8
2023-01-17,12,13
2023-01-17,13,18
2023-01-17,14,12
2023-01-17,15,11
2023-01-17,16,13
2023-01-17,17,8
2023-01-17,18,18
2023-01-17,19,19
2023-01-17,20,12
2023-01-17,21,19
2023-01-17,22,19
2023-01-17,23,18
2023-01-18,0,0
2023-01-18,1,0
2023-01-18,2,0
2023-01-18,3,0
2023-01-18,4,0
2023-01-18,5,0
2023-01-18,6,0
2023-01-18,7,0
2023-01-18,8,0
2023-01-18,9,0
2023-01-18,10,11
2023-01-18,11,11
2023-01-18,12,15
2023-01-18,13,13
2023-01-18,14,12
2023-01-18,15,9
2023-01-18,16,8
2023-01-18,17,10
2023-01-18,18,12
2023-01-18,19,15
2023-01-18,20,19
2023-01-18,21,19
2023-01-18,22,13
2023-01-18,23,16
2023-01-19,0,0
2023-01-19,1,0
2023-01-19,2,0
2023-01-19,3,0
2023-01-19,4,0
2023-01-19,5,0
2023-01-19,6,0
2023-01-19,7,0
2023-01-19,8,0
2023-01-19,9,0
2023-01-19,10,11
2023-01-19,11,13
2023-01-19,12,19
2023-01-19,13,19
2023-01-19,14,19
2023-01-19,15,13
2023-01-19,16,8
2023-01-19,17,9
2023-01-19,18,18
2023-01-19,19,13
2023-01-19,20,15
2023-01-19,21,12
2023-01-19,22,18
2023-01-19,23,15
2023-01-20,0,0
2023-01-20,1,0
2023-01-20,2,0
2023-01-20,3,0
2023-01-20,4,0
2023-01-20,5,0
2023-01-20,6,0
2023-01-20,7,0
2023-01-20,8,0
2023-01-20,9,0
2023-01-20,10,21
2023-01-20,11,23
2023-01-20,12,28
2023-01-20,13,34
2023-01-20,14,28
2023-01-20,15,19
2023-01-20,16,22
2023-01-20,17,24
2023-01-20,18,28
2023-01-20,19,31
2023-01-20,20,28
2023-01-20,21,36
2023-01-20,22,27
2023-01-20,23,28
2023-01-21,0,0
2023-01-21,1,0
2023-01-21,2,0
2023-01-21,3,0
2023-01-21,4,0
2023-01-21,5,0
2023-01-21,6,0
2023-01-21,7,0
2023-01-21,8,0
2023-01-21,9,0
2023-01-21,10,21
2023-01-21,11,21
2023-01-21,12,27
2023-01-21,13,27
2023-01-21,14,27
2023-01-21,15,24
2023-01-21,16,19
2023-01-21,17,18
2023-01-21,18,31
2023-01-21,19,27
2023-01-21,20,28
2023-01-21,21,30
2023-01-21,22,27
2023-01-21,23,34
2023-01-22,0,0
2023-01-22,1,0
2023-01-22,2,0
2023-01-22,3,0
2023-01-22,4,0
2023-01-22,5,0
2023-01-22,6,0
2023-01-22,7,0
2023-01-22,8,0
2023-01-22,9,0
2023-01-22,10,21
2023-01-22,11,24
2023-01-22,12,31
2023-01-22,13,28
2023-01-22,14,27
2023-01-22,15,24
2023-01-22,16,18
2023-01-22,17,23
2023-01-22,18,27
2023-01-22,19,34
2023-01-22,20,31
2023-01-22,21,33
2023-01-22,22,27
2023-01-22,23,28
2023-01-23,0,0
2023-01-23,1,0
2023-01-23,2,0
2023-01-23,3,0
2023-01-23,4,0
2023-01-23,5,0
2023-01-23,6,0
2023-01-23,7,0
2023-01-23,8,0
2023-01-23,9,0
2023-01-23,10,12
2023-01-23,11,11
2023-01-23,12,19
2023-01-23,13,19
2023-01-23,14,15
2023-01-23,15,11
2023-01-23,16,10
2023-01-23,17,12
2023-01-23,18,12
2023-01-23,19,15
2023-01-23,20,16
2023-01-23,21,18
2023-01-23,22,15
2023-01-23,23,12
2023-01-24,0,0
2023-01-24,1,0
2023-01-24,2,0
2023-01-24,3,0
2023-01-24,4,0
2023-01-24,5,0
2023-01-24,6,0
2023-01-24,7,0
2023-01-24,8,0
2023-01-24,9,0
2023-01-24,10,12
2023-01-24,11,11
2023-01-24,12,19
2023-01-24,13,19
2023-01-24,14,15
2023-01-24,15,13
2023-01-24,16,13
2023-01-24,17,12
2023-01-24,18,16
2023-01-24,19,19
2023-01-24,20,19
2023-01-24,21,16
2023-01-24,22,13
2023-01-24,23,12
2023-01-25,0,0
2023-01-25,1,0
2023-01-25,2,0
2023-01-25,3,0
2023-01-25,4,0
2023-01-25,5,0
2023-01-25,6,0
2023-01-25,7,0
2023-01-25,8,0
2023-01-25,9,0
2023-01-25,10,13
2023-01-25,11,9
2023-01-25,12,13
2023-01-25,13,13
2023-01-25,14,13
2023-01-25,15,8
2023-01-25,16,13
2023-01-25,17,12
2023-01-25,18,12
2023-01-25,19,19
2023-01-25,20,18
2023-01-25,21,18
2023-01-25,22,18
2023-01-25,23,19
2023-01-26,0,0
2023-01-26,1,0
2023-01-26,2,0
2023-01-26,3,0
2023-01-26,4,0
2023-01-26,5,0
2023-01-26,6,0
2023-01-26,7,0
2023-01-26,8,0
2023-01-26,9,0
2023-01-26,10,36
2023-01-26,11,35
2023-01-26,12,46
2023-01-26,13,51
2023-01-26,14,55
2023-01-26,15,33
2023-01-26,16,32
2023-01-26,17,36
2023-01-26,18,48
2023-01-26,19,51
2023-01-26,20,49
2023-01-26,21,51
2023-01-26,22,51
2023-01-26,23,54
2023-01-27,0,0
2023-01-27,1,0
2023-01-27,2,0
2023-01-27,3,0
2023-01-27,4,0
2023-01-27,5,0
2023-01-27,6,0
2023-01-27,7,0
2023-01-27,8,0
2023-01-27,9,0
2023-01-27,10,21
2023-01-27,11,22
2023-01-27,12,30
2023-01-27,13,31
2023-01-27,14,33
2023-01-27,15,24
2023-01-27,16,19
2023-01-27,17,21
2023-01-27,18,33
2023-01-27,19,28
2023-01-27,20,31
2023-01-27,21,34
2023-01-27,22,34
2023-01-27,23,34
2023-01-28,0,0
2023-01-28,1,0
2023-01-28,2,0
2023-01-28,3,0
2023-01-28,4,0
2023-01-28,5,0
2023-01-28,6,0
2023-01-28,7,0
2023-01-28,8,0
2023-01-28,9,0
2023-01-28,10,18
2023-01-28,11,22
2023-01-28,12,31
2023-01-28,13,28
2023-01-28,14,28
2023-01-28,15,20
2023-01-28,16,22
2023-01-28,17,22
2023-01-28,18,33
2023-01-28,19,36
2023-01-28,20,31
2023-01-28,21,28
2023-01-28,22,34
2023-01-28,23,30
2023-01-29,0,0
2023-01-29,1,0
2023-01-29,2,0
2023-01-29,3,0
2023-01-29,4,0
2023-01-29,5,0
2023-01-29,6,0
2023-01-29,7,0
2023-01-29,8,0
2023-01-29,9,0
2023-01-29,10,22
2023-01-29,11,24
2023-01-29,12,36
2023-01-29,13,31
2023-01-29,14,33
2023-01-29,15,20
2023-01-29,16,23
2023-01-29,17,19
2023-01-29,18,27
2023-01-29,19,30
2023-01-29,20,36
2023-01-29,21,33
2023-01-29,22,31
2023-01-29,23,27
2023-01-30,0,0
2023-01-30,1,0
2023-01-30,2,0
2023-01-30,3,0
2023-01-30,4,0
2023-01-30,5,0
2023-01-30,6,0
2023-01-30,7,0
2023-01-30,8,0
2023-01-30,9,0
2023-01-30,10,10
2023-01-30,11,12
2023-01-30,12,12
2023-01-30,13,18
2023-01-30,14,12
2023-01-30,15,13
2023-01-30,16,8
2023-01-30,17,8
2023-01-30,18,13
2023-01-30,19,19
2023-01-30,20,15
2023-01-30,21,13
2023-01-30,22,18
2023-01-30,23,15
2023-01-31,0,0
2023-01-31,1,0
2023-01-31,2,0
2023-01-31,3,0
2023-01-31,4,0
2023-01-31,5,0
2023-01-31,6,0
2023-01-31,7,0
2023-01-31,8,0
2023-01-31,9,0
2023-01-31,10,9
2023-01-31,11,12
2023-01-31,12,18
2023-01-31,13,19
2023-01-31,14,19
2023-01-31,15,9
2023-01-31,16,12
2023-01-31,17,12
2023-01-31,18,19
2023-01-31,19,19
2023-01-31,20,16
2023-01-31,21,12
2023-01-31,22,16
2023-01-31,23,12
2023-02-01,0,0
2023-02-01,1,0
2023-02-01,2,0
2023-02-01,3,0
2023-02-01,4,0
2023-02-01,5,0
2023-02-01,6,0
2023-02-01,7,0
2023-02-01,8,0
2023-02-01,9,0
2023-02-01,10,9
2023-02-01,11,9
2023-02-01,12,18
2023-02-01,13,12
2023-02-01,14,13
2023-02-01,15,11
2023-02-01,16,11
2023-02-01,17,11
2023-02-01,18,16
2023-02-01,19,18
2023-02-01,20,16
2023-02-01,21,18
2023-02-01,22,19
2023-02-01,23,19
2023-02-02,0,0
2023-02-02,1,0
2023-02-02,2,0
2023-02-02,3,0
2023-02-02,4,0
2023-02-02,5,0
2023-02-02,6,0
2023-02-02,7,0
2023-02-02,8,0
2023-02-02,9,0
2023-02-02,10,13
2023-02-02,11,11
2023-02-02,12,19
2023-02-02,13,12
2023-02-02,14,16
2023-02-02,15,10
2023-02-02,16,8
2023-02-02,17,11
2023-02-02,18,19
2023-02-02,19,18
2023-02-02,20,12
2023-02-02,21,19
2023-02-02,22,16
2023-02-02,23,15
2023-02-03,0,0
2023-02-03,1,0
2023-02-03,2,0
2023-02-03,3,0
2023-02-03,4,0
2023-02-03,5,0
2023-02-03,6,0
2023-02-03,7,0
2023-02-03,8,0
2023-02-03,9,0
2023-02-03,10,23
2023-02-03,11,24
2023-02-03,12,36
2023-02-03,13,28
2023-02-03,14,36
2023-02-03,15,19
2023-02-03,16,21
2023-02-03,17,21
2023-02-03,18,30
2023-02-03,19,34
2023-02-03,20,34
2023-02-03,21,28
2023-02-03,22,36
2023-02-03,23,28
2023-02-04,0,0
2023-02-04,1,0
2023-02-04,2,0
2023-02-04,3,0
2023-02-04,4,0
2023-02-04,5,0
2023-02-04,6,0
2023-02-04,7,0
2023-02-04,8,0
2023-02-04,9,0
2023-02-04,10,18
2023-02-04,11,23
2023-02-04,12,30
2023-02-04,13,33
2023-02-04,14,28
2023-02-04,15,19
2023-02-04,16,21
2023-02-04,17,20
2023-02-04,18,34
2023-02-04,19,33
2023-02-04,20,28
2023-02-04,21,31
2023-02-04,22,27
2023-02-04,23,36
2023-02-05,0,0
2023-02-05,1,0
2023-02-05,2,0
2023-02-05,3,0
2023-02-05,4,0
2023-02-05,5,0
2023-02-05,6,0
2023-02-05,7,0
2023-02-05,8,0
2023-02-05,9,0
2023-02-05,10,22
2023-02-05,11,20
2023-02-05,12,28
2023-02-05,13,31
2023-02-05,14,28
2023-02-05,15,21
2023-02-05,16,18
2023-02-05,17,20
2023-02-05,18,33
2023-02-05,19,28
2023-02-05,20,31
2023-02-05,21,28
2023-02-05,22,30
2023-02-05,23,30
2023-02-06,0,0
2023-02-06,1,0
2023-02-06,2,0
2023-02-06,3,0
2023-02-06,4,0
2023-02-06,5,0
2023-02-06,6,0
2023-02-06,7,0
2023-02-06,8,0
2023-02-06,9,0
2023-02-06,10,10
2023-02-06,11,8
2023-02-06,12,16
2023-02-06,13,12
2023-02-06,14,15
2023-02-06,15,9
2023-02-06,16,12
2023-02-06,17,12
2023-02-06,18,15
2023-02-06,19,18
2023-02-06,20,19
2023-02-06,21,13
2023-02-06,22,15
2023-02-06,23,15
2023-02-07,0,0
2023-02-07,1,0
2023-02-07,2,0
2023-02-07,3,0
2023-02-07,4,0
2023-02-07,5,0
2023-02-07,6,0
2023-02-07,7,0
2023-02-07,8,0
2023-02-07,9,0
2023-02-07,10,8
2023-02-07,11,13
2023-02-07,12,15
2023-02-07,13,18
2023-02-07,14,12
2023-02-07,15,8
2023-02-07,16,13
2023-02-07,17,11
2023-02-07,18,13
2023-02-07,19,16
2023-02-07,20,19
2023-02-07,21,19
2023-02-07,22,12
2023-02-07,23,16
2023-02-08,0,0
2023-02-08,1,0
2023-02-08,2,0
2023-02-08,3,0
2023-02-08,4,0
2023-02-08,5,0
2023-02-08,6,0
2023-02-08,7,0
2023-02-08,8,0
2023-02-08,9,0
2023-02-08,10,8
2023-02-08,11,10
2023-02-08,12,18
2023-02-08,13,13
2023-02-08,14,19
2023-02-08,15,8
2023-02-08,16,8
2023-02-08,17,10
2023-02-08,18,19
2023-02-08,19,16
2023-02-08,20,13
2023-02-08,21,12
2023-02-08,22,15
2023-02-08,23,16
2023-02-09,0,0
2023-02-09,1,0
2023-02-09,2,0
2023-02-09,3,0
2023-02-09,4,0
2023-02-09,5,0
2023-02-09,6,0
2023-02-09,7,0
2023-02-09,8,0
2023-02-09,9,0
2023-02-09,10,8
2023-02-09,11,9
2023-02-09,12,13
2023-02-09,13,12
2023-02-09,14,12
2023-02-09,15,11
2023-02-09,16,11
2023-02-09,17,10
2023-02-09,18,13
2023-02-09,19,15
2023-02-09,20,18
2023-02-09,21,19
2023-02-09,22,16
2023-02-09,23,19
2023-02-10,0,0
2023-02-10,1,0
2023-02-10,2,0
2023-02-10,3,0
2023-02-10,4,0
2023-02-10,5,0
2023-02-10,6,0
2023-02-10,7,0
2023-02-10,8,0
2023-02-10,9,0
2023-02-10,10,20
2023-02-10,11,21
2023-02-10,12,31
2023-02-10,13,34
2023-02-10,14,31
2023-02-10,15,18
2023-02-10,16,22
2023-02-10,17,21
2023-02-10,18,28
2023-02-10,19,28
2023-02-10,20,31
2023-02-10,21,33
2023-02-10,22,30
2023-02-10,23,27
2023-02-11,0,0
2023-02-11,1,0
2023-02-11,2,0
2023-02-11,3,0
2023-02-11,4,0
2023-02-11,5,0
2023-02-11,6,0
2023-02-11,7,0
2023-02-11,8,0
2023-02-11,9,0
2023-02-11,10,21
2023-02-11,11,18
2023-02-11,12,36
2023-02-11,13,34
2023-02-11,14,36
2023-02-11,15,19
2023-02-11,16,18
2023-02-11,17,23
2023-02-11,18,33
2023-02-11,19,31
2023-02-11,20,33
2023-02-11,21,31
2023-02-11,22,31
2023-02-11,23,28
2023-02-12,0,0
2023-02-12,1,0
2023-02-12,2,0
2023-02-12,3,0
2023-02-12,4,0
2023-02-12,5,0
2023-02-12,6,0
2023-02-12,7,0
2023-02-12,8,0
2023-02-12,9,0
2023-02-12,10,23
2023-02-12,11,20
2023-02-12,12,28
2023-02-12,13,27
2023-02-12,14,31
2023-02-12,15,21
2023-02-12,16,24
2023-02-12,17,20
2023-02-12,18,36
2023-02-12,19,33
2023-02-12,20,27
2023-02-12,21,30
2023-02-12,22,33
2023-02-12,23,30
2023-02-13,0,0
2023-02-13,1,0
2023-02-13,2,0
2023-02-13,3,0
2023-02-13,4,0
2023-02-13,5,0
2023-02-13,6,0
2023-02-13,7,0
2023-02-13,8,0
2023-02-13,9,0
2023-02-13,10,8
2023-02-13,11,9
2023-02-13,12,12
2023-02-13,13,18
2023-02-13,14,16
2023-02-13,15,8
2023-02-13,16,12
2023-02-13,17,10
2023-02-13,18,13
2023-02-13,19,15
2023-02-13,20,13
2023-02-13,21,16
2023-02-13,22,16
2023-02-13,23,12
2023-02-14,0,0
2023-02-14,1,0
2023-02-14,2,0
2023-02-14,3,0
2023-02-14,4,0
2023-02-14,5,0
2023-02-14,6,0
2023-02-14,7,0
2023-02-14,8,0
2023-02-14,9,0
2023-02-14,10,8
2023-02-14,11,10
2023-02-14,12,16
2023-02-14,13,13
2023-02-14,14,16
2023-02-14,15,10
2023-02-14,16,13
2023-02-14,17,9
2023-02-14,18,16
2023-02-14,19,16
2023-02-14,20,18
2023-02-14,21,19
2023-02-14,22,19
2023-02-14,23,19
2023-02-15,0,0
2023-02-15,1,0
2023-02-15,2,0
2023-02-15,3,0
2023-02-15,4,0
2023-02-15,5,0
2023-02-15,6,0
2023-02-15,7,0
2023-02-15,8,0
2023-02-15,9,0
2023-02-15,10,11
2023-02-15,11,11
2023-02-15,12,16
2023-02-15,13,16
2023-02-15,14,19
2023-02-15,15,8
2023-02-15,16,11
2023-02-15,17,13
2023-02-15,18,19
2023-02-15,19,18
2023-02-15,20,16
2023-02-15,21,12
2023-02-15,22,16
2023-02-15,23,15
2023-02-16,0,0
2023-02-16,1,0
2023-02-16,2,0
2023-02-16,3,0
2023-02-16,4,0
2023-02-16,5,0
2023-02-16,6,0
2023-02-16,7,0
2023-02-16,8,0
2023-02-16,9,0
2023-02-16,10,13
2023-02-16,11,9
2023-02-16,12,12
2023-02-16,13,15
2023-02-16,14,18
2023-02-16,15,11
2023-02-16,16,13
2023-02-16,17,11
2023-02-16,18,19
2023-02-16,19,12
2023-02-16,20,16
2023-02-16,21,12
2023-02-16,22,16
2023-02-16,23,13
2023-02-17,0,0
2023-02-17,1,0
2023-02-17,2,0
2023-02-17,3,0
2023-02-17,4,0
2023-02-17,5,0
2023-02-17,6,0
2023-02-17,7,0
2023-02-17,8,0
2023-02-17,9,0
2023-02-17,10,23
2023-02-17,11,21
2023-02-17,12,27
2023-02-17,13,28
2023-02-17,14,28
2023-02-17,15,19
2023-02-17,16,21
2023-02-17,17,24
2023-02-17,18,36
2023-02-17,19,28
2023-02-17,20,28
2023-02-17,21,34
2023-02-17,22,28
2023-02-17,23,31
2023-02-18,0,0
2023-02-18,1,0
2023-02-18,2,0
2023-02-18,3,0
2023-02-18,4,0
2023-02-18,5,0
2023-02-18,6,0
2023-02-18,7,0
2023-02-18,8,0
2023-02-18,9,0
2023-02-18,10,37
2023-02-18,11,33
2023-02-18,12,58
2023-02-18,13,54
2023-02-18,14,49
2023-02-18,15,36
2023-02-18,16,37
2023-02-18,17,37
2023-02-18,18,45
2023-02-18,19,54
2023-02-18,20,58
2023-02-18,21,48
2023-02-18,22,58
2023-02-18,23,49
2023-02-19,0,0
2023-02-19,1,0
2023-02-19,2,0
2023-02-19,3,0
2023-02-19,4,0
2023-02-19,5,0
2023-02-19,6,0
2023-02-19,7,0
2023-02-19,8,0
2023-02-19,9,0
2023-02-19,10,19
2023-02-19,11,18
2023-02-19,12,36
2023-02-19,13,36
2023-02-19,14,30
2023-02-19,15,24
2023-02-19,16,24
2023-02-19,17,21
2023-02-19,18,28
2023-02-19,19,30
2023-02-19,20,36
2023-02-19,21,27
2023-02-19,22,30
2023-02-19,23,31
2023-02-20,0,0
2023-02-20,1,0
2023-02-20,2,0
2023-02-20,3,0
2023-02-20,4,0
2023-02-20,5,0
2023-02-20,6,0
2023-02-20,7,0
2023-02-20,8,0
2023-02-20,9,0
2023-02-20,10,10
2023-02-20,11,9
2023-02-20,12,12
2023-02-20,13,18
2023-02-20,14,12
2023-02-20,15,9
2023-02-20,16,12
2023-02-20,17,9
2023-02-20,18,13
2023-02-20,19,18
2023-02-20,20,13
2023-02-20,21,15
2023-02-20,22,12
2023-02-20,23,13
2023-02-21,0,0
2023-02-21,1,0
2023-02-21,2,0
2023-02-21,3,0
2023-02-21,4,0
2023-02-21,5,0
2023-02-21,6,0
2023-02-21,7,0
2023-02-21,8,0
2023-02-21,9,0
2023-02-21,10,11
2023-02-21,11,9
2023-02-21,12,12
2023-02-21,13,12
2023-02-21,14,12
2023-02-21,15,12
2023-02-21,16,13
2023-02-21,17,10
2023-02-21,18,12
2023-02-21,19,13
2023-02-21,20,15
2023-02-21,21,18
2023-02-21,22,16
2023-02-21,23,19
2023-02-22,0,0
2023-02-22,1,0
2023-02-22,2,0
2023-02-22,3,0
2023-02-22,4,0
2023-02-22,5,0
2023-02-22,6,0
2023-02-22,7,0
2023-02-22,8,0
2023-02-22,9,0
2023-02-22,10,11
2023-02-22,11,11
2023-02-22,12,15
2023-02-22,13,12
2023-02-22,14,15
2023-02-22,15,10
2023-02-22,16,11
2023-02-22,17,13
2023-02-22,18,16
2023-02-22,19,16
2023-02-22,20,13
2023-02-22,21,18
2023-02-22,22,16
2023-02-22,23,18
2023-02-23,0,0
2023-02-23,1,0
2023-02-23,2,0
2023-02-23,3,0
2023-02-23,4,0
2023-02-23,5,0
2023-02-23,6,0
2023-02-23,7,0
2023-02-23,8,0
2023-02-23,9,0
2023-02-23,10,13
2023-02-23,11,10
2023-02-23,12,19
2023-02-23,13,19
2023-02-23,14,18
2023-02-23,15,10
2023-02-23,16,8
2023-02-23,17,8
2023-02-23,18,15
2023-02-23,19,18
2023-02-23,20,13
2023-02-23,21,18
2023-02-23,22,16
2023-02-23,23,18
2023-02-24,0,0
2023-02-24,1,0
2023-02-24,2,0
2023-02-24,3,0
2023-02-24,4,0
2023-02-24,5,0
2023-02-24,6,0
2023-02-24,7,0
2023-02-24,8,0
2023-02-24,9,0
2023-02-24,10,20
2023-02-24,11,20
2023-02-24,12,27
2023-02-24,13,31
2023-02-24,14,27
2023-02-24,15,23
2023-02-24,16,19
2023-02-24,17,18
2023-02-24,18,27
2023-02-24,19,27
2023-02-24,20,27
2023-02-24,21,28
2023-02-24,22,33
2023-02-24,23,28
2023-02-25,0,0
2023-02-25,1,0
2023-02-25,2,0
2023-02-25,3,0
2023-02-25,4,0
2023-02-25,5,0
2023-02-25,6,0
2023-02-25,7,0
2023-02-25,8,0
2023-02-25,9,0
2023-02-25,10,18
2023-02-25,11,20
2023-02-25,12,34
2023-02-25,13,33
2023-02-25,14,30
2023-02-25,15,24
2023-02-25,16,24
2023-02-25,17,19
2023-02-25,18,28
2023-02-25,19,27
2023-02-25,20,31
2023-02-25,21,31
2023-02-25,22,31
2023-02-25,23,28
2023-02-26,0,0
2023-02-26,1,0
2023-02-26,2,0
2023-02-26,3,0
2023-02-26,4,0
2023-02-26,5,0
2023-02-26,6,0
2023-02-26,7,0
2023-02-26,8,0
2023-02-26,9,0
2023-02-26,10,23
2023-02-26,11,23
2023-02-26,12,34
2023-02-26,13,31
2023-02-26,14,33
2023-02-26,15,19
2023-02-26,16,20
2023-02-26,17,21
2023-02-26,18,36
2023-02-26,19,36
2023-02-26,20,27
2023-02-26,21,34
2023-02-26,22,36
2023-02-26,23,36
2023-02-27,0,0
2023-02-27,1,0
2023-02-27,2,0
2023-02-27,3,0
2023-02-27,4,0
2023-02-27,5,0
2023-02-27,6,0
2023-02-27,7,0
2023-02-27,8,0
2023-02-27,9,0
2023-02-27,10,8
2023-02-27,11,9
2023-02-27,12,18
2023-02-27,13,19
2023-02-27,14,15
2023-02-27,15,10
2023-02-27,16,9
2023-02-27,17,11
2023-02-27,18,19
2023-02-27,19,18
2023-02-27,20,12
2023-02-27,21,13
2023-02-27,22,13
2023-02-27,23,18
2023-02-28,0,0
2023-02-28,1,0
2023-02-28,2,0
2023-02-28,3,0
2023-02-28,4,0
2023-02-28,5,0
2023-02-28,6,0
2023-02-28,7,0
2023-02-28,8,0
2023-02-28,9,0
2023-02-28,10,10
2023-02-28,11,13
2023-02-28,12,15
2023-02-28,13,18
2023-02-28,14,19
2023-02-28,15,12
2023-02-28,16,12
2023-02-28,17,9
2023-02-28,18,13
2023-02-28,19,18
2023-02-28,20,15
2023-02-28,21,12
2023-02-28,22,16
2023-02-28,23,13
2023-03-01,0,0
2023-03-01,1,0
2023-03-01,2,0
2023-03-01,3,0
2023-03-01,4,0
2023-03-01,5,0
2023-03-01,6,0
2023-03-01,7,0
2023-03-01,8,0
2023-03-01,9,0
2023-03-01,10,13
2023-03-01,11,9
2023-03-01,12,13
2023-03-01,13,18
2023-03-01,14,19
2023-03-01,15,9
2023-03-01,16,11
2023-03-01,17,9
2023-03-01,18,15
2023-03-01,19,18
2023-03-01,20,13
2023-03-01,21,15
2023-03-01,22,15
2023-03-01,23,16
2023-03-02,0,0
2023-03-02,1,0
2023-03-02,2,0
2023-03-02,3,0
2023-03-02,4,0
2023-03-02,5,0
2023-03-02,6,0
2023-03-02,7,0
2023-03-02,8,0
2023-03-02,9,0
2023-03-02,10,8
2023-03-02,11,11
2023-03-02,12,12
2023-03-02,13,12
2023-03-02,14,12
2023-03-02,15,8
2023-03-02,16,11
2023-03-02,17,8
2023-03-02,18,16
2023-03-02,19,16
2023-03-02,20,16
2023-03-02,21,19
2023-03-02,22,12
2023-03-02,23,13
2023-03-03,0,0
2023-03-03,1,0
2023-03-03,2,0
2023-03-03,3,0
2023-03-03,4,0
2023-03-03,5,0
2023-03-03,6,0
2023-03-03,7,0
2023-03-03,8,0
2023-03-03,9,0
2023-03-03,10,22
2023-03-03,11,22
2023-03-03,12,33
2023-03-03,13,27
2023-03-03,14,36
2023-03-03,15,18
2023-03-03,16,21
2023-03-03,17,21
2023-03-03,18,33
2023-03-03,19,27
2023-03-03,20,27
2023-03-03,21,28
2023-03-03,22,36
2023-03-03,23,27
2023-03-04,0,0
2023-03-04,1,0
2023-03-04,2,0
2023-03-04,3,0
2023-03-04,4,0
2023-03-04,5,0
2023-03-04,6,0
2023-03-04,7,0
2023-03-04,8,0
2023-03-04,9,0
2023-03-04,10,20
2023-03-04,11,18
2023-03-04,12,28
2023-03-04,13,31
2023-03-04,14,31
2023-03-04,15,23
2023-03-04,16,21
2023-03-04,17,21
2023-03-04,18,36
2023-03-04,19,34
2023-03-04,20,30
2023-03-04,21,33
2023-03-04,22,28
2023-03-04,23,28
2023-03-05,0,0
2023-03-05,1,0
2023-03-05,2,0
2023-03-05,3,0
2023-03-05,4,0
2023-03-05,5,0
2023-03-05,6,0
2023-03-05,7,0
2023-03-05,8,0
2023-03-05,9,0
2023-03-05,10,24
2023-03-05,11,22
2023-03-05,12,28
2023-03-05,13,28
2023-03-05,14,27
2023-03-05,15,19
2023-03-05,16,23
2023-03-05,17,23
2023-03-05,18,31
2023-03-05,19,33
2023-03-05,20,28
2023-03-05,21,36
2023-03-05,22,30
2023-03-05,23,28
2023-03-06,0,0
2023-03-06,1,0
2023-03-06,2,0
2023-03-06,3,0
2023-03-06,4,0
2023-03-06,5,0
2023-03-06,6,0
2023-03-06,7,0
2023-03-06,8,0
2023-03-06,9,0
2023-03-06,10,9
2023-03-06,11,13
2023-03-06,12,15
2023-03-06,13,13
2023-03-06,14,16
2023-03-06,15,8
2023-03-06,16,9
2023-03-06,17,10
2023-03-06,18,13
2023-03-06,19,12
2023-03-06,20,16
2023-03-06,21,16
2023-03-06,22,18
2023-03-06,23,12
2023-03-07,0,0
2023-03-07,1,0
2023-03-07,2,0
2023-03-07,3,0
2023-03-07,4,0
2023-03-07,5,0
2023-03-07,6,0
2023-03-07,7,0
2023-03-07,8,0
2023-03-07,9,0
2023-03-07,10,11
2023-03-07,11,10
2023-03-07,12,18
2023-03-07,13,19
2023-03-07,14,19
2023-03-07,15,12
2023-03-07,16,12
2023-03-07,17,13
2023-03-07,18,12
2023-03-07,19,15
2023-03-07,20,15
2023-03-07,21,16
2023-03-07,22,16
2023-03-07,23,15
2023-03-08,0,0
2023-03-08,1,0
2023-03-08,2,0
2023-03-08,3,0
2023-03-08,4,0
2023-03-08,5,0
2023-03-08,6,0
2023-03-08,7,0
2023-03-08,8,0
2023-03-08,9,0
2023-03-08,10,37
2023-03-08,11,39
2023-03-08,12,55
2023-03-08,13,58
2023-03-08,14,52
2023-03-08,15,30
2023-03-08,16,39
2023-03-08,17,39
2023-03-08,18,55
2023-03-08,19,58
2023-03-08,20,51
2023-03-08,21,49
2023-03-08,22,46
2023-03-08,23,58
2023-03-09,0,0
2023-03-09,1,0
2023-03-09,2,0
2023-03-09,3,0
2023-03-09,4,0
2023-03-09,5,0
2023-03-09,6,0
2023-03-09,7,0
2023-03-09,8,0
2023-03-09,9,0
2023-03-09,10,8
2023-03-09,11,10
2023-03-09,12,18
2023-03-09,13,12
2023-03-09,14,13
2023-03-09,15,13
2023-03-09,16,8
2023-03-09,17,10
2023-03-09,18,12
2023-03-09,19,16
2023-03-09,20,15
2023-03-09,21,16
2023-03-09,22,19
2023-03-09,23,12
2023-03-10,0,0
2023-03-10,1,0
2023-03-10,2,0
2023-03-10,3,0
2023-03-10,4,0
2023-03-10,5,0
2023-03-10,6,0
2023-03-10,7,0
2023-03-10,8,0
2023-03-10,9,0
2023-03-10,10,24
2023-03-10,11,24
2023-03-10,12,27
2023-03-10,13,28
2023-03-10,14,33
2023-03-10,15,18
2023-03-10,16,23
2023-03-10,17,24
2023-03-10,18,30
2023-03-10,19,30
2023-03-10,20,27
2023-03-10,21,33
2023-03-10,22,36
2023-03-10,23,27
2023-03-11,0,0
2023-03-11,1,0
2023-03-11,2,0
2023-03-11,3,0
2023-03-11,4,0
2023-03-11,5,0
2023-03-11,6,0
2023-03-11,7,0
2023-03-11,8,0
2023-03-11,9,0
2023-03-11,10,20
2023-03-11,11,24
2023-03-11,12,36
2023-03-11,13,30
2023-03-11,14,36
2023-03-11,15,23
2023-03-11,16,24
2023-03-11,17,19
2023-03-11,18,34
2023-03-11,19,27
2023-03-11,20,31
2023-03-11,21,33
2023-03-11,22,34
2023-03-11,23,34
2023-03-12,0,0
2023-03-12,1,0
2023-03-12,2,0
2023-03-12,3,0
2023-03-12,4,0
2023-03-12,5,0
2023-03-12,6,0
2023-03-12,7,0
2023-03-12,8,0
2023-03-12,9,0
2023-03-12,10,22
2023-03-12,11,23
2023-03-12,12,28
2023-03-12,13,28
2023-03-12,14,31
2023-03-12,15,21
2023-03-12,16,19
2023-03-12,17,18
2023-03-12,18,27
2023-03-12,19,27
2023-03-12,20,27
2023-03-12,21,28
2023-03-12,22,33
2023-03-12,23,33
2023-03-13,0,0
2023-03-13,1,0
2023-03-13,2,0
2023-03-13,3,0
2023-03-13,4,0
2023-03-13,5,0
2023-03-13,6,0
2023-03-13,7,0
2023-03-13,8,0
2023-03-13,9,0
2023-03-13,10,13
2023-03-13,11,8
2023-03-13,12,13
2023-03-13,13,15
2023-03-13,14,13
2023-03-13,15,12
2023-03-13,16,11
2023-03-13,17,8
2023-03-13,18,13
2023-03-13,19,18
2023-03-13,20,12
2023-03-13,21,16
2023-03-13,22,15
2023-03-13,23,15
2023-03-14,0,0
2023-03-14,1,0
2023-03-14,2,0
2023-03-14,3,0
2023-03-14,4,0
2023-03-14,5,0
2023-03-14,6,0
2023-03-14,7,0
2023-03-14,8,0
2023-03-14,9,0
2023-03-14,10,12
2023-03-14,11,12
2023-03-14,12,13
2023-03-14,13,15
2023-03-14,14,18
2023-03-14,15,9
2023-03-14,16,9
2023-03-14,17,8
2023-03-14,18,13
2023-03-14,19,15
2023-03-14,20,13
2023-03-14,21,12
2023-03-14,22,12
2023-03-14,23,16
2023-03-15,0,0
2023-03-15,1,0
2023-03-15,2,0
2023-03-15,3,0
2023-03-15,4,0
2023-03-15,5,0
2023-03-15,6,0
2023-03-15,7,0
2023-03-15,8,0
2023-03-15,9,0
2023-03-15,10,8
2023-03-15,11,11
2023-03-15,12,15
2023-03-15,13,13
2023-03-15,14,12
2023-03-15,15,12
2023-03-15,16,9
2023-03-15,17,12
2023-03-15,18,19
2023-03-15,19,13
2023-03-15,20,15
2023-03-15,21,15
2023-03-15,22,15
2023-03-15,23,18
2023-03-16,0,0
2023-03-16,1,0
2023-03-16,2,0
2023-03-16,3,0
2023-03-16,4,0
2023-03-16,5,0
2023-03-16,6,0
2023-03-16,7,0
2023-03-16,8,0
2023-03-16,9,0
2023-03-16,10,13
2023-03-16,11,12
2023-03-16,12,12
2023-03-16,13,12
2023-03-16,14,15
2023-03-16,15,11
2023-03-16,16,8
2023-03-16,17,11
2023-03-16,18,13
2023-03-16,19,15
2023-03-16,20,16
2023-03-16,21,15
2023-03-16,22,13
2023-03-16,23,15
2023-03-17,0,0
2023-03-17,1,0
2023-03-17,2,0
2023-03-17,3,0
2023-03-17,4,0
2023-03-17,5,0
2023-03-17,6,0
2023-03-17,7,0
2023-03-17,8,0
2023-03-17,9,0
2023-03-17,10,21
2023-03-17,11,23
2023-03-17,12,36
2023-03-17,13,34
2023-03-17,14,28
2023-03-17,15,23
2023-03-17,16,22
2023-03-17,17,20
2023-03-17,18,30
2023-03-17,19,36
2023-03-17,20,30
2023-03-17,21,33
2023-03-17,22,30
2023-03-17,23,30
2023-03-18,0,0
2023-03-18,1,0
2023-03-18,2,0
2023-03-18,3,0
2023-03-18,4,0
2023-03-18,5,0
2023-03-18,6,0
2023-03-18,7,0
2023-03-18,8,0
2023-03-18,9,0
2023-03-18,10,19
2023-03-18,11,20
2023-03-18,12,28
2023-03-18,13,31
2023-03-18,14,30
2023-03-18,15,21
2023-03-18,16,20
2023-03-18,17,18
2023-03-18,18,34
2023-03-18,19,27
2023-03-18,20,33
2023-03-18,21,28
2023-03-18,22,27
2023-03-18,23,30
2023-03-19,0,0
2023-03-19,1,0
2023-03-19,2,0
2023-03-19,3,0
2023-03-19,4,0
2023-03-19,5,0
2023-03-19,6,0
2023-03-19,7,0
2023-03-19,8,0
2023-03-19,9,0
2023-03-19,10,22
2023-03-19,11,23
2023-03-19,12,27
2023-03-19,13,31
2023-03-19,14,36
2023-03-19,15,20
2023-03-19,16,22
2023-03-19,17,20
2023-03-19,18,27
2023-03-19,19,27
2023-03-19,20,36
2023-03-19,21,30
2023-03-19,22,30
2023-03-19,23,31
2023-03-20,0,0
2023-03-20,1,0
2023-03-20,2,0
2023-03-20,3,0
2023-03-20,4,0
2023-03-20,5,0
2023-03-20,6,0
2023-03-20,7,0
2023-03-20,8,0
2023-03-20,9,0
2023-03-20,10,8
2023-03-20,11,9
2023-03-20,12,19
2023-03-20,13,13
2023-03-20,14,19
2023-03-20,15,9
2023-03-20,16,9
2023-03-20,17,8
2023-03-20,18,19
2023-03-20,19,19
2023-03-20,20,13
2023-03-20,21,18
2023-03-20,22,12
2023-03-20,23,19
2023-03-21,0,0
2023-03-21,1,0
2023-03-21,2,0
2023-03-21,3,0
2023-03-21,4,0
2023-03-21,5,0
2023-03-21,6,0
2023-03-21,7,0
2023-03-21,8,0
2023-03-21,9,0
2023-03-21,10,11
2023-03-21,11,9
2023-03-21,12,16
2023-03-21,13,18
2023-03-21,14,13
2023-03-21,15,9
2023-03-21,16,9
2023-03-21,17,8
2023-03-21,18,15
2023-03-21,19,12
2023-03-21,20,12
2023-03-21,21,19
2023-03-21,22,15
2023-03-21,23,16
2023-03-22,0,0
2023-03-22,1,0
2023-03-22,2,0
2023-03-22,3,0
2023-03-22,4,0
2023-03-22,5,0
2023-03-22,6,0
2023-03-22,7,0
2023-03-22,8,0
2023-03-22,9,0
2023-03-22,10,9
2023-03-22,11,10
2023-03-22,12,13
2023-03-22,13,16
2023-03-22,14,13
2023-03-22,15,9
2023-03-22,16,13
2023-03-22,17,10
2023-03-22,18,15
2023-03-22,19,13
2023-03-22,20,19
2023-03-22,21,12
2023-03-22,22,12
2023-03-22,23,12
2023-03-23,0,0
2023-03-23,1,0
2023-03-23,2,0
2023-03-23,3,0
2023-03-23,4,0
2023-03-23,5,0
2023-03-23,6,0
2023-03-23,7,0
2023-03-23,8,0
2023-03-23,9,0
2023-03-23,10,12
2023-03-23,11,11
2023-03-23,12,16
2023-03-23,13,15
2023-03-23,14,19
2023-03-23,15,8
2023-03-23,16,9
2023-03-23,17,11
2023-03-23,18,19
2023-03-23,19,16
2023-03-23,20,16
2023-03-23,21,18
2023-03-23,22,18
2023-03-23,23,16
2023-03-24,0,0
2023-03-24,1,0
2023-03-24,2,0
2023-03-24,3,0
2023-03-24,4,0
2023-03-24,5,0
2023-03-24,6,0
2023-03-24,7,0
2023-03-24,8,0
2023-03-24,9,0
2023-03-24,10,18
2023-03-24,11,19
2023-03-24,12,34
2023-03-24,13,28
2023-03-24,14,30
2023-03-24,15,18
2023-03-24,16,21
2023-03-24,17,23
2023-03-24,18,36
2023-03-24,19,33
2023-03-24,20,33
2023-03-24,21,36
2023-03-24,22,30
2023-03-24,23,31
2023-03-25,0,0
2023-03-25,1,0
2023-03-25,2,0
2023-03-25,3,0
2023-03-25,4,0
2023-03-25,5,0
2023-03-25,6,0
2023-03-25,7,0
2023-03-25,8,0
2023-03-25,9,0
2023-03-25,10,20
2023-03-25,11,22
2023-03-25,12,34
2023-03-25,13,34
2023-03-25,14,33
2023-03-25,15,20
2023-03-25,16,23
2023-03-25,17,22
2023-03-25,18,34
2023-03-25,19,36
2023-03-25,20,27
2023-03-25,21,34
2023-03-25,22,36
2023-03-25,23,28
2023-03-26,0,0
2023-03-26,1,0
2023-03-26,2,0
2023-03-26,3,0
2023-03-26,4,0
2023-03-26,5,0
2023-03-26,6,0
2023-03-26,7,0
2023-03-26,8,0
2023-03-26,9,0
2023-03-26,10,21
2023-03-26,11,18
2023-03-26,12,28
2023-03-26,13,28
2023-03-26,14,30
2023-03-26,15,18
2023-03-26,16,19
2023-03-26,17,20
2023-03-26,18,34
2023-03-26,19,36
2023-03-26,20,33
2023-03-26,21,31
2023-03-26,22,31
2023-03-26,23,34
2023-03-27,0,0
2023-03-27,1,0
2023-03-27,2,0
2023-03-27,3,0
2023-03-27,4,0
2023-03-27,5,0
2023-03-27,6,0
2023-03-27,7,0
2023-03-27,8,0
2023-03-27,9,0
2023-03-27,10,8
2023-03-27,11,11
2023-03-27,12,15
2023-03-27,13,18
2023-03-27,14,18
2023-03-27,15,13
2023-03-27,16,13
2023-03-27,17,12
2023-03-27,18,12
2023-03-27,19,19
2023-03-27,20,12
2023-03-27,21,15
2023-03-27,22,18
2023-03-27,23,16
2023-03-28,0,0
2023-03-28,1,0
2023-03-28,2,0
2023-03-28,3,0
2023-03-28,4,0
2023-03-28,5,0
2023-03-28,6,0
2023-03-28,7,0
2023-03-28,8,0
2023-03-28,9,0
2023-03-28,10,11
2023-03-28,11,8
2023-03-28,12,18
2023-03-28,13,16
2023-03-28,14,12
2023-03-28,15,10
2023-03-28,16,10
2023-03-28,17,10
2023-03-28,18,13
2023-03-28,19,16
2023-03-28,20,13
2023-03-28,21,12
2023-03-28,22,15
2023-03-28,23,12
2023-03-29,0,0
2023-03-29,1,0
2023-03-29,2,0
2023-03-29,3,0
2023-03-29,4,0
2023-03-29,5,0
2023-03-29,6,0
2023-03-29,7,0
2023-03-29,8,0
2023-03-29,9,0
2023-03-29,10,12
2023-03-29,11,12
2023-03-29,12,12
2023-03-29,13,13
2023-03-29,14,18
2023-03-29,15,11
2023-03-29,16,8
2023-03-29,17,12
2023-03-29,18,15
2023-03-29,19,16
2023-03-29,20,19
2023-03-29,21,12
2023-03-29,22,15
2023-03-29,23,15
2023-03-30,0,0
2023-03-30,1,0
2023-03-30,2,0
2023-03-30,3,0
2023-03-30,4,0
2023-03-30,5,0
2023-03-30,6,0
2023-03-30,7,0
2023-03-30,8,0
2023-03-30,9,0
2023-03-30,10,13
2023-03-30,11,13
2023-03-30,12,19
2023-03-30,13,15
2023-03-30,14,19
2023-03-30,15,13
2023-03-30,16,9
2023-03-30,17,11
2023-03-30,18,12
2023-03-30,19,15
2023-03-30,20,16
2023-03-30,21,16
2023-03-30,22,13
2023-03-30,23,13
2023-03-31,0,0
2023-03-31,1,0
2023-03-31,2,0
2023-03-31,3,0
2023-03-31,4,0
2023-03-31,5,0
2023-03-31,6,0
2023-03-31,7,0
2023-03-31,8,0
2023-03-31,9,0
2023-03-31,10,22
2023-03-31,11,21
2023-03-31,12,34
2023-03-31,13,36
2023-03-31,14,36
2023-03-31,15,24
2023-03-31,16,23
2023-03-31,17,24
2023-03-31,18,33
2023-03-31,19,33
2023-03-31,20,30
2023-03-31,21,27
2023-03-31,22,27
2023-03-31,23,36
2023-04-01,0,0
2023-04-01,1,0
2023-04-01,2,0
2023-04-01,3,0
2023-04-01,4,0
2023-04-01,5,0
2023-04-01,6,0
2023-04-01,7,0
2023-04-01,8,0
2023-04-01,9,0
2023-04-01,10,22
2023-04-01,11,18
2023-04-01,12,27
2023-04-01,13,27
2023-04-01,14,34
2023-04-01,15,19
2023-04-01,16,18
2023-04-01,17,21
2023-04-01,18,33
2023-04-01,19,36
2023-04-01,20,28
2023-04-01,21,36
2023-04-01,22,34
2023-04-01,23,36
2023-04-02,0,0
2023-04-02,1,0
2023-04-02,2,0
2023-04-02,3,0
2023-04-02,4,0
2023-04-02,5,0
2023-04-02,6,0
2023-04-02,7,0
2023-04-02,8,0
2023-04-02,9,0
2023-04-02,10,24
2023-04-02,11,19
2023-04-02,12,36
2023-04-02,13,31
2023-04-02,14,34
2023-04-02,15,24
2023-04-02,16,20
2023-04-02,17,20
2023-04-02,18,36
2023-04-02,19,34
2023-04-02,20,30
2023-04-02,21,31
2023-04-02,22,33
2023-04-02,23,31
2023-04-03,0,0
2023-04-03,1,0
2023-04-03,2,0
2023-04-03,3,0
2023-04-03,4,0
2023-04-03,5,0
2023-04-03,6,0
2023-04-03,7,0
2023-04-03,8,0
2023-04-03,9,0
2023-04-03,10,13
2023-04-03,11,10
2023-04-03,12,13
2023-04-03,13,16
2023-04-03,14,18
2023-04-03,15,13
2023-04-03,16,10
2023-04-03,17,10
2023-04-03,18,12
2023-04-03,19,13
2023-04-03,20,12
2023-04-03,21,16
2023-04-03,22,18
2023-04-03,23,19
2023-04-04,0,0
2023-04-04,1,0
2023-04-04,2,0
2023-04-04,3,0
2023-04-04,4,0
2023-04-04,5,0
2023-04-04,6,0
2023-04-04,7,0
2023-04-04,8,0
2023-04-04,9,0
2023-04-04,10,33
2023-04-04,11,33
2023-04-04,12,45
2023-04-04,13,48
2023-04-04,14,54
2023-04-04,15,31
2023-04-04,16,38
2023-04-04,17,33
2023-04-04,18,46
2023-04-04,19,49
2023-04-04,20,57
2023-04-04,21,52
2023-04-04,22,55
2023-04-04,23,58
2023-04-05,0,0
2023-04-05,1,0
2023-04-05,2,0
2023-04-05,3,0
2023-04-05,4,0
2023-04-05,5,0
2023-04-05,6,0
2023-04-05,7,0
2023-04-05,8,0
2023-04-05,9,0
2023-04-05,10,9
2023-04-05,11,9
2023-04-05,12,15
2023-04-05,13,15
2023-04-05,14,12
2023-04-05,15,9
2023-04-05,16,9
2023-04-05,17,8
2023-04-05,18,15
2023-04-05,19,18
2023-04-05,20,19
2023-04-05,21,16
2023-04-05,22,18
2023-04-05,23,16
2023-04-06,0,0
2023-04-06,1,0
2023-04-06,2,0
2023-04-06,3,0
2023-04-06,4,0
2023-04-06,5,0
2023-04-06,6,0
2023-04-06,7,0
2023-04-06,8,0
2023-04-06,9,0
2023-04-06,10,10
2023-04-06,11,9
2023-04-06,12,16
2023-04-06,13,16
2023-04-06,14,15
2023-04-06,15,8
2023-04-06,16,8
2023-04-06,17,10
2023-04-06,18,12
2023-04-06,19,13
2023-04-06,20,19
2023-04-06,21,19
2023-04-06,22,15
2023-04-06,23,19
2023-04-07,0,0
2023-04-07,1,0
2023-04-07,2,0
2023-04-07,3,0
2023-04-07,4,0
2023-04-07,5,0
2023-04-07,6,0
2023-04-07,7,0
2023-04-07,8,0
2023-04-07,9,0
2023-04-07,10,31
2023-04-07,11,38
2023-04-07,12,55
2023-04-07,13,48
2023-04-07,14,58
2023-04-07,15,38
2023-04-07,16,30
2023-04-07,17,38
2023-04-07,18,48
2023-04-07,19,54
2023-04-07,20,58
2023-04-07,21,54
2023-04-07,22,57
2023-04-07,23,55
2023-04-08,0,0
2023-04-08,1,0
2023-04-08,2,0
2023-04-08,3,0
2023-04-08,4,0
2023-04-08,5,0
2023-04-08,6,0
2023-04-08,7,0
2023-04-08,8,0
2023-04-08,9,0
2023-04-08,10,22
2023-04-08,11,23
2023-04-08,12,27
2023-04-08,13,33
2023-04-08,14,34
2023-04-08,15,20
2023-04-08,16,18
2023-04-08,17,20
2023-04-08,18,36
2023-04-08,19,36
2023-04-08,20,34
2023-04-08,21,34
2023-04-08,22,28
2023-04-08,23,30
2023-04-09,0,0
2023-04-09,1,0
2023-04-09,2,0
2023-04-09,3,0
2023-04-09,4,0
2023-04-09,5,0
2023-04-09,6,0
2023-04-09,7,0
2023-04-09,8,0
2023-04-09,9,0
2023-04-09,10,19
2023-04-09,11,22
2023-04-09,12,30
2023-04-09,13,33
2023-04-09,14,30
2023-04-09,15,18
2023-04-09,16,19
2023-04-09,17,21
2023-04-09,18,34
2023-04-09,19,27
2023-04-09,20,28
2023-04-09,21,30
2023-04-09,22,30
2023-04-09,23,27
2023-04-10,0,0
2023-04-10,1,0
2023-04-10,2,0
2023-04-10,3,0
2023-04-10,4,0
2023-04-10,5,0
2023-04-10,6,0
2023-04-10,7,0
2023-04-10,8,0
2023-04-10,9,0
2023-04-10,10,10
2023-04-10,11,10
2023-04-10,12,19
2023-04-10,13,13
2023-04-10,14,15
2023-04-10,15,9
2023-04-10,16,11
2023-04-10,17,11
2023-04-10,18,19
2023-04-10,19,16
2023-04-10,20,18
2023-04-10,21,18
2023-04-10,22,12
2023-04-10,23,19
2023-04-11,0,0
2023-04-11,1,0
2023-04-11,2,0
2023-04-11,3,0
2023-04-11,4,0
2023-04-11,5,0
2023-04-11,6,0
2023-04-11,7,0
2023-04-11,8,0
2023-04-11,9,0
2023-04-11,10,11
2023-04-11,11,12
2023-04-11,12,13
2023-04-11,13,13
2023-04-11,14,16
2023-04-11,15,8
2023-04-11,16,10
2023-04-11,17,10
2023-04-11,18,13
2023-04-11,19,16
2023-04-11,20,19
2023-04-11,21,19
2023-04-11,22,15
2023-04-11,23,13
2023-04-12,0,0
2023-04-12,1,0
2023-04-12,2,0
2023-04-12,3,0
2023-04-12,4,0
2023-04-12,5,0
2023-04-12,6,0
2023-04-12,7,0
2023-04-12,8,0
2023-04-12,9,0
2023-04-12,10,13
2023-04-12,11,12
2023-04-12,12,18
2023-04-12,13,19
2023-04-12,14,12
2023-04-12,15,10
2023-04-12,16,8
2023-04-12,17,13
2023-04-12,18,19
2023-04-12,19,13
2023-04-12,20,15
2023-04-12,21,15
2023-04-12,22,19
2023-04-12,23,18
2023-04-13,0,0
2023-04-13,1,0
2023-04-13,2,0
2023-04-13,3,0
2023-04-13,4,0
2023-04-13,5,0
2023-04-13,6,0
2023-04-13,7,0
2023-04-13,8,0
2023-04-13,9,0
2023-04-13,10,9
2023-04-13,11,13
2023-04-13,12,16
2023-04-13,13,13
2023-04-13,14,12
2023-04-13,15,12
2023-04-13,16,10
2023-04-13,17,10
2023-04-13,18,13
2023-04-13,19,18
2023-04-13,20,15
2023-04-13,21,16
2023-04-13,22,12
2023-04-13,23,13
2023-04-14,0,0
2023-04-14,1,0
2023-04-14,2,0
2023-04-14,3,0
2023-04-14,4,0
2023-04-14,5,0
2023-04-14,6,0
2023-04-14,7,0
2023-04-14,8,0
2023-04-14,9,0
2023-04-14,10,24
2023-04-14,11,23
2023-04-14,12,31
2023-04-14,13,27
2023-04-14,14,31
2023-04-14,15,22
2023-04-14,16,18
2023-04-14,17,18
2023-04-14,18,28
2023-04-14,19,34
2023-04-14,20,27
2023-04-14,21,31
2023-04-14,22,30
2023-04-14,23,31
2023-04-15,0,0
2023-04-15,1,0
2023-04-15,2,0
2023-04-15,3,0
2023-04-15,4,0
2023-04-15,5,0
2023-04-15,6,0
2023-04-15,7,0
2023-04-15,8,0
2023-04-15,9,0
2023-04-15,10,22
2023-04-15,11,18
2023-04-15,12,31
2023-04-15,13,27
2023-04-15,14,33
2023-04-15,15,21
2023-04-15,16,23
2023-04-15,17,19
2023-04-15,18,33
2023-04-15,19,34
2023-04-15,20,34
2023-04-15,21,34
2023-04-15,22,27
2023-04-15,23,36
2023-04-16,0,0
2023-04-16,1,0
2023-04-16,2,0
2023-04-16,3,0
2023-04-16,4,0
2023-04-16,5,0
2023-04-16,6,0
2023-04-16,7,0
2023-04-16,8,0
2023-04-16,9,0
2023-04-16,10,23
2023-04-16,11,19
2023-04-16,12,34
2023-04-16,13,30
2023-04-16,14,34
2023-04-16,15,23
2023-04-16,16,19
2023-04-16,17,18
2023-04-16,18,34
2023-04-16,19,34
2023-04-16,20,28
2023-04-16,21,33
2023-04-16,22,34
2023-04-16,23,31
2023-04-17,0,0
2023-04-17,1,0
2023-04-17,2,0
2023-04-17,3,0
2023-04-17,4,0
2023-04-17,5,0
2023-04-17,6,0
2023-04-17,7,0
2023-04-17,8,0
2023-04-17,9,0
2023-04-17,10,12
2023-04-17,11,13
2023-04-17,12,16
2023-04-17,13,19
2023-04-17,14,12
2023-04-17,15,8
2023-04-17,16,10
2023-04-17,17,8
2023-04-17,18,12
2023-04-17,19,16
2023-04-17,20,19
2023-04-17,21,13
2023-04-17,22,15
2023-04-17,23,19
2023-04-18,0,0
2023-04-18,1,0
2023-04-18,2,0
2023-04-18,3,0
2023-04-18,4,0
2023-04-18,5,0
2023-04-18,6,0
2023-04-18,7,0
2023-04-18,8,0
2023-04-18,9,0
2023-04-18,10,11
2023-04-18,11,12
2023-04-18,12,13
2023-04-18,13,19
2023-04-18,14,16
2023-04-18,15,8
2023-04-18,16,9
2023-04-18,17,9
2023-04-18,18,16
2023-04-18,19,16
2023-04-18,20,12
2023-04-18,21,18
2023-04-18,22,15
2023-04-18,23,15
2023-04-19,0,0
2023-04-19,1,0
2023-04-19,2,0
2023-04-19,3,0
2023-04-19,4,0
2023-04-19,5,0
2023-04-19,6,0
2023-04-19,7,0
2023-04-19,8,0
2023-04-19,9,0
2023-04-19,10,12
2023-04-19,11,8
2023-04-19,12,13
2023-04-19,13,15
2023-04-19,14,16
2023-04-19,15,12
2023-04-19,16,13
2023-04-19,17,9
2023-04-19,18,12
2023-04-19,19,15
2023-04-19,20,19
2023-04-19,21,18
2023-04-19,22,12
2023-04-19,23,16
2023-04-20,0,0
2023-04-20,1,0
2023-04-20,2,0
2023-04-20,3,0
2023-04-20,4,0
2023-04-20,5,0
2023-04-20,6,0
2023-04-20,7,0
2023-04-20,8,0
2023-04-20,9,0
2023-04-20,10,8
2023-04-20,11,11
2023-04-20,12,13
2023-04-20,13,18
2023-04-20,14,18
2023-04-20,15,9
2023-04-20,16,8
2023-04-20,17,12
2023-04-20,18,16
2023-04-20,19,12
2023-04-20,20,18
2023-04-20,21,15
2023-04-20,22,12
2023-04-20,23,13
2023-04-21,0,0
2023-04-21,1,0
2023-04-21,2,0
2023-04-21,3,0
2023-04-21,4,0
2023-04-21,5,0
2023-04-21,6,0
2023-04-21,7,0
2023-04-21,8,0
2023-04-21,9,0
2023-04-21,10,19
2023-04-21,11,24
2023-04-21,12,33
2023-04-21,13,31
2023-04-21,14,33
2023-04-21,15,22
2023-04-21,16,23
2023-04-21,17,20
2023-04-21,18,30
2023-04-21,19,28
2023-04-21,20,34
2023-04-21,21,36
2023-04-21,22,30
2023-04-21,23,28
2023-04-22,0,0
2023-04-22,1,0
2023-04-22,2,0
2023-04-22,3,0
2023-04-22,4,0
2023-04-22,5,0
2023-04-22,6,0
2023-04-22,7,0
2023-04-22,8,0
2023-04-22,9,0
2023-04-22,10,36
2023-04-22,11,33
2023-04-22,12,51
2023-04-22,13,58
2023-04-22,14,45
2023-04-22,15,33
2023-04-22,16,31
2023-04-22,17,35
2023-04-22,18,49
2023-04-22,19,46
2023-04-22,20,57
2023-04-22,21,52
2023-04-22,22,57
2023-04-22,23,45
2023-04-23,0,0
2023-04-23,1,0
2023-04-23,2,0
2023-04-23,3,0
2023-04-23,4,0
2023-04-23,5,0
2023-04-23,6,0
2023-04-23,7,0
2023-04-23,8,0
2023-04-23,9,0
2023-04-23,10,24
2023-04-23,11,19
2023-04-23,12,33
2023-04-23,13,33
2023-04-23,14,36
2023-04-23,15,21
2023-04-23,16,22
2023-04-23,17,20
2023-04-23,18,34
2023-04-23,19,30
2023-04-23,20,33
2023-04-23,21,28
2023-04-23,22,31
2023-04-23,23,36
2023-04-24,0,0
2023-04-24,1,0
2023-04-24,2,0
2023-04-24,3,0
2023-04-24,4,0
2023-04-24,5,0
2023-04-24,6,0
2023-04-24,7,0
2023-04-24,8,0
2023-04-24,9,0
2023-04-24,10,12
2023-04-24,11,12
2023-04-24,12,12
2023-04-24,13,13
2023-04-24,14,18
2023-04-24,15,13
2023-04-24,16,12
2023-04-24,17,9
2023-04-24,18,15
2023-04-24,19,16
2023-04-24,20,13
2023-04-24,21,18
2023-04-24,22,18
2023-04-24,23,15
2023-04-25,0,0
2023-04-25,1,0
2023-04-25,2,0
2023-04-25,3,0
2023-04-25,4,0
2023-04-25,5,0
2023-04-25,6,0
2023-04-25,7,0
2023-04-25,8,0
2023-04-25,9,0
2023-04-25,10,12
2023-04-25,11,9
2023-04-25,12,15
2023-04-25,13,15
2023-04-25,14,15
2023-04-25,15,10
2023-04-25,16,13
2023-04-25,17,12
2023-04-25,18,16
2023-04-25,19,16
2023-04-25,20,15
2023-04-25,21,16
2023-04-25,22,16
2023-04-25,23,13
2023-04-26,0,0
2023-04-26,1,0
2023-04-26,2,0
2023-04-26,3,0
2023-04-26,4,0
2023-04-26,5,0
2023-04-26,6,0
2023-04-26,7,0
2023-04-26,8,0
2023-04-26,9,0
2023-04-26,10,11
2023-04-26,11,11
2023-04-26,12,19
2023-04-26,13,16
2023-04-26,14,19
2023-04-26,15,9
2023-04-26,16,9
2023-04-26,17,8
2023-04-26,18,15
2023-04-26,19,12
2023-04-26,20,12
2023-04-26,21,12
2023-04-26,22,15
2023-04-26,23,19
2023-04-27,0,0
2023-04-27,1,0
2023-04-27,2,0
2023-04-27,3,0
2023-04-27,4,0
2023-04-27,5,0
2023-04-27,6,0
2023-04-27,7,0
2023-04-27,8,0
2023-04-27,9,0
2023-04-27,10,8
2023-04-27,11,9
2023-04-27,12,18
2023-04-27,13,18
2023-04-27,14,16
2023-04-27,15,9
2023-04-27,16,12
2023-04-27,17,12
2023-04-27,18,15
2023-04-27,19,12
2023-04-27,20,16
2023-04-27,21,19
2023-04-27,22,18
2023-04-27,23,18
2023-04-28,0,0
2023-04-28,1,0
2023-04-28,2,0
2023-04-28,3,0
2023-04-28,4,0
2023-04-28,5,0
2023-04-28,6,0
2023-04-28,7,0
2023-04-28,8,0
2023-04-28,9,0
2023-04-28,10,23
2023-04-28,11,24
2023-04-28,12,30
2023-04-28,13,36
2023-04-28,14,33
2023-04-28,15,24
2023-04-28,16,22
2023-04-28,17,23
2023-04-28,18,31
2023-04-28,19,34
2023-04-28,20,36
2023-04-28,21,30
2023-04-28,22,28
2023-04-28,23,31
2023-04-29,0,0
2023-04-29,1,0
2023-04-29,2,0
2023-04-29,3,0
2023-04-29,4,0
2023-04-29,5,0
2023-04-29,6,0
2023-04-29,7,0
2023-04-29,8,0
2023-04-29,9,0
2023-04-29,10,18
2023-04-29,11,23
2023-04-29,12,27
2023-04-29,13,27
2023-04-29,14,27
2023-04-29,15,24
2023-04-29,16,20
2023-04-29,17,19
2023-04-29,18,36
2023-04-29,19,31
2023-04-29,20,31
2023-04-29,21,27
2023-04-29,22,36
2023-04-29,23,30
2023-04-30,0,0
2023-04-30,1,0
2023-04-30,2,0
2023-04-30,3,0
2023-04-30,4,0
2023-04-30,5,0
2023-04-30,6,0
2023-04-30,7,0
2023-04-30,8,0
2023-04-30,9,0
2023-04-30,10,22
2023-04-30,11,23
2023-04-30,12,27
2023-04-30,13,31
2023-04-30,14,28
2023-04-30,15,19
2023-04-30,16,22
2023-04-30,17,23
2023-04-30,18,33
2023-04-30,19,31
2023-04-30,20,28
2023-04-30,21,28
2023-04-30,22,31
2023-04-30,23,30
2023-05-01,0,0
2023-05-01,1,0
2023-05-01,2,0
2023-05-01,3,0
2023-05-01,4,0
2023-05-01,5,0
2023-05-01,6,0
2023-05-01,7,0
2023-05-01,8,0
2023-05-01,9,0
2023-05-01,10,12
2023-05-01,11,13
2023-05-01,12,12
2023-05-01,13,15
2023-05-01,14,13
2023-05-01,15,13
2023-05-01,16,9
2023-05-01,17,8
2023-05-01,18,16
2023-05-01,19,13
2023-05-01,20,18
2023-05-01,21,19
2023-05-01,22,13
2023-05-01,23,19
2023-05-02,0,0
2023-05-02,1,0
2023-05-02,2,0
2023-05-02,3,0
2023-05-02,4,0
2023-05-02,5,0
2023-05-02,6,0
2023-05-02,7,0
2023-05-02,8,0
2023-05-02,9,0
2023-05-02,10,10
2023-05-02,11,12
2023-05-02,12,15
2023-05-02,13,16
2023-05-02,14,18
2023-05-02,15,13
2023-05-02,16,11
2023-05-02,17,12
2023-05-02,18,12
2023-05-02,19,19
2023-05-02,20,12
2023-05-02,21,16
2023-05-02,22,18
2023-05-02,23,19
2023-05-03,0,0
2023-05-03,1,0
2023-05-03,2,0
2023-05-03,3,0
2023-05-03,4,0
2023-05-03,5,0
2023-05-03,6,0
2023-05-03,7,0
2023-05-03,8,0
2023-05-03,9,0
2023-05-03,10,13
2023-05-03,11,12
2023-05-03,12,13
2023-05-03,13,19
2023-05-03,14,13
2023-05-03,15,13
2023-05-03,16,8
2023-05-03,17,10
2023-05-03,18,13
2023-05-03,19,18
2023-05-03,20,16
2023-05-03,21,15
2023-05-03,22,12
2023-05-03,23,12
2023-05-04,0,0
2023-05-04,1,0
2023-05-04,2,0
2023-05-04,3,0
2023-05-04,4,0
2023-05-04,5,0
2023-05-04,6,0
2023-05-04,7,0
2023-05-04,8,0
2023-05-04,9,0
2023-05-04,10,10
2023-05-04,11,10
2023-05-04,12,15
2023-05-04,13,12
2023-05-04,14,12
2023-05-04,15,8
2023-05-04,16,11
2023-05-04,17,9
2023-05-04,18,15
2023-05-04,19,12
2023-05-04,20,19
2023-05-04,21,16
2023-05-04,22,16
2023-05-04,23,16
2023-05-05,0,0
2023-05-05,1,0
2023-05-05,2,0
2023-05-05,3,0
2023-05-05,4,0
2023-05-05,5,0
2023-05-05,6,0
2023-05-05,7,0
2023-05-05,8,0
2023-05-05,9,0
2023-05-05,10,33
2023-05-05,11,38
2023-05-05,12,54
2023-05-05,13,51
2023-05-05,14,49
2023-05-05,15,35
2023-05-05,16,37
2023-05-05,17,33
2023-05-05,18,45
2023-05-05,19,51
2023-05-05,20,57
2023-05-05,21,46
2023-05-05,22,49
2023-05-05,23,57
2023-05-06,0,0
2023-05-06,1,0
2023-05-06,2,0
2023-05-06,3,0
2023-05-06,4,0
2023-05-06,5,0
2023-05-06,6,0
2023-05-06,7,0
2023-05-06,8,0
2023-05-06,9,0
2023-05-06,10,23
2023-05-06,11,24
2023-05-06,12,30
2023-05-06,13,28
2023-05-06,14,33
2023-05-06,15,18
2023-05-06,16,19
2023-05-06,17,21
2023-05-06,18,36
2023-05-06,19,34
2023-05-06,20,28
2023-05-06,21,34
2023-05-06,22,30
2023-05-06,23,30
2023-05-07,0,0
2023-05-07,1,0
2023-05-07,2,0
2023-05-07,3,0
2023-05-07,4,0
2023-05-07,5,0
2023-05-07,6,0
2023-05-07,7,0
2023-05-07,8,0
2023-05-07,9,0
2023-05-07,10,21
2023-05-07,11,22
2023-05-07,12,36
2023-05-07,13,36
2023-05-07,14,28
2023-05-07,15,22
2023-05-07,16,18
2023-05-07,17,20
2023-05-07,18,33
2023-05-07,19,33
2023-05-07,20,30
2023-05-07,21,36
2023-05-07,22,31
2023-05-07,23,36
2023-05-08,0,0
2023-05-08,1,0
2023-05-08,2,0
2023-05-08,3,0
2023-05-08,4,0
2023-05-08,5,0
2023-05-08,6,0
2023-05-08,7,0
2023-05-08,8,0
2023-05-08,9,0
2023-05-08,10,8
2023-05-08,11,12
2023-05-08,12,19
2023-05-08,13,15
2023-05-08,14,16
2023-05-08,15,13
2023-05-08,16,12
2023-05-08,17,10
2023-05-08,18,19
2023-05-08,19,19
2023-05-08,20,12
2023-05-08,21,12
2023-05-08,22,19
2023-05-08,23,15
2023-05-09,0,0
2023-05-09,1,0
2023-05-09,2,0
2023-05-09,3,0
2023-05-09,4,0
2023-05-09,5,0
2023-05-09,6,0
2023-05-09,7,0
2023-05-09,8,0
2023-05-09,9,0
2023-05-09,10,12
2023-05-09,11,10
2023-05-09,12,16
2023-05-09,13,15
2023-05-09,14,18
2023-05-09,15,11
2023-05-09,16,12
2023-05-09,17,8
2023-05-09,18,16
2023-05-09,19,12
2023-05-09,20,15
2023-05-09,21,18
2023-05-09,22,16
2023-05-09,23,13
2023-05-10,0,0
2023-05-10,1,0
2023-05-10,2,0
2023-05-10,3,0
2023-05-10,4,0
2023-05-10,5,0
2023-05-10,6,0
2023-05-10,7,0
2023-05-10,8,0
2023-05-10,9,0
2023-05-10,10,10
2023-05-10,11,13
2023-05-10,12,18
2023-05-10,13,18
2023-05-10,14,15
2023-05-10,15,8
2023-05-10,16,9
2023-05-10,17,10
2023-05-10,18,12
2023-05-10,19,19
2023-05-10,20,15
2023-05-10,21,15
2023-05-10,22,19
2023-05-10,23,13
2023-05-11,0,0
2023-05-11,1,0
2023-05-11,2,0
2023-05-11,3,0
2023-05-11,4,0
2023-05-11,5,0
2023-05-11,6,0
2023-05-11,7,0
2023-05-11,8,0
2023-05-11,9,0
2023-05-11,10,11
2023-05-11,11,11
2023-05-11,12,15
2023-05-11,13,13
2023-05-11,14,18
2023-05-11,15,9
2023-05-11,16,12
2023-05-11,17,8
2023-05-11,18,19
2023-05-11,19,16
2023-05-11,20,13
2023-05-11,21,12
2023-05-11,22,13
2023-05-11,23,12
2023-05-12,0,0
2023-05-12,1,0
2023-05-12,2,0
2023-05-12,3,0
2023-05-12,4,0
2023-05-12,5,0
2023-05-12,6,0
2023-05-12,7,0
2023-05-12,8,0
2023-05-12,9,0
2023-05-12,10,20
2023-05-12,11,20
2023-05-12,12,34
2023-05-12,13,34
2023-05-12,14,34
2023-05-12,15,23
2023-05-12,16,23
2023-05-12,17,21
2023-05-12,18,27
2023-05-12,19,31
2023-05-12,20,28
2023-05-12,21,34
2023-05-12,22,30
2023-05-12,23,27
2023-05-13,0,0
2023-05-13,1,0
2023-05-13,2,0
2023-05-13,3,0
2023-05-13,4,0
2023-05-13,5,0
2023-05-13,6,0
2023-05-13,7,0
2023-05-13,8,0
2023-05-13,9,0
2023-05-13,10,24
2023-05-13,11,24
2023-05-13,12,34
2023-05-13,13,30
2023-05-13,14,33
2023-05-13,15,24
2023-05-13,16,20
2023-05-13,17,19
2023-05-13,18,30
2023-05-13,19,31
2023-05-13,20,34
2023-05-13,21,34
2023-05-13,22,31
2023-05-13,23,34
2023-05-14,0,0
2023-05-14,1,0
2023-05-14,2,0
2023-05-14,3,0
2023-05-14,4,0
2023-05-14,5,0
2023-05-14,6,0
2023-05-14,7,0
2023-05-14,8,0
2023-05-14,9,0
2023-05-14,10,33
2023-05-14,11,30
2023-05-14,12,46
2023-05-14,13,57
2023-05-14,14,58
2023-05-14,15,30
2023-05-14,16,34
2023-05-14,17,33
2023-05-14,18,55
2023-05-14,19,57
2023-05-14,20,48
2023-05-14,21,49
2023-05-14,22,52
2023-05-14,23,58
2023-05-15,0,0
2023-05-15,1,0
2023-05-15,2,0
2023-05-15,3,0
2023-05-15,4,0
2023-05-15,5,0
2023-05-15,6,0
2023-05-15,7,0
2023-05-15,8,0
2023-05-15,9,0
2023-05-15,10,10
2023-05-15,11,11
2023-05-15,12,18
2023-05-15,13,13
2023-05-15,14,13
2023-05-15,15,9
2023-05-15,16,10
2023-05-15,17,12
2023-05-15,18,15
2023-05-15,19,15
2023-05-15,20,15
2023-05-15,21,18
2023-05-15,22,16
2023-05-15,23,15
2023-05-16,0,0
2023-05-16,1,0
2023-05-16,2,0
2023-05-16,3,0
2023-05-16,4,0
2023-05-16,5,0
2023-05-16,6,0
2023-05-16,7,0
2023-05-16,8,0
2023-05-16,9,0
2023-05-16,10,10
2023-05-16,11,9
2023-05-16,12,16
2023-05-16,13,15
2023-05-16,14,15
2023-05-16,15,13
2023-05-16,16,9
2023-05-16,17,10
2023-05-16,18,13
2023-05-16,19,13
2023-05-16,20,12
2023-05-16,21,19
2023-05-16,22,18
2023-05-16,23,19
2023-05-17,0,0
2023-05-17,1,0
2023-05-17,2,0
2023-05-17,3,0
2023-05-17,4,0
2023-05-17,5,0
2023-05-17,6,0
2023-05-17,7,0
2023-05-17,8,0
2023-05-17,9,0
2023-05-17,10,11
2023-05-17,11,8
2023-05-17,12,12
2023-05-17,13,12
2023-05-17,14,16
2023-05-17,15,8
2023-05-17,16,8
2023-05-17,17,10
2023-05-17,18,19
2023-05-17,19,16
2023-05-17,20,15
2023-05-17,21,15
2023-05-17,22,16
2023-05-17,23,19
2023-05-18,0,0
2023-05-18,1,0
2023-05-18,2,0
2023-05-18,3,0
2023-05-18,4,0
2023-05-18,5,0
2023-05-18,6,0
2023-05-18,7,0
2023-05-18,8,0
2023-05-18,9,0
2023-05-18,10,10
2023-05-18,11,8
2023-05-18,12,13
2023-05-18,13,19
2023-05-18,14,19
2023-05-18,15,13
2023-05-18,16,8
2023-05-18,17,9
2023-05-18,18,18
2023-05-18,19,19
2023-05-18,20,13
2023-05-18,21,19
2023-05-18,22,16
2023-05-18,23,13
2023-05-19,0,0
2023-05-19,1,0
2023-05-19,2,0
2023-05-19,3,0
2023-05-19,4,0
2023-05-19,5,0
2023-05-19,6,0
2023-05-19,7,0
2023-05-19,8,0
2023-05-19,9,0
2023-05-19,10,22
2023-05-19,11,23
2023-05-19,12,34
2023-05-19,13,33
2023-05-19,14,31
2023-05-19,15,20
2023-05-19,16,22
2023-05-19,17,19
2023-05-19,18,36
2023-05-19,19,27
2023-05-19,20,28
2023-05-19,21,36
2023-05-19,22,28
2023-05-19,23,30
2023-05-20,0,0
2023-05-20,1,0
2023-05-20,2,0
2023-05-20,3,0
2023-05-20,4,0
2023-05-20,5,0
2023-05-20,6,0
2023-05-20,7,0
2023-05-20,8,0
2023-05-20,9,0
2023-05-20,10,22
2023-05-20,11,18
2023-05-20,12,28
2023-05-20,13,36
2023-05-20,14,30
2023-05-20,15,20
2023-05-20,16,21
2023-05-20,17,20
2023-05-20,18,28
2023-05-20,19,33
2023-05-20,20,33
2023-05-20,21,33
2023-05-20,22,36
2023-05-20,23,31
2023-05-21,0,0
2023-05-21,1,0
2023-05-21,2,0
2023-05-21,3,0
2023-05-21,4,0
2023-05-21,5,0
2023-05-21,6,0
2023-05-21,7,0
2023-05-21,8,0
2023-05-21,9,0
2023-05-21,10,21
2023-05-21,11,20
2023-05-21,12,30
2023-05-21,13,33
2023-05-21,14,36
2023-05-21,15,18
2023-05-21,16,22
2023-05-21,17,18
2023-05-21,18,33
2023-05-21,19,33
2023-05-21,20,33
2023-05-21,21,36
2023-05-21,22,30
2023-05-21,23,27
2023-05-22,0,0
2023-05-22,1,0
2023-05-22,2,0
2023-05-22,3,0
2023-05-22,4,0
2023-05-22,5,0
2023-05-22,6,0
2023-05-22,7,0
2023-05-22,8,0
2023-05-22,9,0
2023-05-22,10,13
2023-05-22,11,9
2023-05-22,12,19
2023-05-22,13,16
2023-05-22,14,12
2023-05-22,15,12
2023-05-22,16,10
2023-05-22,17,9
2023-05-22,18,13
2023-05-22,19,18
2023-05-22,20,15
2023-05-22,21,19
2023-05-22,22,19
2023-05-22,23,15
2023-05-23,0,0
2023-05-23,1,0
2023-05-23,2,0
2023-05-23,3,0
2023-05-23,4,0
2023-05-23,5,0
2023-05-23,6,0
2023-05-23,7,0
2023-05-23,8,0
2023-05-23,9,0
2023-05-23,10,12
2023-05-23,11,13
2023-05-23,12,13
2023-05-23,13,19
2023-05-23,14,15
2023-05-23,15,12
2023-05-23,16,10
2023-05-23,17,11
2023-05-23,18,16
2023-05-23,19,18
2023-05-23,20,12
2023-05-23,21,13
2023-05-23,22,15
2023-05-23,23,13
2023-05-24,0,0
2023-05-24,1,0
2023-05-24,2,0
2023-05-24,3,0
2023-05-24,4,0
2023-05-24,5,0
2023-05-24,6,0
2023-05-24,7,0
2023-05-24,8,0
2023-05-24,9,0
2023-05-24,10,13
2023-05-24,11,9
2023-05-24,12,13
2023-05-24,13,15
2023-05-24,14,12
2023-05-24,15,9
2023-05-24,16,12
2023-05-24,17,12
2023-05-24,18,19
2023-05-24,19,19
2023-05-24,20,18
2023-05-24,21,13
2023-05-24,22,13
2023-05-24,23,12
2023-05-25,0,0
2023-05-25,1,0
2023-05-25,2,0
2023-05-25,3,0
2023-05-25,4,0
2023-05-25,5,0
2023-05-25,6,0
2023-05-25,7,0
2023-05-25,8,0
2023-05-25,9,0
2023-05-25,10,11
2023-05-25,11,9
2023-05-25,12,18
2023-05-25,13,15
2023-05-25,14,12
2023-05-25,15,10
2023-05-25,16,8
2023-05-25,17,10
2023-05-25,18,15
2023-05-25,19,12
2023-05-25,20,15
2023-05-25,21,19
2023-05-25,22,15
2023-05-25,23,18
2023-05-26,0,0
2023-05-26,1,0
2023-05-26,2,0
2023-05-26,3,0
2023-05-26,4,0
2023-05-26,5,0
2023-05-26,6,0
2023-05-26,7,0
2023-05-26,8,0
2023-05-26,9,0
2023-05-26,10,22
2023-05-26,11,24
2023-05-26,12,34
2023-05-26,13,30
2023-05-26,14,28
2023-05-26,15,24
2023-05-26,16,19
2023-05-26,17,21
2023-05-26,18,31
2023-05-26,19,27
2023-05-26,20,28
2023-05-26,21,33
2023-05-26,22,27
2023-05-26,23,27
2023-05-27,0,0
2023-05-27,1,0
2023-05-27,2,0
2023-05-27,3,0
2023-05-27,4,0
2023-05-27,5,0
2023-05-27,6,0
2023-05-27,7,0
2023-05-27,8,0
2023-05-27,9,0
2023-05-27,10,23
2023-05-27,11,23
2023-05-27,12,27
2023-05-27,13,36
2023-05-27,14,34
2023-05-27,15,23
2023-05-27,16,22
2023-05-27,17,22
2023-05-27,18,33
2023-05-27,19,33
2023-05-27,20,36
2023-05-27,21,34
2023-05-27,22,30
2023-05-27,23,28
2023-05-28,0,0
2023-05-28,1,0
2023-05-28,2,0
2023-05-28,3,0
2023-05-28,4,0
2023-05-28,5,0
2023-05-28,6,0
2023-05-28,7,0
2023-05-28,8,0
2023-05-28,9,0
2023-05-28,10,20
2023-05-28,11,24
2023-05-28,12,27
2023-05-28,13,33
2023-05-28,14,28
2023-05-28,15,19
2023-05-28,16,22
2023-05-28,17,24
2023-05-28,18,31
2023-05-28,19,30
2023-05-28,20,30
2023-05-28,21,28
2023-05-28,22,30
2023-05-28,23,34
2023-05-29,0,0
2023-05-29,1,0
2023-05-29,2,0
2023-05-29,3,0
2023-05-29,4,0
2023-05-29,5,0
2023-05-29,6,0
2023-05-29,7,0
2023-05-29,8,0
2023-05-29,9,0
2023-05-29,10,12
2023-05-29,11,11
2023-05-29,12,19
2023-05-29,13,15
2023-05-29,14,16
2023-05-29,15,10
2023-05-29,16,9
2023-05-29,17,12
2023-05-29,18,15
2023-05-29,19,15
2023-05-29,20,12
2023-05-29,21,13
2023-05-29,22,15
2023-05-29,23,16
2023-05-30,0,0
2023-05-30,1,0
2023-05-30,2,0
2023-05-30,3,0
2023-05-30,4,0
2023-05-30,5,0
2023-05-30,6,0
2023-05-30,7,0
2023-05-30,8,0
2023-05-30,9,0
2023-05-30,10,13
2023-05-30,11,9
2023-05-30,12,16
2023-05-30,13,13
2023-05-30,14,19
2023-05-30,15,12
2023-05-30,16,13
2023-05-30,17,10
2023-05-30,18,18
2023-05-30,19,19
2023-05-30,20,15
2023-05-30,21,12
2023-05-30,22,18
2023-05-30,23,16
2023-05-31,0,0
2023-05-31,1,0
2023-05-31,2,0
2023-05-31,3,0
2023-05-31,4,0
2023-05-31,5,0
2023-05-31,6,0
2023-05-31,7,0
2023-05-31,8,0
2023-05-31,9,0
2023-05-31,10,8
2023-05-31,11,12
2023-05-31,12,19
2023-05-31,13,18
2023-05-31,14,19
2023-05-31,15,12
2023-05-31,16,13
2023-05-31,17,8
2023-05-31,18,12
2023-05-31,19,16
2023-05-31,20,13
2023-05-31,21,13
2023-05-31,22,15
2023-05-31,23,15
2023-06-01,0,0
2023-06-01,1,0
2023-06-01,2,0
2023-06-01,3,0
2023-06-01,4,0
2023-06-01,5,0
2023-06-01,6,0
2023-06-01,7,0
2023-06-01,8,0
2023-06-01,9,0
2023-06-01,10,11
2023-06-01,11,11
2023-06-01,12,12
2023-06-01,13,12
2023-06-01,14,13
2023-06-01,15,11
2023-06-01,16,11
2023-06-01,17,8
2023-06-01,18,19
2023-06-01,19,19
2023-06-01,20,12
2023-06-01,21,13
2023-06-01,22,15
2023-06-01,23,18
2023-06-02,0,0
2023-06-02,1,0
2023-06-02,2,0
2023-06-02,3,0
2023-06-02,4,0
2023-06-02,5,0
2023-06-02,6,0
2023-06-02,7,0
2023-06-02,8,0
2023-06-02,9,0
2023-06-02,10,20
2023-06-02,11,21
2023-06-02,12,30
2023-06-02,13,30
2023-06-02,14,28
2023-06-02,15,22
2023-06-02,16,24
2023-06-02,17,22
2023-06-02,18,33
2023-06-02,19,31
2023-06-02,20,31
2023-06-02,21,34
2023-06-02,22,31
2023-06-02,23,36
2023-06-03,0,0
2023-06-03,1,0
2023-06-03,2,0
2023-06-03,3,0
2023-06-03,4,0
2023-06-03,5,0
2023-06-03,6,0
2023-06-03,7,0
2023-06-03,8,0
2023-06-03,9,0
2023-06-03,10,20
2023-06-03,11,22
2023-06-03,12,31
2023-06-03,13,31
2023-06-03,14,31
2023-06-03,15,19
2023-06-03,16,18
2023-06-03,17,22
2023-06-03,18,30
2023-06-03,19,31
2023-06-03,20,28
2023-06-03,21,27
2023-06-03,22,28
2023-06-03,23,36
2023-06-04,0,0
2023-06-04,1,0
2023-06-04,2,0
2023-06-04,3,0
2023-06-04,4,0
2023-06-04,5,0
2023-06-04,6,0
2023-06-04,7,0
2023-06-04,8,0
2023-06-04,9,0
2023-06-04,10,18
2023-06-04,11,21
2023-06-04,12,33
2023-06-04,13,31
2023-06-04,14,36
2023-06-04,15,22
2023-06-04,16,23
2023-06-04,17,23
2023-06-04,18,30
2023-06-04,19,28
2023-06-04,20,30
2023-06-04,21,27
2023-06-04,22,30
2023-06-04,23,33
2023-06-05,0,0
2023-06-05,1,0
2023-06-05,2,0
2023-06-05,3,0
2023-06-05,4,0
2023-06-05,5,0
2023-06-05,6,0
2023-06-05,7,0
2023-06-05,8,0
2023-06-05,9,0
2023-06-05,10,9
2023-06-05,11,12
2023-06-05,12,16
2023-06-05,13,13
2023-06-05,14,12
2023-06-05,15,8
2023-06-05,16,11
2023-06-05,17,12
2023-06-05,18,19
2023-06-05,19,19
2023-06-05,20,13
2023-06-05,21,18
2023-06-05,22,15
2023-06-05,23,13
2023-06-06,0,0
2023-06-06,1,0
2023-06-06,2,0
2023-06-06,3,0
2023-06-06,4,0
2023-06-06,5,0
2023-06-06,6,0
2023-06-06,7,0
2023-06-06,8,0
2023-06-06,9,0
2023-06-06,10,8
2023-06-06,11,11
2023-06-06,12,18
2023-06-06,13,18
2023-06-06,14,15
2023-06-06,15,9
2023-06-06,16,11
2023-06-06,17,8
2023-06-06,18,16
2023-06-06,19,15
2023-06-06,20,12
2023-06-06,21,12
2023-06-06,22,13
2023-06-06,23,19
2023-06-07,0,0
2023-06-07,1,0
2023-06-07,2,0
2023-06-07,3,0
2023-06-07,4,0
2023-06-07,5,0
2023-06-07,6,0
2023-06-07,7,0
2023-06-07,8,0
2023-06-07,9,0
2023-06-07,10,11
2023-06-07,11,8
2023-06-07,12,16
2023-06-07,13,18
2023-06-07,14,16
2023-06-07,15,9
2023-06-07,16,12
2023-06-07,17,11
2023-06-07,18,19
2023-06-07,19,15
2023-06-07,20,18
2023-06-07,21,16
2023-06-07,22,13
2023-06-07,23,13
2023-06-08,0,0
2023-06-08,1,0
2023-06-08,2,0
2023-06-08,3,0
2023-06-08,4,0
2023-06-08,5,0
2023-06-08,6,0
2023-06-08,7,0
2023-06-08,8,0
2023-06-08,9,0
2023-06-08,10,8
2023-06-08,11,9
2023-06-08,12,13
2023-06-08,13,16
2023-06-08,14,19
2023-06-08,15,13
2023-06-08,16,11
2023-06-08,17,9
2023-06-08,18,19
2023-06-08,19,19
2023-06-08,20,15
2023-06-08,21,13
2023-06-08,22,12
2023-06-08,23,13
2023-06-09,0,0
2023-06-09,1,0
2023-06-09,2,0
2023-06-09,3,0
2023-06-09,4,0
2023-06-09,5,0
2023-06-09,6,0
2023-06-09,7,0
2023-06-09,8,0
2023-06-09,9,0
2023-06-09,10,18
2023-06-09,11,20
2023-06-09,12,31
2023-06-09,13,36
2023-06-09,14,30
2023-06-09,15,20
2023-06-09,16,21
2023-06-09,17,18
2023-06-09,18,31
2023-06-09,19,27
2023-06-09,20,28
2023-06-09,21,27
2023-06-09,22,34
2023-06-09,23,30
2023-06-10,0,0
2023-06-10,1,0
2023-06-10,2,0
2023-06-10,3,0
2023-06-10,4,0
2023-06-10,5,0
2023-06-10,6,0
2023-06-10,7,0
2023-06-10,8,0
2023-06-10,9,0
2023-06-10,10,19
2023-06-10,11,22
2023-06-10,12,33
2023-06-10,13,31
2023-06-10,14,30
2023-06-10,15,19
2023-06-10,16,21
2023-06-10,17,23
2023-06-10,18,31
2023-06-10,19,30
2023-06-10,20,31
2023-06-10,21,27
2023-06-10,22,36
2023-06-10,23,27
2023-06-11,0,0
2023-06-11,1,0
2023-06-11,2,0
2023-06-11,3,0
2023-06-11,4,0
2023-06-11,5,0
2023-06-11,6,0
2023-06-11,7,0
2023-06-11,8,0
2023-06-11,9,0
2023-06-11,10,20
2023-06-11,11,24
2023-06-11,12,27
2023-06-11,13,34
2023-06-11,14,36
2023-06-11,15,19
2023-06-11,16,21
2023-06-11,17,21
2023-06-11,18,28
2023-06-11,19,36
2023-06-11,20,28
2023-06-11,21,36
2023-06-11,22,31
2023-06-11,23,30
2023-06-12,0,0
2023-06-12,1,0
2023-06-12,2,0
2023-06-12,3,0
2023-06-12,4,0
2023-06-12,5,0
2023-06-12,6,0
2023-06-12,7,0
2023-06-12,8,0
2023-06-12,9,0
2023-06-12,10,9
2023-06-12,11,10
2023-06-12,12,12
2023-06-12,13,12
2023-06-12,14,15
2023-06-12,15,13
2023-06-12,16,11
2023-06-12,17,9
2023-06-12,18,18
2023-06-12,19,18
2023-06-12,20,13
2023-06-12,21,15
2023-06-12,22,12
2023-06-12,23,18
2023-06-13,0,0
2023-06-13,1,0
2023-06-13,2,0
2023-06-13,3,0
2023-06-13,4,0
2023-06-13,5,0
2023-06-13,6,0
2023-06-13,7,0
2023-06-13,8,0
2023-06-13,9,0
2023-06-13,10,11
2023-06-13,11,9
2023-06-13,12,12
2023-06-13,13,18
2023-06-13,14,13
2023-06-13,15,9
2023-06-13,16,12
2023-06-13,17,9
2023-06-13,18,13
2023-06-13,19,19
2023-06-13,20,16
2023-06-13,21,16
2023-06-13,22,16
2023-06-13,23,18
2023-06-14,0,0
2023-06-14,1,0
2023-06-14,2,0
2023-06-14,3,0
2023-06-14,4,0
2023-06-14,5,0
2023-06-14,6,0
2023-06-14,7,0
2023-06-14,8,0
2023-06-14,9,0
2023-06-14,10,9
2023-06-14,11,12
2023-06-14,12,19
2023-06-14,13,12
2023-06-14,14,19
2023-06-14,15,12
2023-06-14,16,12
2023-06-14,17,9
2023-06-14,18,12
2023-06-14,19,18
2023-06-14,20,16
2023-06-14,21,19
2023-06-14,22,19
2023-06-14,23,19
2023-06-15,0,0
2023-06-15,1,0
2023-06-15,2,0
2023-06-15,3,0
2023-06-15,4,0
2023-06-15,5,0
2023-06-15,6,0
2023-06-15,7,0
2023-06-15,8,0
2023-06-15,9,0
2023-06-15,10,11
2023-06-15,11,11
2023-06-15,12,19
2023-06-15,13,16
2023-06-15,14,19
2023-06-15,15,8
2023-06-15,16,10
2023-06-15,17,9
2023-06-15,18,13
2023-06-15,19,16
2023-06-15,20,12
2023-06-15,21,19
2023-06-15,22,16
2023-06-15,23,18
2023-06-16,0,0
2023-06-16,1,0
2023-06-16,2,0
2023-06-16,3,0
2023-06-16,4,0
2023-06-16,5,0
2023-06-16,6,0
2023-06-16,7,0
2023-06-16,8,0
2023-06-16,9,0
2023-06-16,10,23
2023-06-16,11,23
2023-06-16,12,36
2023-06-16,13,28
2023-06-16,14,28
2023-06-16,15,23
2023-06-16,16,22
2023-06-16,17,19
2023-06-16,18,34
2023-06-16,19,36
2023-06-16,20,33
2023-06-16,21,34
2023-06-16,22,31
2023-06-16,23,30
2023-06-17,0,0
2023-06-17,1,0
2023-06-17,2,0
2023-06-17,3,0
2023-06-17,4,0
2023-06-17,5,0
2023-06-17,6,0
2023-06-17,7,0
2023-06-17,8,0
2023-06-17,9,0
2023-06-17,10,18
2023-06-17,11,23
2023-06-17,12,31
2023-06-17,13,31
2023-06-17,14,36
2023-06-17,15,24
2023-06-17,16,20
2023-06-17,17,21
2023-06-17,18,30
2023-06-17,19,27
2023-06-17,20,28
2023-06-17,21,30
2023-06-17,22,31
2023-06-17,23,33
2023-06-18,0,0
2023-06-18,1,0
2023-06-18,2,0
2023-06-18,3,0
2023-06-18,4,0
2023-06-18,5,0
2023-06-18,6,0
2023-06-18,7,0
2023-06-18,8,0
2023-06-18,9,0
2023-06-18,10,31
2023-06-18,11,31
2023-06-18,12,58
2023-06-18,13,45
2023-06-18,14,45
2023-06-18,15,37
2023-06-18,16,32
2023-06-18,17,38
2023-06-18,18,54
2023-06-18,19,55
2023-06-18,20,51
2023-06-18,21,58
2023-06-18,22,48
2023-06-18,23,48
2023-06-19,0,0
2023-06-19,1,0
2023-06-19,2,0
2023-06-19,3,0
2023-06-19,4,0
2023-06-19,5,0
2023-06-19,6,0
2023-06-19,7,0
2023-06-19,8,0
2023-06-19,9,0
2023-06-19,10,12
2023-06-19,11,13
2023-06-19,12,13
2023-06-19,13,18
2023-06-19,14,12
2023-06-19,15,11
2023-06-19,16,11
2023-06-19,17,10
2023-06-19,18,16
2023-06-19,19,15
2023-06-19,20,18
2023-06-19,21,15
2023-06-19,22,15
2023-06-19,23,13
2023-06-20,0,0
2023-06-20,1,0
2023-06-20,2,0
2023-06-20,3,0
2023-06-20,4,0
2023-06-20,5,0
2023-06-20,6,0
2023-06-20,7,0
2023-06-20,8,0
2023-06-20,9,0
2023-06-20,10,13
2023-06-20,11,12
2023-06-20,12,19
2023-06-20,13,15
2023-06-20,14,13
2023-06-20,15,10
2023-06-20,16,12
2023-06-20,17,13
2023-06-20,18,15
2023-06-20,19,12
2023-06-20,20,19
2023-06-20,21,13
2023-06-20,22,12
2023-06-20,23,19
2023-06-21,0,0
2023-06-21,1,0
2023-06-21,2,0
2023-06-21,3,0
2023-06-21,4,0
2023-06-21,5,0
2023-06-21,6,0
2023-06-21,7,0
2023-06-21,8,0
2023-06-21,9,0
2023-06-21,10,10
2023-06-21,11,10
2023-06-21,12,15
2023-06-21,13,13
2023-06-21,14,12
2023-06-21,15,12
2023-06-21,16,12
2023-06-21,17,8
2023-06-21,18,16
2023-06-21,19,13
2023-06-21,20,18
2023-06-21,21,16
2023-06-21,22,16
2023-06-21,23,18
2023-06-22,0,0
2023-06-22,1,0
2023-06-22,2,0
2023-06-22,3,0
2023-06-22,4,0
2023-06-22,5,0
2023-06-22,6,0
2023-06-22,7,0
2023-06-22,8,0
2023-06-22,9,0
2023-06-22,10,12
2023-06-22,11,9
2023-06-22,12,16
2023-06-22,13,16
2023-06-22,14,19
2023-06-22,15,11
2023-06-22,16,13
2023-06-22,17,12
2023-06-22,18,13
2023-06-22,19,12
2023-06-22,20,16
2023-06-22,21,15
2023-06-22,22,16
2023-06-22,23,15
2023-06-23,0,0
2023-06-23,1,0
2023-06-23,2,0
2023-06-23,3,0
2023-06-23,4,0
2023-06-23,5,0
2023-06-23,6,0
2023-06-23,7,0
2023-06-23,8,0
2023-06-23,9,0
2023-06-23,10,23
2023-06-23,11,20
2023-06-23,12,30
2023-06-23,13,36
2023-06-23,14,34
2023-06-23,15,24
2023-06-23,16,22
2023-06-23,17,20
2023-06-23,18,33
2023-06-23,19,28
2023-06-23,20,27
2023-06-23,21,30
2023-06-23,22,30
2023-06-23,23,31
2023-06-24,0,0
2023-06-24,1,0
2023-06-24,2,0
2023-06-24,3,0
2023-06-24,4,0
2023-06-24,5,0
2023-06-24,6,0
2023-06-24,7,0
2023-06-24,8,0
2023-06-24,9,0
2023-06-24,10,23
2023-06-24,11,21
2023-06-24,12,34
2023-06-24,13,34
2023-06-24,14,30
2023-06-24,15,20
2023-06-24,16,18
2023-06-24,17,21
2023-06-24,18,27
2023-06-24,19,36
2023-06-24,20,34
2023-06-24,21,36
2023-06-24,22,27
2023-06-24,23,36
2023-06-25,0,0
2023-06-25,1,0
2023-06-25,2,0
2023-06-25,3,0
2023-06-25,4,0
2023-06-25,5,0
2023-06-25,6,0
2023-06-25,7,0
2023-06-25,8,0
2023-06-25,9,0
2023-06-25,10,24
2023-06-25,11,22
2023-06-25,12,34
2023-06-25,13,28
2023-06-25,14,36
2023-06-25,15,18
2023-06-25,16,23
2023-06-25,17,24
2023-06-25,18,36
2023-06-25,19,28
2023-06-25,20,36
2023-06-25,21,36
2023-06-25,22,36
2023-06-25,23,33
2023-06-26,0,0
2023-06-26,1,0
2023-06-26,2,0
2023-06-26,3,0
2023-06-26,4,0
2023-06-26,5,0
2023-06-26,6,0
2023-06-26,7,0
2023-06-26,8,0
2023-06-26,9,0
2023-06-26,10,11
2023-06-26,11,13
2023-06-26,12,18
2023-06-26,13,19
2023-06-26,14,16
2023-06-26,15,9
2023-06-26,16,11
2023-06-26,17,13
2023-06-26,18,18
2023-06-26,19,13
2023-06-26,20,12
2023-06-26,21,15
2023-06-26,22,12
2023-06-26,23,19
2023-06-27,0,0
2023-06-27,1,0
2023-06-27,2,0
2023-06-27,3,0
2023-06-27,4,0
2023-06-27,5,0
2023-06-27,6,0
2023-06-27,7,0
2023-06-27,8,0
2023-06-27,9,0
2023-06-27,10,12
2023-06-27,11,8
2023-06-27,12,15
2023-06-27,13,13
2023-06-27,14,15
2023-06-27,15,8
2023-06-27,16,9
2023-06-27,17,9
2023-06-27,18,13
2023-06-27,19,18
2023-06-27,20,12
2023-06-27,21,16
2023-06-27,22,13
2023-06-27,23,15
2023-06-28,0,0
2023-06-28,1,0
2023-06-28,2,0
2023-06-28,3,0
2023-06-28,4,0
2023-06-28,5,0
2023-06-28,6,0
2023-06-28,7,0
2023-06-28,8,0
2023-06-28,9,0
2023-06-28,10,9
2023-06-28,11,12
2023-06-28,12,13
2023-06-28,13,18
2023-06-28,14,16
2023-06-28,15,11
2023-06-28,16,11
2023-06-28,17,8
2023-06-28,18,16
2023-06-28,19,16
2023-06-28,20,18
2023-06-28,21,18
2023-06-28,22,16
2023-06-28,23,15
2023-06-29,0,0
2023-06-29,1,0
2023-06-29,2,0
2023-06-29,3,0
2023-06-29,4,0
2023-06-29,5,0
2023-06-29,6,0
2023-06-29,7,0
2023-06-29,8,0
2023-06-29,9,0
2023-06-29,10,30
2023-06-29,11,38
2023-06-29,12,49
2023-06-29,13,52
2023-06-29,14,51
2023-06-29,15,32
2023-06-29,16,39
2023-06-29,17,33
2023-06-29,18,54
2023-06-29,19,48
2023-06-29,20,48
2023-06-29,21,46
2023-06-29,22,55
2023-06-29,23,45
2023-06-30,0,0
2023-06-30,1,0
2023-06-30,2,0
2023-06-30,3,0
2023-06-30,4,0
2023-06-30,5,0
2023-06-30,6,0
2023-06-30,7,0
2023-06-30,8,0
2023-06-30,9,0
2023-06-30,10,19
2023-06-30,11,21
2023-06-30,12,28
2023-06-30,13,30
2023-06-30,14,28
2023-06-30,15,23
2023-06-30,16,18
2023-06-30,17,21
2023-06-30,18,27
2023-06-30,19,36
2023-06-30,20,36
2023-06-30,21,33
2023-06-30,22,30
2023-06-30,23,30
2023-07-01,0,0
2023-07-01,1,0
2023-07-01,2,0
2023-07-01,3,0
2023-07-01,4,0
2023-07-01,5,0
2023-07-01,6,0
2023-07-01,7,0
2023-07-01,8,0
2023-07-01,9,0
2023-07-01,10,20
2023-07-01,11,20
2023-07-01,12,33
2023-07-01,13,36
2023-07-01,14,27
2023-07-01,15,24
2023-07-01,16,18
2023-07-01,17,22
2023-07-01,18,30
2023-07-01,19,30
2023-07-01,20,27
2023-07-01,21,27
2023-07-01,22,30
2023-07-01,23,31
2023-07-02,0,0
2023-07-02,1,0
2023-07-02,2,0
2023-07-02,3,0
2023-07-02,4,0
2023-07-02,5,0
2023-07-02,6,0
2023-07-02,7,0
2023-07-02,8,0
2023-07-02,9,0
2023-07-02,10,19
2023-07-02,11,24
2023-07-02,12,27
2023-07-02,13,36
2023-07-02,14,33
2023-07-02,15,24
2023-07-02,16,21
2023-07-02,17,18
2023-07-02,18,34
2023-07-02,19,27
2023-07-02,20,27
2023-07-02,21,33
2023-07-02,22,27
2023-07-02,23,34
2023-07-03,0,0
2023-07-03,1,0
2023-07-03,2,0
2023-07-03,3,0
2023-07-03,4,0
2023-07-03,5,0
2023-07-03,6,0
2023-07-03,7,0
2023-07-03,8,0
2023-07-03,9,0
2023-07-03,10,12
2023-07-03,11,11
2023-07-03,12,15
2023-07-03,13,13
2023-07-03,14,18
2023-07-03,15,13
2023-07-03,16,12
2023-07-03,17,8
2023-07-03,18,16
2023-07-03,19,12
2023-07-03,20,15
2023-07-03,21,13
2023-07-03,22,19
2023-07-03,23,19
2023-07-04,0,0
2023-07-04,1,0
2023-07-04,2,0
2023-07-04,3,0
2023-07-04,4,0
2023-07-04,5,0
2023-07-04,6,0
2023-07-04,7,0
2023-07-04,8,0
2023-07-04,9,0
2023-07-04,10,8
2023-07-04,11,9
2023-07-04,12,19
2023-07-04,13,16
2023-07-04,14,18
2023-07-04,15,13
2023-07-04,16,11
2023-07-04,17,13
2023-07-04,18,16
2023-07-04,19,13
2023-07-04,20,18
2023-07-04,21,18
2023-07-04,22,15
2023-07-04,23,12
2023-07-05,0,0
2023-07-05,1,0
2023-07-05,2,0
2023-07-05,3,0
2023-07-05,4,0
2023-07-05,5,0
2023-07-05,6,0
2023-07-05,7,0
2023-07-05,8,0
2023-07-05,9,0
2023-07-05,10,11
2023-07-05,11,12
2023-07-05,12,13
2023-07-05,13,19
2023-07-05,14,19
2023-07-05,15,13
2023-07-05,16,13
2023-07-05,17,10
2023-07-05,18,18
2023-07-05,19,13
2023-07-05,20,13
2023-07-05,21,12
2023-07-05,22,13
2023-07-05,23,15
2023-07-06,0,0
2023-07-06,1,0
2023-07-06,2,0
2023-07-06,3,0
2023-07-06,4,0
2023-07-06,5,0
2023-07-06,6,0
2023-07-06,7,0
2023-07-06,8,0
2023-07-06,9,0
2023-07-06,10,10
2023-07-06,11,8
2023-07-06,12,16
2023-07-06,13,16
2023-07-06,14,18
2023-07-06,15,11
2023-07-06,16,13
2023-07-06,17,13
2023-07-06,18,15
2023-07-06,19,16
2023-07-06,20,16
2023-07-06,21,19
2023-07-06,22,12
2023-07-06,23,18
2023-07-07,0,0
2023-07-07,1,0
2023-07-07,2,0
2023-07-07,3,0
2023-07-07,4,0
2023-07-07,5,0
2023-07-07,6,0
2023-07-07,7,0
2023-07-07,8,0
2023-07-07,9,0
2023-07-07,10,20
2023-07-07,11,20
2023-07-07,12,31
2023-07-07,13,33
2023-07-07,14,34
2023-07-07,15,18
2023-07-07,16,21
2023-07-07,17,20
2023-07-07,18,30
2023-07-07,19,33
2023-07-07,20,36
2023-07-07,21,33
2023-07-07,22,30
2023-07-07,23,33
2023-07-08,0,0
2023-07-08,1,0
2023-07-08,2,0
2023-07-08,3,0
2023-07-08,4,0
2023-07-08,5,0
2023-07-08,6,0
2023-07-08,7,0
2023-07-08,8,0
2023-07-08,9,0
2023-07-08,10,18
2023-07-08,11,22
2023-07-08,12,36
2023-07-08,13,28
2023-07-08,14,33
2023-07-08,15,22
2023-07-08,16,23
2023-07-08,17,21
2023-07-08,18,30
2023-07-08,19,34
2023-07-08,20,36
2023-07-08,21,36
2023-07-08,22,34
2023-07-08,23,33
2023-07-09,0,0
2023-07-09,1,0
2023-07-09,2,0
2023-07-09,3,0
2023-07-09,4,0
2023-07-09,5,0
2023-07-09,6,0
2023-07-09,7,0
2023-07-09,8,0
2023-07-09,9,0
2023-07-09,10,24
2023-07-09,11,22
2023-07-09,12,30
2023-07-09,13,34
2023-07-09,14,33
2023-07-09,15,22
2023-07-09,16,23
2023-07-09,17,21
2023-07-09,18,36
2023-07-09,19,30
2023-07-09,20,31
2023-07-09,21,27
2023-07-09,22,31
2023-07-09,23,28
2023-07-10,0,0
2023-07-10,1,0
2023-07-10,2,0
2023-07-10,3,0
2023-07-10,4,0
2023-07-10,5,0
2023-07-10,6,0
2023-07-10,7,0
2023-07-10,8,0
2023-07-10,9,0
2023-07-10,10,8
2023-07-10,11,11
2023-07-10,12,15
2023-07-10,13,15
2023-07-10,14,16
2023-07-10,15,10
2023-07-10,16,11
2023-07-10,17,12
2023-07-10,18,12
2023-07-10,19,16
2023-07-10,20,12
2023-07-10,21,19
2023-07-10,22,18
2023-07-10,23,18
2023-07-11,0,0
2023-07-11,1,0
2023-07-11,2,0
2023-07-11,3,0
2023-07-11,4,0
2023-07-11,5,0
2023-07-11,6,0
2023-07-11,7,0
2023-07-11,8,0
2023-07-11,9,0
2023-07-11,10,9
2023-07-11,11,8
2023-07-11,12,16
2023-07-11,13,13
2023-07-11,14,15
2023-07-11,15,10
2023-07-11,16,13
2023-07-11,17,11
2023-07-11,18,19
2023-07-11,19,13
2023-07-11,20,18
2023-07-11,21,13
2023-07-11,22,19
2023-07-11,23,12
2023-07-12,0,0
2023-07-12,1,0
2023-07-12,2,0
2023-07-12,3,0
2023-07-12,4,0
2023-07-12,5,0
2023-07-12,6,0
2023-07-12,7,0
2023-07-12,8,0
2023-07-12,9,0
2023-07-12,10,13
2023-07-12,11,8
2023-07-12,12,13
2023-07-12,13,13
2023-07-12,14,19
2023-07-12,15,12
2023-07-12,16,13
2023-07-12,17,12
2023-07-12,18,19
2023-07-12,19,15
2023-07-12,20,13
2023-07-12,21,12
2023-07-12,22,18
2023-07-12,23,13
2023-07-13,0,0
2023-07-13,1,0
2023-07-13,2,0
2023-07-13,3,0
2023-07-13,4,0
2023-07-13,5,0
2023-07-13,6,0
2023-07-13,7,0
2023-07-13,8,0
2023-07-13,9,0
2023-07-13,10,8
2023-07-13,11,9
2023-07-13,12,18
2023-07-13,13,15
2023-07-13,14,19
2023-07-13,15,11
2023-07-13,16,9
2023-07-13,17,12
2023-07-13,18,13
2023-07-13,19,19
2023-07-13,20,13
2023-07-13,21,12
2023-07-13,22,18
2023-07-13,23,13
2023-07-14,0,0
2023-07-14,1,0
2023-07-14,2,0
2023-07-14,3,0
2023-07-14,4,0
2023-07-14,5,0
2023-07-14,6,0
2023-07-14,7,0
2023-07-14,8,0
2023-07-14,9,0
2023-07-14,10,18
2023-07-14,11,23
2023-07-14,12,34
2023-07-14,13,33
2023-07-14,14,31
2023-07-14,15,22
2023-07-14,16,22
2023-07-14,17,20
2023-07-14,18,28
2023-07-14,19,27
2023-07-14,20,30
2023-07-14,21,27
2023-07-14,22,28
2023-07-14,23,27
2023-07-15,0,0
2023-07-15,1,0
2023-07-15,2,0
2023-07-15,3,0
2023-07-15,4,0
2023-07-15,5,0
2023-07-15,6,0
2023-07-15,7,0
2023-07-15,8,0
2023-07-15,9,0
2023-07-15,10,18
2023-07-15,11,20
2023-07-15,12,30
2023-07-15,13,28
2023-07-15,14,36
2023-07-15,15,20
2023-07-15,16,22
2023-07-15,17,19
2023-07-15,18,34
2023-07-15,19,34
2023-07-15,20,27
2023-07-15,21,31
2023-07-15,22,28
2023-07-15,23,33
2023-07-16,0,0
2023-07-16,1,0
2023-07-16,2,0
2023-07-16,3,0
2023-07-16,4,0
2023-07-16,5,0
2023-07-16,6,0
2023-07-16,7,0
2023-07-16,8,0
2023-07-16,9,0
2023-07-16,10,18
2023-07-16,11,20
2023-07-16,12,27
2023-07-16,13,28
2023-07-16,14,33
2023-07-16,15,18
2023-07-16,16,22
2023-07-16,17,23
2023-07-16,18,34
2023-07-16,19,33
2023-07-16,20,28
2023-07-16,21,34
2023-07-16,22,28
2023-07-16,23,36
2023-07-17,0,0
2023-07-17,1,0
2023-07-17,2,0
2023-07-17,3,0
2023-07-17,4,0
2023-07-17,5,0
2023-07-17,6,0
2023-07-17,7,0
2023-07-17,8,0
2023-07-17,9,0
2023-07-17,10,10
2023-07-17,11,10
2023-07-17,12,16
2023-07-17,13,13
2023-07-17,14,12
2023-07-17,15,8
2023-07-17,16,11
2023-07-17,17,11
2023-07-17,18,18
2023-07-17,19,13
2023-07-17,20,13
2023-07-17,21,19
2023-07-17,22,18
2023-07-17,23,15
2023-07-18,0,0
2023-07-18,1,0
2023-07-18,2,0
2023-07-18,3,0
2023-07-18,4,0
2023-07-18,5,0
2023-07-18,6,0
2023-07-18,7,0
2023-07-18,8,0
2023-07-18,9,0
2023-07-18,10,8
2023-07-18,11,9
2023-07-18,12,15
2023-07-18,13,16
2023-07-18,14,16
2023-07-18,15,10
2023-07-18,16,11
2023-07-18,17,8
2023-07-18,18,18
2023-07-18,19,15
2023-07-18,20,13
2023-07-18,21,16
2023-07-18,22,12
2023-07-18,23,15
2023-07-19,0,0
2023-07-19,1,0
2023-07-19,2,0
2023-07-19,3,0
2023-07-19,4,0
2023-07-19,5,0
2023-07-19,6,0
2023-07-19,7,0
2023-07-19,8,0
2023-07-19,9,0
2023-07-19,10,10
2023-07-19,11,11
2023-07-19,12,16
2023-07-19,13,18
2023-07-19,14,12
2023-07-19,15,10
2023-07-19,16,8
2023-07-19,17,12
2023-07-19,18,13
2023-07-19,19,18
2023-07-19,20,18
2023-07-19,21,19
2023-07-19,22,19
2023-07-19,23,12
2023-07-20,0,0
2023-07-20,1,0
2023-07-20,2,0
2023-07-20,3,0
2023-07-20,4,0
2023-07-20,5,0
2023-07-20,6,0
2023-07-20,7,0
2023-07-20,8,0
2023-07-20,9,0
2023-07-20,10,11
2023-07-20,11,8
2023-07-20,12,12
2023-07-20,13,15
2023-07-20,14,13
2023-07-20,15,9
2023-07-20,16,8
2023-07-20,17,12
2023-07-20,18,18
2023-07-20,19,15
2023-07-20,20,19
2023-07-20,21,16
2023-07-20,22,18
2023-07-20,23,16
2023-07-21,0,0
2023-07-21,1,0
2023-07-21,2,0
2023-07-21,3,0
2023-07-21,4,0
2023-07-21,5,0
2023-07-21,6,0
2023-07-21,7,0
2023-07-21,8,0
2023-07-21,9,0
2023-07-21,10,18
2023-07-21,11,21
2023-07-21,12,36
2023-07-21,13,34
2023-07-21,14,33
2023-07-21,15,24
2023-07-21,16,18
2023-07-21,17,21
2023-07-21,18,31
2023-07-21,19,33
2023-07-21,20,34
2023-07-21,21,27
2023-07-21,22,30
2023-07-21,23,36
2023-07-22,0,0
2023-07-22,1,0
2023-07-22,2,0
2023-07-22,3,0
2023-07-22,4,0
2023-07-22,5,0
2023-07-22,6,0
2023-07-22,7,0
2023-07-22,8,0
2023-07-22,9,0
2023-07-22,10,19
2023-07-22,11,23
2023-07-22,12,27
2023-07-22,13,36
2023-07-22,14,34
2023-07-22,15,24
2023-07-22,16,19
2023-07-22,17,21
2023-07-22,18,28
2023-07-22,19,34
2023-07-22,20,36
2023-07-22,21,33
2023-07-22,22,31
2023-07-22,23,27
2023-07-23,0,0
2023-07-23,1,0
2023-07-23,2,0
2023-07-23,3,0
2023-07-23,4,0
2023-07-23,5,0
2023-07-23,6,0
2023-07-23,7,0
2023-07-23,8,0
2023-07-23,9,0
2023-07-23,10,22
2023-07-23,11,23
2023-07-23,12,28
2023-07-23,13,27
2023-07-23,14,36
2023-07-23,15,22
2023-07-23,16,24
2023-07-23,17,21
2023-07-23,18,28
2023-07-23,19,27
2023-07-23,20,34
2023-07-23,21,30
2023-07-23,22,33
2023-07-23,23,34
2023-07-24,0,0
2023-07-24,1,0
2023-07-24,2,0
2023-07-24,3,0
2023-07-24,4,0
2023-07-24,5,0
2023-07-24,6,0
2023-07-24,7,0
2023-07-24,8,0
2023-07-24,9,0
2023-07-24,10,12
2023-07-24,11,12
2023-07-24,12,15
2023-07-24,13,12
2023-07-24,14,16
2023-07-24,15,13
2023-07-24,16,9
2023-07-24,17,12
2023-07-24,18,13
2023-07-24,19,12
2023-07-24,20,19
2023-07-24,21,13
2023-07-24,22,18
2023-07-24,23,12
2023-07-25,0,0
2023-07-25,1,0
2023-07-25,2,0
2023-07-25,3,0
2023-07-25,4,0
2023-07-25,5,0
2023-07-25,6,0
2023-07-25,7,0
2023-07-25,8,0
2023-07-25,9,0
2023-07-25,10,9
2023-07-25,11,12
2023-07-25,12,12
2023-07-25,13,16
2023-07-25,14,19
2023-07-25,15,11
2023-07-25,16,9
2023-07-25,17,9
2023-07-25,18,18
2023-07-25,19,12
2023-07-25,20,18
2023-07-25,21,19
2023-07-25,22,18
2023-07-25,23,19
2023-07-26,0,0
2023-07-26,1,0
2023-07-26,2,0
2023-07-26,3,0
2023-07-26,4,0
2023-07-26,5,0
2023-07-26,6,0
2023-07-26,7,0
2023-07-26,8,0
2023-07-26,9,0
2023-07-26,10,10
2023-07-26,11,9
2023-07-26,12,12
2023-07-26,13,13
2023-07-26,14,13
2023-07-26,15,8
2023-07-26,16,8
2023-07-26,17,13
2023-07-26,18,16
2023-07-26,19,19
2023-07-26,20,19
2023-07-26,21,16
2023-07-26,22,15
2023-07-26,23,13
2023-07-27,0,0
2023-07-27,1,0
2023-07-27,2,0
2023-07-27,3,0
2023-07-27,4,0
2023-07-27,5,0
2023-07-27,6,0
2023-07-27,7,0
2023-07-27,8,0
2023-07-27,9,0
2023-07-27,10,13
2023-07-27,11,12
2023-07-27,12,12
2023-07-27,13,18
2023-07-27,14,12
2023-07-27,15,10
2023-07-27,16,8
2023-07-27,17,8
2023-07-27,18,18
2023-07-27,19,18
2023-07-27,20,12
2023-07-27,21,16
2023-07-27,22,18
2023-07-27,23,12
2023-07-28,0,0
2023-07-28,1,0
2023-07-28,2,0
2023-07-28,3,0
2023-07-28,4,0
2023-07-28,5,0
2023-07-28,6,0
2023-07-28,7,0
2023-07-28,8,0
2023-07-28,9,0
2023-07-28,10,20
2023-07-28,11,21
2023-07-28,12,33
2023-07-28,13,36
2023-07-28,14,33
2023-07-28,15,24
2023-07-28,16,18
2023-07-28,17,21
2023-07-28,18,30
2023-07-28,19,31
2023-07-28,20,27
2023-07-28,21,27
2023-07-28,22,30
2023-07-28,23,34
2023-07-29,0,0
2023-07-29,1,0
2023-07-29,2,0
2023-07-29,3,0
2023-07-29,4,0
2023-07-29,5,0
2023-07-29,6,0
2023-07-29,7,0
2023-07-29,8,0
2023-07-29,9,0
2023-07-29,10,35
2023-07-29,11,37
2023-07-29,12,48
2023-07-29,13,58
2023-07-29,14,54
2023-07-29,15,31
2023-07-29,16,31
2023-07-29,17,38
2023-07-29,18,57
2023-07-29,19,54
2023-07-29,20,57
2023-07-29,21,52
2023-07-29,22,46
2023-07-29,23,57
2023-07-30,0,0
2023-07-30,1,0
2023-07-30,2,0
2023-07-30,3,0
2023-07-30,4,0
2023-07-30,5,0
2023-07-30,6,0
2023-07-30,7,0
2023-07-30,8,0
2023-07-30,9,0
2023-07-30,10,23
2023-07-30,11,22
2023-07-30,12,30
2023-07-30,13,28
2023-07-30,14,36
2023-07-30,15,22
2023-07-30,16,24
2023-07-30,17,22
2023-07-30,18,30
2023-07-30,19,30
2023-07-30,20,36
2023-07-30,21,27
2023-07-30,22,27
2023-07-30,23,34
2023-07-31,0,0
2023-07-31,1,0
2023-07-31,2,0
2023-07-31,3,0
2023-07-31,4,0
2023-07-31,5,0
2023-07-31,6,0
2023-07-31,7,0
2023-07-31,8,0
2023-07-31,9,0
2023-07-31,10,13
2023-07-31,11,9
2023-07-31,12,15
2023-07-31,13,18
2023-07-31,14,13
2023-07-31,15,12
2023-07-31,16,13
2023-07-31,17,11
2023-07-31,18,13
2023-07-31,19,18
2023-07-31,20,15
2023-07-31,21,19
2023-07-31,22,13
2023-07-31,23,18
2023-08-01,0,0
2023-08-01,1,0
2023-08-01,2,0
2023-08-01,3,0
2023-08-01,4,0
2023-08-01,5,0
2023-08-01,6,0
2023-08-01,7,0
2023-08-01,8,0
2023-08-01,9,0
2023-08-01,10,10
2023-08-01,11,12
2023-08-01,12,12
2023-08-01,13,16
2023-08-01,14,18
2023-08-01,15,8
2023-08-01,16,13
2023-08-01,17,8
2023-08-01,18,16
2023-08-01,19,16
2023-08-01,20,16
2023-08-01,21,18
2023-08-01,22,13
2023-08-01,23,13
2023-08-02,0,0
2023-08-02,1,0
2023-08-02,2,0
2023-08-02,3,0
2023-08-02,4,0
2023-08-02,5,0
2023-08-02,6,0
2023-08-02,7,0
2023-08-02,8,0
2023-08-02,9,0
2023-08-02,10,13
2023-08-02,11,8
2023-08-02,12,13
2023-08-02,13,12
2023-08-02,14,19
2023-08-02,15,11
2023-08-02,16,9
2023-08-02,17,13
2023-08-02,18,18
2023-08-02,19,18
2023-08-02,20,16
2023-08-02,21,13
2023-08-02,22,16
2023-08-02,23,16
2023-08-03,0,0
2023-08-03,1,0
2023-08-03,2,0
2023-08-03,3,0
2023-08-03,4,0
2023-08-03,5,0
2023-08-03,6,0
2023-08-03,7,0
2023-08-03,8,0
2023-08-03,9,0
2023-08-03,10,9
2023-08-03,11,8
2023-08-03,12,12
2023-08-03,13,16
2023-08-03,14,19
2023-08-03,15,13
2023-08-03,16,9
2023-08-03,17,9
2023-08-03,18,12
2023-08-03,19,12
2023-08-03,20,18
2023-08-03,21,19
2023-08-03,22,12
2023-08-03,23,12
2023-08-04,0,0
2023-08-04,1,0
2023-08-04,2,0
2023-08-04,3,0
2023-08-04,4,0
2023-08-04,5,0
2023-08-04,6,0
2023-08-04,7,0
2023-08-04,8,0
2023-08-04,9,0
2023-08-04,10,23
2023-08-04,11,20
2023-08-04,12,28
2023-08-04,13,30
2023-08-04,14,30
2023-08-04,15,22
2023-08-04,16,19
2023-08-04,17,20
2023-08-04,18,31
2023-08-04,19,31
2023-08-04,20,30
2023-08-04,21,36
2023-08-04,22,31
2023-08-04,23,34
2023-08-05,0,0
2023-08-05,1,0
2023-08-05,2,0
2023-08-05,3,0
2023-08-05,4,0
2023-08-05,5,0
2023-08-05,6,0
2023-08-05,7,0
2023-08-05,8,0
2023-08-05,9,0
2023-08-05,10,22
2023-08-05,11,24
2023-08-05,12,27
2023-08-05,13,30
2023-08-05,14,33
2023-08-05,15,18
2023-08-05,16,19
2023-08-05,17,23
2023-08-05,18,33
2023-08-05,19,28
2023-08-05,20,36
2023-08-05,21,28
2023-08-05,22,34
2023-08-05,23,28
2023-08-06,0,0
2023-08-06,1,0
2023-08-06,2,0
2023-08-06,3,0
2023-08-06,4,0
2023-08-06,5,0
2023-08-06,6,0
2023-08-06,7,0
2023-08-06,8,0
2023-08-06,9,0
2023-08-06,10,21
2023-08-06,11,19
2023-08-06,12,27
2023-08-06,13,33
2023-08-06,14,33
2023-08-06,15,21
2023-08-06,16,22
2023-08-06,17,19
2023-08-06,18,31
2023-08-06,19,33
2023-08-06,20,33
2023-08-06,21,31
2023-08-06,22,34
2023-08-06,23,33
2023-08-07,0,0
2023-08-07,1,0
2023-08-07,2,0
2023-08-07,3,0
2023-08-07,4,0
2023-08-07,5,0
2023-08-07,6,0
2023-08-07,7,0
2023-08-07,8,0
2023-08-07,9,0
2023-08-07,10,13
2023-08-07,11,8
2023-08-07,12,18
2023-08-07,13,19
2023-08-07,14,13
2023-08-07,15,9
2023-08-07,16,12
2023-08-07,17,8
2023-08-07,18,16
2023-08-07,19,12
2023-08-07,20,18
2023-08-07,21,18
2023-08-07,22,13
2023-08-07,23,15
2023-08-08,0,0
2023-08-08,1,0
2023-08-08,2,0
2023-08-08,3,0
2023-08-08,4,0
2023-08-08,5,0
2023-08-08,6,0
2023-08-08,7,0
2023-08-08,8,0
2023-08-08,9,0
2023-08-08,10,9
2023-08-08,11,9
2023-08-08,12,12
2023-08-08,13,18
2023-08-08,14,13
2023-08-08,15,9
2023-08-08,16,8
2023-08-08,17,8
2023-08-08,18,12
2023-08-08,19,13
2023-08-08,20,15
2023-08-08,21,12
2023-08-08,22,12
2023-08-08,23,16
2023-08-09,0,0
2023-08-09,1,0
2023-08-09,2,0
2023-08-09,3,0
2023-08-09,4,0
2023-08-09,5,0
2023-08-09,6,0
2023-08-09,7,0
2023-08-09,8,0
2023-08-09,9,0
2023-08-09,10,11
2023-08-09,11,11
2023-08-09,12,16
2023-08-09,13,13
2023-08-09,14,13
2023-08-09,15,9
2023-08-09,16,10
2023-08-09,17,13
2023-08-09,18,16
2023-08-09,19,12
2023-08-09,20,16
2023-08-09,21,19
2023-08-09,22,12
2023-08-09,23,18
2023-08-10,0,0
2023-08-10,1,0
2023-08-10,2,0
2023-08-10,3,0
2023-08-10,4,0
2023-08-10,5,0
2023-08-10,6,0
2023-08-10,7,0
2023-08-10,8,0
2023-08-10,9,0
2023-08-10,10,10
2023-08-10,11,10
2023-08-10,12,18
2023-08-10,13,12
2023-08-10,14,16
2023-08-10,15,13
2023-08-10,16,12
2023-08-10,17,13
2023-08-10,18,19
2023-08-10,19,18
2023-08-10,20,15
2023-08-10,21,12
2023-08-10,22,12
2023-08-10,23,13
2023-08-11,0,0
2023-08-11,1,0
2023-08-11,2,0
2023-08-11,3,0
2023-08-11,4,0
2023-08-11,5,0
2023-08-11,6,0
2023-08-11,7,0
2023-08-11,8,0
2023-08-11,9,0
2023-08-11,10,21
2023-08-11,11,19
2023-08-11,12,33
2023-08-11,13,34
2023-08-11,14,36
2023-08-11,15,23
2023-08-11,16,19
2023-08-11,17,22
2023-08-11,18,30
2023-08-11,19,27
2023-08-11,20,28
2023-08-11,21,36
2023-08-11,22,30
2023-08-11,23,30
2023-08-12,0,0
2023-08-12,1,0
2023-08-12,2,0
2023-08-12,3,0
2023-08-12,4,0
2023-08-12,5,0
2023-08-12,6,0
2023-08-12,7,0
2023-08-12,8,0
2023-08-12,9,0
2023-08-12,10,18
2023-08-12,11,19
2023-08-12,12,33
2023-08-12,13,34
2023-08-12,14,28
2023-08-12,15,23
2023-08-12,16,18
2023-08-12,17,19
2023-08-12,18,31
2023-08-12,19,33
2023-08-12,20,36
2023-08-12,21,36
2023-08-12,22,30
2023-08-12,23,31
2023-08-13,0,0
2023-08-13,1,0
2023-08-13,2,0
2023-08-13,3,0
2023-08-13,4,0
2023-08-13,5,0
2023-08-13,6,0
2023-08-13,7,0
2023-08-13,8,0
2023-08-13,9,0
2023-08-13,10,18
2023-08-13,11,19
2023-08-13,12,36
2023-08-13,13,33
2023-08-13,14,28
2023-08-13,15,24
2023-08-13,16,20
2023-08-13,17,22
2023-08-13,18,31
2023-08-13,19,28
2023-08-13,20,36
2023-08-13,21,33
2023-08-13,22,27
2023-08-13,23,31
2023-08-14,0,0
2023-08-14,1,0
2023-08-14,2,0
2023-08-14,3,0
2023-08-14,4,0
2023-08-14,5,0
2023-08-14,6,0
2023-08-14,7,0
2023-08-14,8,0
2023-08-14,9,0
2023-08-14,10,13
2023-08-14,11,13
2023-08-14,12,15
2023-08-14,13,19
2023-08-14,14,15
2023-08-14,15,8
2023-08-14,16,13
2023-08-14,17,10
2023-08-14,18,15
2023-08-14,19,13
2023-08-14,20,18
2023-08-14,21,18
2023-08-14,22,19
2023-08-14,23,19
2023-08-15,0,0
2023-08-15,1,0
2023-08-15,2,0
2023-08-15,3,0
2023-08-15,4,0
2023-08-15,5,0
2023-08-15,6,0
2023-08-15,7,0
2023-08-15,8,0
2023-08-15,9,0
2023-08-15,10,30
2023-08-15,11,37
2023-08-15,12,52
2023-08-15,13,49
2023-08-15,14,58
2023-08-15,15,30
2023-08-15,16,39
2023-08-15,17,31
2023-08-15,18,52
2023-08-15,19,58
2023-08-15,20,52
2023-08-15,21,46
2023-08-15,22,45
2023-08-15,23,52
2023-08-16,0,0
2023-08-16,1,0
2023-08-16,2,0
2023-08-16,3,0
2023-08-16,4,0
2023-08-16,5,0
2023-08-16,6,0
2023-08-16,7,0
2023-08-16,8,0
2023-08-16,9,0
2023-08-16,10,10
2023-08-16,11,12
2023-08-16,12,12
2023-08-16,13,13
2023-08-16,14,19
2023-08-16,15,11
2023-08-16,16,8
2023-08-16,17,10
2023-08-16,18,12
2023-08-16,19,12
2023-08-16,20,16
2023-08-16,21,19
2023-08-16,22,16
2023-08-16,23,15
2023-08-17,0,0
2023-08-17,1,0
2023-08-17,2,0
2023-08-17,3,0
2023-08-17,4,0
2023-08-17,5,0
2023-08-17,6,0
2023-08-17,7,0
2023-08-17,8,0
2023-08-17,9,0
2023-08-17,10,10
2023-08-17,11,12
2023-08-17,12,12
2023-08-17,13,13
2023-08-17,14,12
2023-08-17,15,8
2023-08-17,16,10
2023-08-17,17,8
2023-08-17,18,19
2023-08-17,19,19
2023-08-17,20,12
2023-08-17,21,18
2023-08-17,22,15
2023-08-17,23,18
2023-08-18,0,0
2023-08-18,1,0
2023-08-18,2,0
2023-08-18,3,0
2023-08-18,4,0
2023-08-18,5,0
2023-08-18,6,0
2023-08-18,7,0
2023-08-18,8,0
2023-08-18,9,0
2023-08-18,10,20
2023-08-18,11,21
2023-08-18,12,30
2023-08-18,13,28
2023-08-18,14,36
2023-08-18,15,20
2023-08-18,16,21
2023-08-18,17,21
2023-08-18,18,31
2023-08-18,19,36
2023-08-18,20,27
2023-08-18,21,34
2023-08-18,22,34
2023-08-18,23,36
2023-08-19,0,0
2023-08-19,1,0
2023-08-19,2,0
2023-08-19,3,0
2023-08-19,4,0
2023-08-19,5,0
2023-08-19,6,0
2023-08-19,7,0
2023-08-19,8,0
2023-08-19,9,0
2023-08-19,10,23
2023-08-19,11,24
2023-08-19,12,34
2023-08-19,13,36
2023-08-19,14,30
2023-08-19,15,23
2023-08-19,16,23
2023-08-19,17,24
2023-08-19,18,31
2023-08-19,19,28
2023-08-19,20,34
2023-08-19,21,36
2023-08-19,22,28
2023-08-19,23,27
2023-08-20,0,0
2023-08-20,1,0
2023-08-20,2,0
2023-08-20,3,0
2023-08-20,4,0
2023-08-20,5,0
2023-08-20,6,0
2023-08-20,7,0
2023-08-20,8,0
2023-08-20,9,0
2023-08-20,10,19
2023-08-20,11,24
2023-08-20,12,28
2023-08-20,13,33
2023-08-20,14,27
2023-08-20,15,19
2023-08-20,16,18
2023-08-20,17,18
2023-08-20,18,31
2023-08-20,19,27
2023-08-20,20,33
2023-08-20,21,28
2023-08-20,22,33
2023-08-20,23,33
2023-08-21,0,0
2023-08-21,1,0
2023-08-21,2,0
2023-08-21,3,0
2023-08-21,4,0
2023-08-21,5,0
2023-08-21,6,0
2023-08-21,7,0
2023-08-21,8,0
2023-08-21,9,0
2023-08-21,10,9
2023-08-21,11,11
2023-08-21,12,19
2023-08-21,13,18
2023-08-21,14,16
2023-08-21,15,11
2023-08-21,16,8
2023-08-21,17,12
2023-08-21,18,18
2023-08-21,19,16
2023-08-21,20,12
2023-08-21,21,19
2023-08-21,22,19
2023-08-21,23,18
2023-08-22,0,0
2023-08-22,1,0
2023-08-22,2,0
2023-08-22,3,0
2023-08-22,4,0
2023-08-22,5,0
2023-08-22,6,0
2023-08-22,7,0
2023-08-22,8,0
2023-08-22,9,0
2023-08-22,10,8
2023-08-22,11,11
2023-08-22,12,16
2023-08-22,13,12
2023-08-22,14,18
2023-08-22,15,9
2023-08-22,16,12
2023-08-22,17,9
2023-08-22,18,15
2023-08-22,19,16
2023-08-22,20,15
2023-08-22,21,18
2023-08-22,22,16
2023-08-22,23,16
2023-08-23,0,0
2023-08-23,1,0
2023-08-23,2,0
2023-08-23,3,0
2023-08-23,4,0
2023-08-23,5,0
2023-08-23,6,0
2023-08-23,7,0
2023-08-23,8,0
2023-08-23,9,0
2023-08-23,10,13
2023-08-23,11,13
2023-08-23,12,16
2023-08-23,13,12
2023-08-23,14,18
2023-08-23,15,13
2023-08-23,16,12
2023-08-23,17,10
2023-08-23,18,13
2023-08-23,19,19
2023-08-23,20,13
2023-08-23,21,16
2023-08-23,22,15
2023-08-23,23,19
2023-08-24,0,0
2023-08-24,1,0
2023-08-24,2,0
2023-08-24,3,0
2023-08-24,4,0
2023-08-24,5,0
2023-08-24,6,0
2023-08-24,7,0
2023-08-24,8,0
2023-08-24,9,0
2023-08-24,10,11
2023-08-24,11,13
2023-08-24,12,13
2023-08-24,13,15
2023-08-24,14,16
2023-08-24,15,13
2023-08-24,16,13
2023-08-24,17,8
2023-08-24,18,18
2023-08-24,19,18
2023-08-24,20,19
2023-08-24,21,15
2023-08-24,22,19
2023-08-24,23,13
2023-08-25,0,0
2023-08-25,1,0
2023-08-25,2,0
2023-08-25,3,0
2023-08-25,4,0
2023-08-25,5,0
2023-08-25,6,0
2023-08-25,7,0
2023-08-25,8,0
2023-08-25,9,0
2023-08-25,10,20
2023-08-25,11,19
2023-08-25,12,33
2023-08-25,13,28
2023-08-25,14,36
2023-08-25,15,22
2023-08-25,16,18
2023-08-25,17,18
2023-08-25,18,28
2023-08-25,19,34
2023-08-25,20,30
2023-08-25,21,36
2023-08-25,22,27
2023-08-25,23,30
2023-08-26,0,0
2023-08-26,1,0
2023-08-26,2,0
2023-08-26,3,0
2023-08-26,4,0
2023-08-26,5,0
2023-08-26,6,0
2023-08-26,7,0
2023-08-26,8,0
2023-08-26,9,0
2023-08-26,10,21
2023-08-26,11,22
2023-08-26,12,30
2023-08-26,13,34
2023-08-26,14,27
2023-08-26,15,20
2023-08-26,16,24
2023-08-26,17,19
2023-08-26,18,28
2023-08-26,19,31
2023-08-26,20,33
2023-08-26,21,28
2023-08-26,22,30
2023-08-26,23,33
2023-08-27,0,0
2023-08-27,1,0
2023-08-27,2,0
2023-08-27,3,0
2023-08-27,4,0
2023-08-27,5,0
2023-08-27,6,0
2023-08-27,7,0
2023-08-27,8,0
2023-08-27,9,0
2023-08-27,10,18
2023-08-27,11,23
2023-08-27,12,28
2023-08-27,13,30
2023-08-27,14,31
2023-08-27,15,20
2023-08-27,16,22
2023-08-27,17,18
2023-08-27,18,36
2023-08-27,19,31
2023-08-27,20,36
2023-08-27,21,28
2023-08-27,22,34
2023-08-27,23,33
2023-08-28,0,0
2023-08-28,1,0
2023-08-28,2,0
2023-08-28,3,0
2023-08-28,4,0
2023-08-28,5,0
2023-08-28,6,0
2023-08-28,7,0
2023-08-28,8,0
2023-08-28,9,0
2023-08-28,10,10
2023-08-28,11,8
2023-08-28,12,15
2023-08-28,13,19
2023-08-28,14,19
2023-08-28,15,9
2023-08-28,16,10
2023-08-28,17,10
2023-08-28,18,18
2023-08-28,19,15
2023-08-28,20,13
2023-08-28,21,16
2023-08-28,22,18
2023-08-28,23,12
2023-08-29,0,0
2023-08-29,1,0
2023-08-29,2,0
2023-08-29,3,0
2023-08-29,4,0
2023-08-29,5,0
2023-08-29,6,0
2023-08-29,7,0
2023-08-29,8,0
2023-08-29,9,0
2023-08-29,10,10
2023-08-29,11,13
2023-08-29,12,15
2023-08-29,13,13
2023-08-29,14,15
2023-08-29,15,11
2023-08-29,16,9
2023-08-29,17,13
2023-08-29,18,13
2023-08-29,19,12
2023-08-29,20,12
2023-08-29,21,18
2023-08-29,22,19
2023-08-29,23,15
2023-08-30,0,0
2023-08-30,1,0
2023-08-30,2,0
2023-08-30,3,0
2023-08-30,4,0
2023-08-30,5,0
2023-08-30,6,0
2023-08-30,7,0
2023-08-30,8,0
2023-08-30,9,0
2023-08-30,10,36
2023-08-30,11,37
2023-08-30,12,54
2023-08-30,13,55
2023-08-30,14,46
2023-08-30,15,38
2023-08-30,16,35
2023-08-30,17,32
2023-08-30,18,49
2023-08-30,19,58
2023-08-30,20,45
2023-08-30,21,54
2023-08-30,22,45
2023-08-30,23,55
2023-08-31,0,0
2023-08-31,1,0
2023-08-31,2,0
2023-08-31,3,0
2023-08-31,4,0
2023-08-31,5,0
2023-08-31,6,0
2023-08-31,7,0
2023-08-31,8,0
2023-08-31,9,0
2023-08-31,10,13
2023-08-31,11,12
2023-08-31,12,19
2023-08-31,13,18
2023-08-31,14,18
2023-08-31,15,12
2023-08-31,16,13
2023-08-31,17,11
2023-08-31,18,18
2023-08-31,19,18
2023-08-31,20,13
2023-08-31,21,12
2023-08-31,22,12
2023-08-31,23,13
2023-09-01,0,0
2023-09-01,1,0
2023-09-01,2,0
2023-09-01,3,0
2023-09-01,4,0
2023-09-01,5,0
2023-09-01,6,0
2023-09-01,7,0
2023-09-01,8,0
2023-09-01,9,0
2023-09-01,10,23
2023-09-01,11,22
2023-09-01,12,31
2023-09-01,13,30
2023-09-01,14,28
2023-09-01,15,22
2023-09-01,16,22
2023-09-01,17,23
2023-09-01,18,28
2023-09-01,19,28
2023-09-01,20,28
2023-09-01,21,34
2023-09-01,22,31
2023-09-01,23,31
2023-09-02,0,0
2023-09-02,1,0
2023-09-02,2,0
2023-09-02,3,0
2023-09-02,4,0
2023-09-02,5,0
2023-09-02,6,0
2023-09-02,7,0
2023-09-02,8,0
2023-09-02,9,0
2023-09-02,10,20
2023-09-02,11,22
2023-09-02,12,30
2023-09-02,13,33
2023-09-02,14,36
2023-09-02,15,18
2023-09-02,16,21
2023-09-02,17,23
2023-09-02,18,31
2023-09-02,19,34
2023-09-02,20,36
2023-09-02,21,27
2023-09-02,22,34
2023-09-02,23,34
2023-09-03,0,0
2023-09-03,1,0
2023-09-03,2,0
2023-09-03,3,0
2023-09-03,4,0
2023-09-03,5,0
2023-09-03,6,0
2023-09-03,7,0
2023-09-03,8,0
2023-09-03,9,0
2023-09-03,10,22
2023-09-03,11,21
2023-09-03,12,33
2023-09-03,13,27
2023-09-03,14,27
2023-09-03,15,18
2023-09-03,16,24
2023-09-03,17,21
2023-09-03,18,36
2023-09-03,19,28
2023-09-03,20,33
2023-09-03,21,34
2023-09-03,22,27
2023-09-03,23,28
2023-09-04,0,0
2023-09-04,1,0
2023-09-04,2,0
2023-09-04,3,0
2023-09-04,4,0
2023-09-04,5,0
2023-09-04,6,0
2023-09-04,7,0
2023-09-04,8,0
2023-09-04,9,0
2023-09-04,10,11
2023-09-04,11,9
2023-09-04,12,16
2023-09-04,13,15
2023-09-04,14,18
2023-09-04,15,10
2023-09-04,16,13
2023-09-04,17,8
2023-09-04,18,16
2023-09-04,19,16
2023-09-04,20,13
2023-09-04,21,18
2023-09-04,22,12
2023-09-04,23,19
2023-09-05,0,0
2023-09-05,1,0
2023-09-05,2,0
2023-09-05,3,0
2023-09-05,4,0
2023-09-05,5,0
2023-09-05,6,0
2023-09-05,7,0
2023-09-05,8,0
2023-09-05,9,0
2023-09-05,10,10
2023-09-05,11,10
2023-09-05,12,13
2023-09-05,13,15
2023-09-05,14,19
2023-09-05,15,12
2023-09-05,16,10
2023-09-05,17,13
2023-09-05,18,18
2023-09-05,19,13
2023-09-05,20,15
2023-09-05,21,16
2023-09-05,22,13
2023-09-05,23,16
2023-09-06,0,0
2023-09-06,1,0
2023-09-06,2,0
2023-09-06,3,0
2023-09-06,4,0
2023-09-06,5,0
2023-09-06,6,0
2023-09-06,7,0
2023-09-06,8,0
2023-09-06,9,0
2023-09-06,10,12
2023-09-06,11,11
2023-09-06,12,19
2023-09-06,13,13
2023-09-06,14,12
2023-09-06,15,9
2023-09-06,16,10
2023-09-06,17,11
2023-09-06,18,15
2023-09-06,19,12
2023-09-06,20,13
2023-09-06,21,15
2023-09-06,22,12
2023-09-06,23,12
2023-09-07,0,0
2023-09-07,1,0
2023-09-07,2,0
2023-09-07,3,0
2023-09-07,4,0
2023-09-07,5,0
2023-09-07,6,0
2023-09-07,7,0
2023-09-07,8,0
2023-09-07,9,0
2023-09-07,10,36
2023-09-07,11,31
2023-09-07,12,58
2023-09-07,13,49
2023-09-07,14,54
2023-09-07,15,35
2023-09-07,16,39
2023-09-07,17,37
2023-09-07,18,52
2023-09-07,19,46
2023-09-07,20,55
2023-09-07,21,45
2023-09-07,22,58
2023-09-07,23,48
2023-09-08,0,0
2023-09-08,1,0
2023-09-08,2,0
2023-09-08,3,0
2023-09-08,4,0
2023-09-08,5,0
2023-09-08,6,0
2023-09-08,7,0
2023-09-08,8,0
2023-09-08,9,0
2023-09-08,10,21
2023-09-08,11,18
2023-09-08,12,30
2023-09-08,13,34
2023-09-08,14,34
2023-09-08,15,22
2023-09-08,16,24
2023-09-08,17,18
2023-09-08,18,31
2023-09-08,19,34
2023-09-08,20,33
2023-09-08,21,30
2023-09-08,22,36
2023-09-08,23,31
2023-09-09,0,0
2023-09-09,1,0
2023-09-09,2,0
2023-09-09,3,0
2023-09-09,4,0
2023-09-09,5,0
2023-09-09,6,0
2023-09-09,7,0
2023-09-09,8,0
2023-09-09,9,0
2023-09-09,10,24
2023-09-09,11,19
2023-09-09,12,28
2023-09-09,13,34
2023-09-09,14,30
2023-09-09,15,19
2023-09-09,16,24
2023-09-09,17,24
2023-09-09,18,36
2023-09-09,19,33
2023-09-09,20,33
2023-09-09,21,27
2023-09-09,22,30
2023-09-09,23,33
2023-09-10,0,0
2023-09-10,1,0
2023-09-10,2,0
2023-09-10,3,0
2023-09-10,4,0
2023-09-10,5,0
2023-09-10,6,0
2023-09-10,7,0
2023-09-10,8,0
2023-09-10,9,0
2023-09-10,10,37
2023-09-10,11,38
2023-09-10,12,55
2023-09-10,13,52
2023-09-10,14,45
2023-09-10,15,33
2023-09-10,16,37
2023-09-10,17,36
2023-09-10,18,52
2023-09-10,19,51
2023-09-10,20,45
2023-09-10,21,45
2023-09-10,22,48
2023-09-10,23,48
2023-09-11,0,0
2023-09-11,1,0
2023-09-11,2,0
2023-09-11,3,0
2023-09-11,4,0
2023-09-11,5,0
2023-09-11,6,0
2023-09-11,7,0
2023-09-11,8,0
2023-09-11,9,0
2023-09-11,10,12
2023-09-11,11,11
2023-09-11,12,15
2023-09-11,13,18
2023-09-11,14,16
2023-09-11,15,9
2023-09-11,16,11
2023-09-11,17,9
2023-09-11,18,15
2023-09-11,19,12
2023-09-11,20,18
2023-09-11,21,12
2023-09-11,22,15
2023-09-11,23,18
2023-09-12,0,0
2023-09-12,1,0
2023-09-12,2,0
2023-09-12,3,0
2023-09-12,4,0
2023-09-12,5,0
2023-09-12,6,0
2023-09-12,7,0
2023-09-12,8,0
2023-09-12,9,0
2023-09-12,10,13
2023-09-12,11,13
2023-09-12,12,13
2023-09-12,13,15
2023-09-12,14,15
2023-09-12,15,10
2023-09-12,16,10
2023-09-12,17,12
2023-09-12,18,13
2023-09-12,19,16
2023-09-12,20,15
2023-09-12,21,15
2023-09-12,22,13
2023-09-12,23,19
2023-09-13,0,0
2023-09-13,1,0
2023-09-13,2,0
2023-09-13,3,0
2023-09-13,4,0
2023-09-13,5,0
2023-09-13,6,0
2023-09-13,7,0
2023-09-13,8,0
2023-09-13,9,0
2023-09-13,10,9
2023-09-13,11,10
2023-09-13,12,12
2023-09-13,13,16
2023-09-13,14,13
2023-09-13,15,10
2023-09-13,16,10
2023-09-13,17,8
2023-09-13,18,12
2023-09-13,19,18
2023-09-13,20,16
2023-09-13,21,19
2023-09-13,22,15
2023-09-13,23,13
2023-09-14,0,0
2023-09-14,1,0
2023-09-14,2,0
2023-09-14,3,0
2023-09-14,4,0
2023-09-14,5,0
2023-09-14,6,0
2023-09-14,7,0
2023-09-14,8,0
2023-09-14,9,0
2023-09-14,10,10
2023-09-14,11,13
2023-09-14,12,15
2023-09-14,13,13
2023-09-14,14,15
2023-09-14,15,9
2023-09-14,16,11
2023-09-14,17,12
2023-09-14,18,15
2023-09-14,19,19
2023-09-14,20,12
2023-09-14,21,16
2023-09-14,22,12
2023-09-14,23,12
2023-09-15,0,0
2023-09-15,1,0
2023-09-15,2,0
2023-09-15,3,0
2023-09-15,4,0
2023-09-15,5,0
2023-09-15,6,0
2023-09-15,7,0
2023-09-15,8,0
2023-09-15,9,0
2023-09-15,10,18
2023-09-15,11,24
2023-09-15,12,36
2023-09-15,13,30
2023-09-15,14,31
2023-09-15,15,19
2023-09-15,16,22
2023-09-15,17,23
2023-09-15,18,30
2023-09-15,19,27
2023-09-15,20,33
2023-09-15,21,30
2023-09-15,22,30
2023-09-15,23,31
2023-09-16,0,0
2023-09-16,1,0
2023-09-16,2,0
2023-09-16,3,0
2023-09-16,4,0
2023-09-16,5,0
2023-09-16,6,0
2023-09-16,7,0
2023-09-16,8,0
2023-09-16,9,0
2023-09-16,10,21
2023-09-16,11,19
2023-09-16,12,27
2023-09-16,13,34
2023-09-16,14,28
2023-09-16,15,19
2023-09-16,16,24
2023-09-16,17,19
2023-09-16,18,27
2023-09-16,19,31
2023-09-16,20,31
2023-09-16,21,34
2023-09-16,22,28
2023-09-16,23,33
2023-09-17,0,0
2023-09-17,1,0
2023-09-17,2,0
2023-09-17,3,0
2023-09-17,4,0
2023-09-17,5,0
2023-09-17,6,0
2023-09-17,7,0
2023-09-17,8,0
2023-09-17,9,0
2023-09-17,10,23
2023-09-17,11,23
2023-09-17,12,33
2023-09-17,13,36
2023-09-17,14,33
2023-09-17,15,19
2023-09-17,16,22
2023-09-17,17,22
2023-09-17,18,33
2023-09-17,19,30
2023-09-17,20,31
2023-09-17,21,27
2023-09-17,22,31
2023-09-17,23,34
2023-09-18,0,0
2023-09-18,1,0
2023-09-18,2,0
2023-09-18,3,0
2023-09-18,4,0
2023-09-18,5,0
2023-09-18,6,0
2023-09-18,7,0
2023-09-18,8,0
2023-09-18,9,0
2023-09-18,10,10
2023-09-18,11,11
2023-09-18,12,12
2023-09-18,13,12
2023-09-18,14,18
2023-09-18,15,11
2023-09-18,16,12
2023-09-18,17,9
2023-09-18,18,15
2023-09-18,19,18
2023-09-18,20,16
2023-09-18,21,16
2023-09-18,22,15
2023-09-18,23,12
2023-09-19,0,0
2023-09-19,1,0
2023-09-19,2,0
2023-09-19,3,0
2023-09-19,4,0
2023-09-19,5,0
2023-09-19,6,0
2023-09-19,7,0
2023-09-19,8,0
2023-09-19,9,0
2023-09-19,10,34
2023-09-19,11,35
2023-09-19,12,48
2023-09-19,13,54
2023-09-19,14,48
2023-09-19,15,35
2023-09-19,16,31
2023-09-19,17,37
2023-09-19,18,51
2023-09-19,19,58
2023-09-19,20,58
2023-09-19,21,51
2023-09-19,22,48
2023-09-19,23,57
2023-09-20,0,0
2023-09-20,1,0
2023-09-20,2,0
2023-09-20,3,0
2023-09-20,4,0
2023-09-20,5,0
2023-09-20,6,0
2023-09-20,7,0
2023-09-20,8,0
2023-09-20,9,0
2023-09-20,10,8
2023-09-20,11,8
2023-09-20,12,13
2023-09-20,13,13
2023-09-20,14,13
2023-09-20,15,12
2023-09-20,16,12
2023-09-20,17,13
2023-09-20,18,19
2023-09-20,19,16
2023-09-20,20,12
2023-09-20,21,15
2023-09-20,22,15
2023-09-20,23,16
2023-09-21,0,0
2023-09-21,1,0
2023-09-21,2,0
2023-09-21,3,0
2023-09-21,4,0
2023-09-21,5,0
2023-09-21,6,0
2023-09-21,7,0
2023-09-21,8,0
2023-09-21,9,0
2023-09-21,10,8
2023-09-21,11,9
2023-09-21,12,19
2023-09-21,13,15
2023-09-21,14,16
2023-09-21,15,8
2023-09-21,16,10
2023-09-21,17,10
2023-09-21,18,12
2023-09-21,19,18
2023-09-21,20,19
2023-09-21,21,12
2023-09-21,22,16
2023-09-21,23,19
2023-09-22,0,0
2023-09-22,1,0
2023-09-22,2,0
2023-09-22,3,0
2023-09-22,4,0
2023-09-22,5,0
2023-09-22,6,0
2023-09-22,7,0
2023-09-22,8,0
2023-09-22,9,0
2023-09-22,10,19
2023-09-22,11,21
2023-09-22,12,33
2023-09-22,13,30
2023-09-22,14,27
2023-09-22,15,22
2023-09-22,16,24
2023-09-22,17,19
2023-09-22,18,27
2023-09-22,19,30
2023-09-22,20,31
2023-09-22,21,28
2023-09-22,22,36
2023-09-22,23,28
2023-09-23,0,0
2023-09-23,1,0
2023-09-23,2,0
2023-09-23,3,0
2023-09-23,4,0
2023-09-23,5,0
2023-09-23,6,0
2023-09-23,7,0
2023-09-23,8,0
2023-09-23,9,0
2023-09-23,10,21
2023-09-23,11,23
2023-09-23,12,36
2023-09-23,13,27
2023-09-23,14,31
2023-09-23,15,21
2023-09-23,16,19
2023-09-23,17,22
2023-09-23,18,27
2023-09-23,19,36
2023-09-23,20,36
2023-09-23,21,36
2023-09-23,22,36
2023-09-23,23,30
2023-09-24,0,0
2023-09-24,1,0
2023-09-24,2,0
2023-09-24,3,0
2023-09-24,4,0
2023-09-24,5,0
2023-09-24,6,0
2023-09-24,7,0
2023-09-24,8,0
2023-09-24,9,0
2023-09-24,10,21
2023-09-24,11,19
2023-09-24,12,36
2023-09-24,13,30
2023-09-24,14,31
2023-09-24,15,24
2023-09-24,16,21
2023-09-24,17,18
2023-09-24,18,33
2023-09-24,19,27
2023-09-24,20,34
2023-09-24,21,33
2023-09-24,22,27
2023-09-24,23,31
2023-09-25,0,0
2023-09-25,1,0
2023-09-25,2,0
2023-09-25,3,0
2023-09-25,4,0
2023-09-25,5,0
2023-09-25,6,0
2023-09-25,7,0
2023-09-25,8,0
2023-09-25,9,0
2023-09-25,10,9
2023-09-25,11,9
2023-09-25,12,19
2023-09-25,13,19
2023-09-25,14,13
2023-09-25,15,12
2023-09-25,16,12
2023-09-25,17,13
2023-09-25,18,19
2023-09-25,19,13
2023-09-25,20,13
2023-09-25,21,15
2023-09-25,22,12
2023-09-25,23,18
2023-09-26,0,0
2023-09-26,1,0
2023-09-26,2,0
2023-09-26,3,0
2023-09-26,4,0
2023-09-26,5,0
2023-09-26,6,0
2023-09-26,7,0
2023-09-26,8,0
2023-09-26,9,0
2023-09-26,10,13
2023-09-26,11,9
2023-09-26,12,19
2023-09-26,13,13
2023-09-26,14,13
2023-09-26,15,10
2023-09-26,16,9
2023-09-26,17,12
2023-09-26,18,19
2023-09-26,19,15
2023-09-26,20,12
2023-09-26,21,18
2023-09-26,22,13
2023-09-26,23,19
2023-09-27,0,0
2023-09-27,1,0
2023-09-27,2,0
2023-09-27,3,0
2023-09-27,4,0
2023-09-27,5,0
2023-09-27,6,0
2023-09-27,7,0
2023-09-27,8,0
2023-09-27,9,0
2023-09-27,10,12
2023-09-27,11,13
2023-09-27,12,16
2023-09-27,13,12
2023-09-27,14,13
2023-09-27,15,9
2023-09-27,16,12
2023-09-27,17,10
2023-09-27,18,16
2023-09-27,19,19
2023-09-27,20,13
2023-09-27,21,15
2023-09-27,22,15
2023-09-27,23,12
2023-09-28,0,0
2023-09-28,1,0
2023-09-28,2,0
2023-09-28,3,0
2023-09-28,4,0
2023-09-28,5,0
2023-09-28,6,0
2023-09-28,7,0
2023-09-28,8,0
2023-09-28,9,0
2023-09-28,10,35
2023-09-28,11,37
2023-09-28,12,49
2023-09-28,13,45
2023-09-28,14,49
2023-09-28,15,35
2023-09-28,16,34
2023-09-28,17,31
2023-09-28,18,46
2023-09-28,19,58
2023-09-28,20,58
2023-09-28,21,48
2023-09-28,22,51
2023-09-28,23,55
2023-09-29,0,0
2023-09-29,1,0
2023-09-29,2,0
2023-09-29,3,0
2023-09-29,4,0
2023-09-29,5,0
2023-09-29,6,0
2023-09-29,7,0
2023-09-29,8,0
2023-09-29,9,0
2023-09-29,10,24
2023-09-29,11,22
2023-09-29,12,34
2023-09-29,13,33
2023-09-29,14,33
2023-09-29,15,23
2023-09-29,16,19
2023-09-29,17,23
2023-09-29,18,27
2023-09-29,19,28
2023-09-29,20,31
2023-09-29,21,36
2023-09-29,22,36
2023-09-29,23,27
2023-09-30,0,0
2023-09-30,1,0
2023-09-30,2,0
2023-09-30,3,0
2023-09-30,4,0
2023-09-30,5,0
2023-09-30,6,0
2023-09-30,7,0
2023-09-30,8,0
2023-09-30,9,0
2023-09-30,10,18
2023-09-30,11,21
2023-09-30,12,34
2023-09-30,13,30
2023-09-30,14,28
2023-09-30,15,20
2023-09-30,16,19
2023-09-30,17,23
2023-09-30,18,33
2023-09-30,19,30
2023-09-30,20,30
2023-09-30,21,27
2023-09-30,22,30
2023-09-30,23,34
2023-10-01,0,0
2023-10-01,1,0
2023-10-01,2,0
2023-10-01,3,0
2023-10-01,4,0
2023-10-01,5,0
2023-10-01,6,0
2023-10-01,7,0
2023-10-01,8,0
2023-10-01,9,0
2023-10-01,10,23
2023-10-01,11,24
2023-10-01,12,27
2023-10-01,13,30
2023-10-01,14,33
2023-10-01,15,18
2023-10-01,16,20
2023-10-01,17,23
2023-10-01,18,27
2023-10-01,19,31
2023-10-01,20,28
2023-10-01,21,33
2023-10-01,22,33
2023-10-01,23,30
2023-10-02,0,0
2023-10-02,1,0
2023-10-02,2,0
2023-10-02,3,0
2023-10-02,4,0
2023-10-02,5,0
2023-10-02,6,0
2023-10-02,7,0
2023-10-02,8,0
2023-10-02,9,0
2023-10-02,10,32
2023-10-02,11,30
2023-10-02,12,51
2023-10-02,13,54
2023-10-02,14,46
2023-10-02,15,36
2023-10-02,16,34
2023-10-02,17,30
2023-10-02,18,55
2023-10-02,19,54
2023-10-02,20,55
2023-10-02,21,46
2023-10-02,22,51
2023-10-02,23,52
2023-10-03,0,0
2023-10-03,1,0
2023-10-03,2,0
2023-10-03,3,0
2023-10-03,4,0
2023-10-03,5,0
2023-10-03,6,0
2023-10-03,7,0
2023-10-03,8,0
2023-10-03,9,0
2023-10-03,10,9
2023-10-03,11,11
2023-10-03,12,12
2023-10-03,13,13
2023-10-03,14,13
2023-10-03,15,9
2023-10-03,16,8
2023-10-03,17,9
2023-10-03,18,12
2023-10-03,19,18
2023-10-03,20,16
2023-10-03,21,19
2023-10-03,22,13
2023-10-03,23,16
2023-10-04,0,0
2023-10-04,1,0
2023-10-04,2,0
2023-10-04,3,0
2023-10-04,4,0
2023-10-04,5,0
2023-10-04,6,0
2023-10-04,7,0
2023-10-04,8,0
2023-10-04,9,0
2023-10-04,10,9
2023-10-04,11,8
2023-10-04,12,12
2023-10-04,13,16
2023-10-04,14,12
2023-10-04,15,12
2023-10-04,16,12
2023-10-04,17,10
2023-10-04,18,19
2023-10-04,19,16
2023-10-04,20,16
2023-10-04,21,15
2023-10-04,22,13
2023-10-04,23,16
2023-10-05,0,0
2023-10-05,1,0
2023-10-05,2,0
2023-10-05,3,0
2023-10-05,4,0
2023-10-05,5,0
2023-10-05,6,0
2023-10-05,7,0
2023-10-05,8,0
2023-10-05,9,0
2023-10-05,10,8
2023-10-05,11,9
2023-10-05,12,16
2023-10-05,13,19
2023-10-05,14,12
2023-10-05,15,11
2023-10-05,16,12
2023-10-05,17,10
2023-10-05,18,12
2023-10-05,19,18
2023-10-05,20,16
2023-10-05,21,16
2023-10-05,22,16
2023-10-05,23,12
2023-10-06,0,0
2023-10-06,1,0
2023-10-06,2,0
2023-10-06,3,0
2023-10-06,4,0
2023-10-06,5,0
2023-10-06,6,0
2023-10-06,7,0
2023-10-06,8,0
2023-10-06,9,0
2023-10-06,10,24
2023-10-06,11,21
2023-10-06,12,27
2023-10-06,13,34
2023-10-06,14,27
2023-10-06,15,21
2023-10-06,16,24
2023-10-06,17,24
2023-10-06,18,34
2023-10-06,19,36
2023-10-06,20,33
2023-10-06,21,31
2023-10-06,22,36
2023-10-06,23,28
2023-10-07,0,0
2023-10-07,1,0
2023-10-07,2,0
2023-10-07,3,0
2023-10-07,4,0
2023-10-07,5,0
2023-10-07,6,0
2023-10-07,7,0
2023-10-07,8,0
2023-10-07,9,0
2023-10-07,10,20
2023-10-07,11,23
2023-10-07,12,28
2023-10-07,13,34
2023-10-07,14,28
2023-10-07,15,21
2023-10-07,16,18
2023-10-07,17,24
2023-10-07,18,36
2023-10-07,19,28
2023-10-07,20,31
2023-10-07,21,27
2023-10-07,22,27
2023-10-07,23,34
2023-10-08,0,0
2023-10-08,1,0
2023-10-08,2,0
2023-10-08,3,0
2023-10-08,4,0
2023-10-08,5,0
2023-10-08,6,0
2023-10-08,7,0
2023-10-08,8,0
2023-10-08,9,0
2023-10-08,10,22
2023-10-08,11,22
2023-10-08,12,33
2023-10-08,13,27
2023-10-08,14,28
2023-10-08,15,24
2023-10-08,16,22
2023-10-08,17,19
2023-10-08,18,28
2023-10-08,19,36
2023-10-08,20,31
2023-10-08,21,31
2023-10-08,22,27
2023-10-08,23,36
2023-10-09,0,0
2023-10-09,1,0
2023-10-09,2,0
2023-10-09,3,0
2023-10-09,4,0
2023-10-09,5,0
2023-10-09,6,0
2023-10-09,7,0
2023-10-09,8,0
2023-10-09,9,0
2023-10-09,10,8
2023-10-09,11,10
2023-10-09,12,16
2023-10-09,13,19
2023-10-09,14,12
2023-10-09,15,11
2023-10-09,16,8
2023-10-09,17,12
2023-10-09,18,18
2023-10-09,19,15
2023-10-09,20,15
2023-10-09,21,19
2023-10-09,22,12
2023-10-09,23,15
2023-10-10,0,0
2023-10-10,1,0
2023-10-10,2,0
2023-10-10,3,0
2023-10-10,4,0
2023-10-10,5,0
2023-10-10,6,0
2023-10-10,7,0
2023-10-10,8,0
2023-10-10,9,0
2023-10-10,10,13
2023-10-10,11,9
2023-10-10,12,18
2023-10-10,13,19
2023-10-10,14,15
2023-10-10,15,8
2023-10-10,16,10
2023-10-10,17,8
2023-10-10,18,12
2023-10-10,19,18
2023-10-10,20,16
2023-10-10,21,13
2023-10-10,22,18
2023-10-10,23,18
2023-10-11,0,0
2023-10-11,1,0
2023-10-11,2,0
2023-10-11,3,0
2023-10-11,4,0
2023-10-11,5,0
2023-10-11,6,0
2023-10-11,7,0
2023-10-11,8,0
2023-10-11,9,0
2023-10-11,10,12
2023-10-11,11,10
2023-10-11,12,15
2023-10-11,13,13
2023-10-11,14,19
2023-10-11,15,11
2023-10-11,16,9
2023-10-11,17,11
2023-10-11,18,18
2023-10-11,19,15
2023-10-11,20,18
2023-10-11,21,12
2023-10-11,22,18
2023-10-11,23,12
2023-10-12,0,0
2023-10-12,1,0
2023-10-12,2,0
2023-10-12,3,0
2023-10-12,4,0
2023-10-12,5,0
2023-10-12,6,0
2023-10-12,7,0
2023-10-12,8,0
2023-10-12,9,0
2023-10-12,10,11
2023-10-12,11,11
2023-10-12,12,15
2023-10-12,13,16
2023-10-12,14,12
2023-10-12,15,13
2023-10-12,16,13
2023-10-12,17,13
2023-10-12,18,12
2023-10-12,19,19
2023-10-12,20,16
2023-10-12,21,18
2023-10-12,22,16
2023-10-12,23,16
2023-10-13,0,0
2023-10-13,1,0
2023-10-13,2,0
2023-10-13,3,0
2023-10-13,4,0
2023-10-13,5,0
2023-10-13,6,0
2023-10-13,7,0
2023-10-13,8,0
2023-10-13,9,0
2023-10-13,10,23
2023-10-13,11,24
2023-10-13,12,27
2023-10-13,13,36
2023-10-13,14,30
2023-10-13,15,22
2023-10-13,16,22
2023-10-13,17,18
2023-10-13,18,31
2023-10-13,19,34
2023-10-13,20,36
2023-10-13,21,34
2023-10-13,22,28
2023-10-13,23,28
2023-10-14,0,0
2023-10-14,1,0
2023-10-14,2,0
2023-10-14,3,0
2023-10-14,4,0
2023-10-14,5,0
2023-10-14,6,0
2023-10-14,7,0
2023-10-14,8,0
2023-10-14,9,0
2023-10-14,10,19
2023-10-14,11,18
2023-10-14,12,33
2023-10-14,13,36
2023-10-14,14,30
2023-10-14,15,22
2023-10-14,16,23
2023-10-14,17,19
2023-10-14,18,36
2023-10-14,19,30
2023-10-14,20,33
2023-10-14,21,34
2023-10-14,22,30
2023-10-14,23,34
2023-10-15,0,0
2023-10-15,1,0
2023-10-15,2,0
2023-10-15,3,0
2023-10-15,4,0
2023-10-15,5,0
2023-10-15,6,0
2023-10-15,7,0
2023-10-15,8,0
2023-10-15,9,0
2023-10-15,10,21
2023-10-15,11,24
2023-10-15,12,28
2023-10-15,13,33
2023-10-15,14,28
2023-10-15,15,19
2023-10-15,16,18
2023-10-15,17,19
2023-10-15,18,30
2023-10-15,19,36
2023-10-15,20,27
2023-10-15,21,34
2023-10-15,22,27
2023-10-15,23,27
2023-10-16,0,0
2023-10-16,1,0
2023-10-16,2,0
2023-10-16,3,0
2023-10-16,4,0
2023-10-16,5,0
2023-10-16,6,0
2023-10-16,7,0
2023-10-16,8,0
2023-10-16,9,0
2023-10-16,10,9
2023-10-16,11,12
2023-10-16,12,12
2023-10-16,13,13
2023-10-16,14,15
2023-10-16,15,11
2023-10-16,16,12
2023-10-16,17,10
2023-10-16,18,16
2023-10-16,19,18
2023-10-16,20,19
2023-10-16,21,13
2023-10-16,22,13
2023-10-16,23,15
2023-10-17,0,0
2023-10-17,1,0
2023-10-17,2,0
2023-10-17,3,0
2023-10-17,4,0
2023-10-17,5,0
2023-10-17,6,0
2023-10-17,7,0
2023-10-17,8,0
2023-10-17,9,0
2023-10-17,10,12
2023-10-17,11,9
2023-10-17,12,19
2023-10-17,13,16
2023-10-17,14,13
2023-10-17,15,8
2023-10-17,16,13
2023-10-17,17,11
2023-10-17,18,16
2023-10-17,19,15
2023-10-17,20,13
2023-10-17,21,13
2023-10-17,22,18
2023-10-17,23,13
2023-10-18,0,0
2023-10-18,1,0
2023-10-18,2,0
2023-10-18,3,0
2023-10-18,4,0
2023-10-18,5,0
2023-10-18,6,0
2023-10-18,7,0
2023-10-18,8,0
2023-10-18,9,0
2023-10-18,10,10
2023-10-18,11,11
2023-10-18,12,19
2023-10-18,13,13
2023-10-18,14,15
2023-10-18,15,13
2023-10-18,16,10
2023-10-18,17,13
2023-10-18,18,15
2023-10-18,19,12
2023-10-18,20,12
2023-10-18,21,18
2023-10-18,22,13
2023-10-18,23,18
2023-10-19,0,0
2023-10-19,1,0
2023-10-19,2,0
2023-10-19,3,0
2023-10-19,4,0
2023-10-19,5,0
2023-10-19,6,0
2023-10-19,7,0
2023-10-19,8,0
2023-10-19,9,0
2023-10-19,10,9
2023-10-19,11,13
2023-10-19,12,19
2023-10-19,13,13
2023-10-19,14,18
2023-10-19,15,9
2023-10-19,16,11
2023-10-19,17,12
2023-10-19,18,18
2023-10-19,19,15
2023-10-19,20,15
2023-10-19,21,16
2023-10-19,22,15
2023-10-19,23,18
2023-10-20,0,0
2023-10-20,1,0
2023-10-20,2,0
2023-10-20,3,0
2023-10-20,4,0
2023-10-20,5,0
2023-10-20,6,0
2023-10-20,7,0
2023-10-20,8,0
2023-10-20,9,0
2023-10-20,10,23
2023-10-20,11,20
2023-10-20,12,27
2023-10-20,13,28
2023-10-20,14,36
2023-10-20,15,20
2023-10-20,16,21
2023-10-20,17,22
2023-10-20,18,33
2023-10-20,19,31
2023-10-20,20,27
2023-10-20,21,34
2023-10-20,22,33
2023-10-20,23,33
2023-10-21,0,0
2023-10-21,1,0
2023-10-21,2,0
2023-10-21,3,0
2023-10-21,4,0
2023-10-21,5,0
2023-10-21,6,0
2023-10-21,7,0
2023-10-21,8,0
2023-10-21,9,0
2023-10-21,10,24
2023-10-21,11,21
2023-10-21,12,34
2023-10-21,13,36
2023-10-21,14,33
2023-10-21,15,24
2023-10-21,16,19
2023-10-21,17,23
2023-10-21,18,33
2023-10-21,19,33
2023-10-21,20,31
2023-10-21,21,30
2023-10-21,22,28
2023-10-21,23,36
2023-10-22,0,0
2023-10-22,1,0
2023-10-22,2,0
2023-10-22,3,0
2023-10-22,4,0
2023-10-22,5,0
2023-10-22,6,0
2023-10-22,7,0
2023-10-22,8,0
2023-10-22,9,0
2023-10-22,10,18
2023-10-22,11,18
2023-10-22,12,36
2023-10-22,13,31
2023-10-22,14,28
2023-10-22,15,22
2023-10-22,16,20
2023-10-22,17,22
2023-10-22,18,30
2023-10-22,19,28
2023-10-22,20,30
2023-10-22,21,30
2023-10-22,22,28
2023-10-22,23,33
2023-10-23,0,0
2023-10-23,1,0
2023-10-23,2,0
2023-10-23,3,0
2023-10-23,4,0
2023-10-23,5,0
2023-10-23,6,0
2023-10-23,7,0
2023-10-23,8,0
2023-10-23,9,0
2023-10-23,10,13
2023-10-23,11,11
2023-10-23,12,18
2023-10-23,13,16
2023-10-23,14,12
2023-10-23,15,12
2023-10-23,16,13
2023-10-23,17,13
2023-10-23,18,19
2023-10-23,19,19
2023-10-23,20,13
2023-10-23,21,16
2023-10-23,22,19
2023-10-23,23,16
2023-10-24,0,0
2023-10-24,1,0
2023-10-24,2,0
2023-10-24,3,0
2023-10-24,4,0
2023-10-24,5,0
2023-10-24,6,0
2023-10-24,7,0
2023-10-24,8,0
2023-10-24,9,0
2023-10-24,10,30
2023-10-24,11,35
2023-10-24,12,55
2023-10-24,13,46
2023-10-24,14,49
2023-10-24,15,35
2023-10-24,16,38
2023-10-24,17,33
2023-10-24,18,57
2023-10-24,19,55
2023-10-24,20,51
2023-10-24,21,54
2023-10-24,22,52
2023-10-24,23,58
2023-10-25,0,0
2023-10-25,1,0
2023-10-25,2,0
2023-10-25,3,0
2023-10-25,4,0
2023-10-25,5,0
2023-10-25,6,0
2023-10-25,7,0
2023-10-25,8,0
2023-10-25,9,0
2023-10-25,10,10
2023-10-25,11,13
2023-10-25,12,19
2023-10-25,13,15
2023-10-25,14,12
2023-10-25,15,13
2023-10-25,16,13
2023-10-25,17,9
2023-10-25,18,16
2023-10-25,19,13
2023-10-25,20,15
2023-10-25,21,19
2023-10-25,22,18
2023-10-25,23,15
2023-10-26,0,0
2023-10-26,1,0
2023-10-26,2,0
2023-10-26,3,0
2023-10-26,4,0
2023-10-26,5,0
2023-10-26,6,0
2023-10-26,7,0
2023-10-26,8,0
2023-10-26,9,0
2023-10-26,10,8
2023-10-26,11,10
2023-10-26,12,18
2023-10-26,13,15
2023-10-26,14,19
2023-10-26,15,12
2023-10-26,16,12
2023-10-26,17,9
2023-10-26,18,18
2023-10-26,19,15
2023-10-26,20,15
2023-10-26,21,16
2023-10-26,22,13
2023-10-26,23,15
2023-10-27,0,0
2023-10-27,1,0
2023-10-27,2,0
2023-10-27,3,0
2023-10-27,4,0
2023-10-27,5,0
2023-10-27,6,0
2023-10-27,7,0
2023-10-27,8,0
2023-10-27,9,0
2023-10-27,10,22
2023-10-27,11,23
2023-10-27,12,34
2023-10-27,13,28
2023-10-27,14,28
2023-10-27,15,23
2023-10-27,16,20
2023-10-27,17,21
2023-10-27,18,30
2023-10-27,19,31
2023-10-27,20,30
2023-10-27,21,36
2023-10-27,22,33
2023-10-27,23,30
2023-10-28,0,0
2023-10-28,1,0
2023-10-28,2,0
2023-10-28,3,0
2023-10-28,4,0
2023-10-28,5,0
2023-10-28,6,0
2023-10-28,7,0
2023-10-28,8,0
2023-10-28,9,0
2023-10-28,10,23
2023-10-28,11,18
2023-10-28,12,30
2023-10-28,13,34
2023-10-28,14,31
2023-10-28,15,19
2023-10-28,16,24
2023-10-28,17,22
2023-10-28,18,27
2023-10-28,19,27
2023-10-28,20,28
2023-10-28,21,36
2023-10-28,22,28
2023-10-28,23,31
2023-10-29,0,0
2023-10-29,1,0
2023-10-29,2,0
2023-10-29,3,0
2023-10-29,4,0
2023-10-29,5,0
2023-10-29,6,0
2023-10-29,7,0
2023-10-29,8,0
2023-10-29,9,0
2023-10-29,10,21
2023-10-29,11,21
2023-10-29,12,36
2023-10-29,13,34
2023-10-29,14,27
2023-10-29,15,19
2023-10-29,16,24
2023-10-29,17,22
2023-10-29,18,33
2023-10-29,19,33
2023-10-29,20,36
2023-10-29,21,31
2023-10-29,22,28
2023-10-29,23,36
2023-10-30,0,0
2023-10-30,1,0
2023-10-30,2,0
2023-10-30,3,0
2023-10-30,4,0
2023-10-30,5,0
2023-10-30,6,0
2023-10-30,7,0
2023-10-30,8,0
2023-10-30,9,0
2023-10-30,10,9
2023-10-30,11,8
2023-10-30,12,18
2023-10-30,13,15
2023-10-30,14,18
2023-10-30,15,8
2023-10-30,16,13
2023-10-30,17,8
2023-10-30,18,18
2023-10-30,19,15
2023-10-30,20,18
2023-10-30,21,19
2023-10-30,22,15
2023-10-30,23,15
2023-10-31,0,0
2023-10-31,1,0
2023-10-31,2,0
2023-10-31,3,0
2023-10-31,4,0
2023-10-31,5,0
2023-10-31,6,0
2023-10-31,7,0
2023-10-31,8,0
2023-10-31,9,0
2023-10-31,10,11
2023-10-31,11,9
2023-10-31,12,13
2023-10-31,13,13
2023-10-31,14,15
2023-10-31,15,11
2023-10-31,16,12
2023-10-31,17,11
2023-10-31,18,19
2023-10-31,19,15
2023-10-31,20,16
2023-10-31,21,13
2023-10-31,22,15
2023-10-31,23,12
2023-11-01,0,0
2023-11-01,1,0
2023-11-01,2,0
2023-11-01,3,0
2023-11-01,4,0
2023-11-01,5,0
2023-11-01,6,0
2023-11-01,7,0
2023-11-01,8,0
2023-11-01,9,0
2023-11-01,10,13
2023-11-01,11,9
2023-11-01,12,18
2023-11-01,13,12
2023-11-01,14,15
2023-11-01,15,11
2023-11-01,16,11
2023-11-01,17,12
2023-11-01,18,19
2023-11-01,19,19
2023-11-01,20,15
2023-11-01,21,19
2023-11-01,22,15
2023-11-01,23,19
2023-11-02,0,0
2023-11-02,1,0
2023-11-02,2,0
2023-11-02,3,0
2023-11-02,4,0
2023-11-02,5,0
2023-11-02,6,0
2023-11-02,7,0
2023-11-02,8,0
2023-11-02,9,0
2023-11-02,10,10
2023-11-02,11,9
2023-11-02,12,15
2023-11-02,13,12
2023-11-02,14,19
2023-11-02,15,9
2023-11-02,16,11
2023-11-02,17,13
2023-11-02,18,19
2023-11-02,19,15
2023-11-02,20,18
2023-11-02,21,13
2023-11-02,22,16
2023-11-02,23,12
2023-11-03,0,0
2023-11-03,1,0
2023-11-03,2,0
2023-11-03,3,0
2023-11-03,4,0
2023-11-03,5,0
2023-11-03,6,0
2023-11-03,7,0
2023-11-03,8,0
2023-11-03,9,0
2023-11-03,10,19
2023-11-03,11,20
2023-11-03,12,30
2023-11-03,13,30
2023-11-03,14,33
2023-11-03,15,24
2023-11-03,16,21
2023-11-03,17,21
2023-11-03,18,27
2023-11-03,19,28
2023-11-03,20,36
2023-11-03,21,31
2023-11-03,22,36
2023-11-03,23,36
2023-11-04,0,0
2023-11-04,1,0
2023-11-04,2,0
2023-11-04,3,0
2023-11-04,4,0
2023-11-04,5,0
2023-11-04,6,0
2023-11-04,7,0
2023-11-04,8,0
2023-11-04,9,0
2023-11-04,10,22
2023-11-04,11,20
2023-11-04,12,28
2023-11-04,13,34
2023-11-04,14,36
2023-11-04,15,19
2023-11-04,16,23
2023-11-04,17,18
2023-11-04,18,28
2023-11-04,19,27
2023-11-04,20,31
2023-11-04,21,28
2023-11-04,22,34
2023-11-04,23,34
2023-11-05,0,0
2023-11-05,1,0
2023-11-05,2,0
2023-11-05,3,0
2023-11-05,4,0
2023-11-05,5,0
2023-11-05,6,0
2023-11-05,7,0
2023-11-05,8,0
2023-11-05,9,0
2023-11-05,10,19
2023-11-05,11,20
2023-11-05,12,34
2023-11-05,13,36
2023-11-05,14,33
2023-11-05,15,18
2023-11-05,16,23
2023-11-05,17,20
2023-11-05,18,34
2023-11-05,19,33
2023-11-05,20,28
2023-11-05,21,36
2023-11-05,22,34
2023-11-05,23,28
2023-11-06,0,0
2023-11-06,1,0
2023-11-06,2,0
2023-11-06,3,0
2023-11-06,4,0
2023-11-06,5,0
2023-11-06,6,0
2023-11-06,7,0
2023-11-06,8,0
2023-11-06,9,0
2023-11-06,10,9
2023-11-06,11,10
2023-11-06,12,16
2023-11-06,13,19
2023-11-06,14,15
2023-11-06,15,8
2023-11-06,16,9
2023-11-06,17,11
2023-11-06,18,13
2023-11-06,19,12
2023-11-06,20,12
2023-11-06,21,12
2023-11-06,22,13
2023-11-06,23,18
2023-11-07,0,0
2023-11-07,1,0
2023-11-07,2,0
2023-11-07,3,0
2023-11-07,4,0
2023-11-07,5,0
2023-11-07,6,0
2023-11-07,7,0
2023-11-07,8,0
2023-11-07,9,0
2023-11-07,10,10
2023-11-07,11,11
2023-11-07,12,13
2023-11-07,13,13
2023-11-07,14,12
2023-11-07,15,8
2023-11-07,16,10
2023-11-07,17,10
2023-11-07,18,13
2023-11-07,19,15
2023-11-07,20,16
2023-11-07,21,19
2023-11-07,22,16
2023-11-07,23,15
2023-11-08,0,0
2023-11-08,1,0
2023-11-08,2,0
2023-11-08,3,0
2023-11-08,4,0
2023-11-08,5,0
2023-11-08,6,0
2023-11-08,7,0
2023-11-08,8,0
2023-11-08,9,0
2023-11-08,10,13
2023-11-08,11,12
2023-11-08,12,13
2023-11-08,13,19
2023-11-08,14,16
2023-11-08,15,10
2023-11-08,16,9
2023-11-08,17,11
2023-11-08,18,15
2023-11-08,19,19
2023-11-08,20,15
2023-11-08,21,13
2023-11-08,22,12
2023-11-08,23,19
2023-11-09,0,0
2023-11-09,1,0
2023-11-09,2,0
2023-11-09,3,0
2023-11-09,4,0
2023-11-09,5,0
2023-11-09,6,0
2023-11-09,7,0
2023-11-09,8,0
2023-11-09,9,0
2023-11-09,10,8
2023-11-09,11,9
2023-11-09,12,16
2023-11-09,13,13
2023-11-09,14,16
2023-11-09,15,13
2023-11-09,16,11
2023-11-09,17,13
2023-11-09,18,12
2023-11-09,19,12
2023-11-09,20,18
2023-11-09,21,15
2023-11-09,22,12
2023-11-09,23,18
2023-11-10,0,0
2023-11-10,1,0
2023-11-10,2,0
2023-11-10,3,0
2023-11-10,4,0
2023-11-10,5,0
2023-11-10,6,0
2023-11-10,7,0
2023-11-10,8,0
2023-11-10,9,0
2023-11-10,10,22
2023-11-10,11,21
2023-11-10,12,33
2023-11-10,13,30
2023-11-10,14,33
2023-11-10,15,21
2023-11-10,16,22
2023-11-10,17,18
2023-11-10,18,31
2023-11-10,19,27
2023-11-10,20,28
2023-11-10,21,28
2023-11-10,22,30
2023-11-10,23,30
2023-11-11,0,0
2023-11-11,1,0
2023-11-11,2,0
2023-11-11,3,0
2023-11-11,4,0
2023-11-11,5,0
2023-11-11,6,0
2023-11-11,7,0
2023-11-11,8,0
2023-11-11,9,0
2023-11-11,10,19
2023-11-11,11,19
2023-11-11,12,27
2023-11-11,13,34
2023-11-11,14,33
2023-11-11,15,23
2023-11-11,16,20
2023-11-11,17,18
2023-11-11,18,28
2023-11-11,19,31
2023-11-11,20,31
2023-11-11,21,36
2023-11-11,22,27
2023-11-11,23,33
2023-11-12,0,0
2023-11-12,1,0
2023-11-12,2,0
2023-11-12,3,0
2023-11-12,4,0
2023-11-12,5,0
2023-11-12,6,0
2023-11-12,7,0
2023-11-12,8,0
2023-11-12,9,0
2023-11-12,10,33
2023-11-12,11,39
2023-11-12,12,57
2023-11-12,13,54
2023-11-12,14,45
2023-11-12,15,35
2023-11-12,16,38
2023-11-12,17,39
2023-11-12,18,58
2023-11-12,19,57
2023-11-12,20,46
2023-11-12,21,52
2023-11-12,22,54
2023-11-12,23,55
2023-11-13,0,0
2023-11-13,1,0
2023-11-13,2,0
2023-11-13,3,0
2023-11-13,4,0
2023-11-13,5,0
2023-11-13,6,0
2023-11-13,7,0
2023-11-13,8,0
2023-11-13,9,0
2023-11-13,10,11
2023-11-13,11,10
2023-11-13,12,16
2023-11-13,13,19
2023-11-13,14,16
2023-11-13,15,13
2023-11-13,16,10
2023-11-13,17,13
2023-11-13,18,18
2023-11-13,19,16
2023-11-13,20,13
2023-11-13,21,15
2023-11-13,22,12
2023-11-13,23,12
2023-11-14,0,0
2023-11-14,1,0
2023-11-14,2,0
2023-11-14,3,0
2023-11-14,4,0
2023-11-14,5,0
2023-11-14,6,0
2023-11-14,7,0
2023-11-14,8,0
2023-11-14,9,0
2023-11-14,10,32
2023-11-14,11,32
2023-11-14,12,52
2023-11-14,13,49
2023-11-14,14,45
2023-11-14,15,31
2023-11-14,16,31
2023-11-14,17,37
2023-11-14,18,49
2023-11-14,19,55
2023-11-14,20,58
2023-11-14,21,49
2023-11-14,22,49
2023-11-14,23,54
2023-11-15,0,0
2023-11-15,1,0
2023-11-15,2,0
2023-11-15,3,0
2023-11-15,4,0
2023-11-15,5,0
2023-11-15,6,0
2023-11-15,7,0
2023-11-15,8,0
2023-11-15,9,0
2023-11-15,10,9
2023-11-15,11,8
2023-11-15,12,19
2023-11-15,13,16
2023-11-15,14,19
2023-11-15,15,10
2023-11-15,16,9
2023-11-15,17,12
2023-11-15,18,12
2023-11-15,19,13
2023-11-15,20,18
2023-11-15,21,19
2023-11-15,22,13
2023-11-15,23,16
2023-11-16,0,0
2023-11-16,1,0
2023-11-16,2,0
2023-11-16,3,0
2023-11-16,4,0
2023-11-16,5,0
2023-11-16,6,0
2023-11-16,7,0
2023-11-16,8,0
2023-11-16,9,0
2023-11-16,10,13
2023-11-16,11,12
2023-11-16,12,19
2023-11-16,13,15
2023-11-16,14,18
2023-11-16,15,13
2023-11-16,16,13
2023-11-16,17,8
2023-11-16,18,13
2023-11-16,19,16
2023-11-16,20,12
2023-11-16,21,13
2023-11-16,22,13
2023-11-16,23,19
2023-11-17,0,0
2023-11-17,1,0
2023-11-17,2,0
2023-11-17,3,0
2023-11-17,4,0
2023-11-17,5,0
2023-11-17,6,0
2023-11-17,7,0
2023-11-17,8,0
2023-11-17,9,0
2023-11-17,10,23
2023-11-17,11,20
2023-11-17,12,27
2023-11-17,13,31
2023-11-17,14,28
2023-11-17,15,22
2023-11-17,16,20
2023-11-17,17,18
2023-11-17,18,27
2023-11-17,19,30
2023-11-17,20,33
2023-11-17,21,27
2023-11-17,22,28
2023-11-17,23,31
2023-11-18,0,0
2023-11-18,1,0
2023-11-18,2,0
2023-11-18,3,0
2023-11-18,4,0
2023-11-18,5,0
2023-11-18,6,0
2023-11-18,7,0
2023-11-18,8,0
2023-11-18,9,0
2023-11-18,10,19
2023-11-18,11,24
2023-11-18,12,28
2023-11-18,13,30
2023-11-18,14,28
2023-11-18,15,23
2023-11-18,16,18
2023-11-18,17,22
2023-11-18,18,27
2023-11-18,19,36
2023-11-18,20,27
2023-11-18,21,34
2023-11-18,22,34
2023-11-18,23,28
2023-11-19,0,0
2023-11-19,1,0
2023-11-19,2,0
2023-11-19,3,0
2023-11-19,4,0
2023-11-19,5,0
2023-11-19,6,0
2023-11-19,7,0
2023-11-19,8,0
2023-11-19,9,0
2023-11-19,10,22
2023-11-19,11,22
2023-11-19,12,28
2023-11-19,13,28
2023-11-19,14,34
2023-11-19,15,23
2023-11-19,16,22
2023-11-19,17,22
2023-11-19,18,36
2023-11-19,19,30
2023-11-19,20,27
2023-11-19,21,30
2023-11-19,22,27
2023-11-19,23,33
2023-11-20,0,0
2023-11-20,1,0
2023-11-20,2,0
2023-11-20,3,0
2023-11-20,4,0
2023-11-20,5,0
2023-11-20,6,0
2023-11-20,7,0
2023-11-20,8,0
2023-11-20,9,0
2023-11-20,10,8
2023-11-20,11,11
2023-11-20,12,19
2023-11-20,13,19
2023-11-20,14,15
2023-11-20,15,10
2023-11-20,16,11
2023-11-20,17,10
2023-11-20,18,16
2023-11-20,19,15
2023-11-20,20,18
2023-11-20,21,13
2023-11-20,22,16
2023-11-20,23,15
2023-11-21,0,0
2023-11-21,1,0
2023-11-21,2,0
2023-11-21,3,0
2023-11-21,4,0
2023-11-21,5,0
2023-11-21,6,0
2023-11-21,7,0
2023-11-21,8,0
2023-11-21,9,0
2023-11-21,10,9
2023-11-21,11,13
2023-11-21,12,13
2023-11-21,13,13
2023-11-21,14,18
2023-11-21,15,11
2023-11-21,16,11
2023-11-21,17,12
2023-11-21,18,12
2023-11-21,19,15
2023-11-21,20,16
2023-11-21,21,13
2023-11-21,22,13
2023-11-21,23,19
2023-11-22,0,0
2023-11-22,1,0
2023-11-22,2,0
2023-11-22,3,0
2023-11-22,4,0
2023-11-22,5,0
2023-11-22,6,0
2023-11-22,7,0
2023-11-22,8,0
2023-11-22,9,0
2023-11-22,10,8
2023-11-22,11,12
2023-11-22,12,18
2023-11-22,13,15
2023-11-22,14,18
2023-11-22,15,9
2023-11-22,16,10
2023-11-22,17,11
2023-11-22,18,16
2023-11-22,19,13
2023-11-22,20,16
2023-11-22,21,18
2023-11-22,22,19
2023-11-22,23,18
2023-11-23,0,0
2023-11-23,1,0
2023-11-23,2,0
2023-11-23,3,0
2023-11-23,4,0
2023-11-23,5,0
2023-11-23,6,0
2023-11-23,7,0
2023-11-23,8,0
2023-11-23,9,0
2023-11-23,10,12
2023-11-23,11,10
2023-11-23,12,18
2023-11-23,13,15
2023-11-23,14,12
2023-11-23,15,13
2023-11-23,16,10
2023-11-23,17,9
2023-11-23,18,12
2023-11-23,19,18
2023-11-23,20,16
2023-11-23,21,13
2023-11-23,22,12
2023-11-23,23,18
2023-11-24,0,0
2023-11-24,1,0
2023-11-24,2,0
2023-11-24,3,0
2023-11-24,4,0
2023-11-24,5,0
2023-11-24,6,0
2023-11-24,7,0
2023-11-24,8,0
2023-11-24,9,0
2023-11-24,10,20
2023-11-24,11,22
2023-11-24,12,33
2023-11-24,13,30
2023-11-24,14,34
2023-11-24,15,21
2023-11-24,16,24
2023-11-24,17,18
2023-11-24,18,31
2023-11-24,19,33
2023-11-24,20,36
2023-11-24,21,27
2023-11-24,22,36
2023-11-24,23,31
2023-11-25,0,0
2023-11-25,1,0
2023-11-25,2,0
2023-11-25,3,0
2023-11-25,4,0
2023-11-25,5,0
2023-11-25,6,0
2023-11-25,7,0
2023-11-25,8,0
2023-11-25,9,0
2023-11-25,10,24
2023-11-25,11,21
2023-11-25,12,36
2023-11-25,13,31
2023-11-25,14,27
2023-11-25,15,22
2023-11-25,16,22
2023-11-25,17,24
2023-11-25,18,31
2023-11-25,19,36
2023-11-25,20,31
2023-11-25,21,30
2023-11-25,22,36
2023-11-25,23,36
2023-11-26,0,0
2023-11-26,1,0
2023-11-26,2,0
2023-11-26,3,0
2023-11-26,4,0
2023-11-26,5,0
2023-11-26,6,0
2023-11-26,7,0
2023-11-26,8,0
2023-11-26,9,0
2023-11-26,10,20
2023-11-26,11,23
2023-11-26,12,28
2023-11-26,13,31
2023-11-26,14,36
2023-11-26,15,20
2023-11-26,16,18
2023-11-26,17,19
2023-11-26,18,30
2023-11-26,19,34
2023-11-26,20,34
2023-11-26,21,28
2023-11-26,22,27
2023-11-26,23,36
2023-11-27,0,0
2023-11-27,1,0
2023-11-27,2,0
2023-11-27,3,0
2023-11-27,4,0
2023-11-27,5,0
2023-11-27,6,0
2023-11-27,7,0
2023-11-27,8,0
2023-11-27,9,0
2023-11-27,10,31
2023-11-27,11,37
2023-11-27,12,49
2023-11-27,13,51
2023-11-27,14,57
2023-11-27,15,33
2023-11-27,16,34
2023-11-27,17,31
2023-11-27,18,52
2023-11-27,19,48
2023-11-27,20,54
2023-11-27,21,45
2023-11-27,22,57
2023-11-27,23,45
2023-11-28,0,0
2023-11-28,1,0
2023-11-28,2,0
2023-11-28,3,0
2023-11-28,4,0
2023-11-28,5,0
2023-11-28,6,0
2023-11-28,7,0
2023-11-28,8,0
2023-11-28,9,0
2023-11-28,10,8
2023-11-28,11,10
2023-11-28,12,19
2023-11-28,13,13
2023-11-28,14,13
2023-11-28,15,11
2023-11-28,16,13
2023-11-28,17,13
2023-11-28,18,12
2023-11-28,19,18
2023-11-28,20,19
2023-11-28,21,12
2023-11-28,22,19
2023-11-28,23,13
2023-11-29,0,0
2023-11-29,1,0
2023-11-29,2,0
2023-11-29,3,0
2023-11-29,4,0
2023-11-29,5,0
2023-11-29,6,0
2023-11-29,7,0
2023-11-29,8,0
2023-11-29,9,0
2023-11-29,10,12
2023-11-29,11,9
2023-11-29,12,13
2023-11-29,13,13
2023-11-29,14,12
2023-11-29,15,9
2023-11-29,16,9
2023-11-29,17,12
2023-11-29,18,12
2023-11-29,19,13
2023-11-29,20,19
2023-11-29,21,15
2023-11-29,22,15
2023-11-29,23,12
2023-11-30,0,0
2023-11-30,1,0
2023-11-30,2,0
2023-11-30,3,0
2023-11-30,4,0
2023-11-30,5,0
2023-11-30,6,0
2023-11-30,7,0
2023-11-30,8,0
2023-11-30,9,0
2023-11-30,10,8
2023-11-30,11,11
2023-11-30,12,12
2023-11-30,13,13
2023-11-30,14,15
2023-11-30,15,9
2023-11-30,16,13
2023-11-30,17,8
2023-11-30,18,13
2023-11-30,19,18
2023-11-30,20,12
2023-11-30,21,18
2023-11-30,22,18
2023-11-30,23,18
2023-12-01,0,0
2023-12-01,1,0
2023-12-01,2,0
2023-12-01,3,0
2023-12-01,4,0
2023-12-01,5,0
2023-12-01,6,0
2023-12-01,7,0
2023-12-01,8,0
2023-12-01,9,0
2023-12-01,10,18
2023-12-01,11,21
2023-12-01,12,31
2023-12-01,13,31
2023-12-01,14,33
2023-12-01,15,21
2023-12-01,16,23
2023-12-01,17,18
2023-12-01,18,34
2023-12-01,19,34
2023-12-01,20,30
2023-12-01,21,31
2023-12-01,22,34
2023-12-01,23,27
2023-12-02,0,0
2023-12-02,1,0
2023-12-02,2,0
2023-12-02,3,0
2023-12-02,4,0
2023-12-02,5,0
2023-12-02,6,0
2023-12-02,7,0
2023-12-02,8,0
2023-12-02,9,0
2023-12-02,10,21
2023-12-02,11,23
2023-12-02,12,31
2023-12-02,13,31
2023-12-02,14,27
2023-12-02,15,23
2023-12-02,16,18
2023-12-02,17,20
2023-12-02,18,34
2023-12-02,19,36
2023-12-02,20,36
2023-12-02,21,30
2023-12-02,22,27
2023-12-02,23,31
2023-12-03,0,0
2023-12-03,1,0
2023-12-03,2,0
2023-12-03,3,0
2023-12-03,4,0
2023-12-03,5,0
2023-12-03,6,0
2023-12-03,7,0
2023-12-03,8,0
2023-12-03,9,0
2023-12-03,10,19
2023-12-03,11,20
2023-12-03,12,34
2023-12-03,13,36
2023-12-03,14,31
2023-12-03,15,22
2023-12-03,16,19
2023-12-03,17,21
2023-12-03,18,33
2023-12-03,19,28
2023-12-03,20,28
2023-12-03,21,36
2023-12-03,22,31
2023-12-03,23,31
2023-12-04,0,0
2023-12-04,1,0
2023-12-04,2,0
2023-12-04,3,0
2023-12-04,4,0
2023-12-04,5,0
2023-12-04,6,0
2023-12-04,7,0
2023-12-04,8,0
2023-12-04,9,0
2023-12-04,10,8
2023-12-04,11,10
2023-12-04,12,18
2023-12-04,13,19
2023-12-04,14,16
2023-12-04,15,8
2023-12-04,16,8
2023-12-04,17,10
2023-12-04,18,15
2023-12-04,19,13
2023-12-04,20,19
2023-12-04,21,15
2023-12-04,22,16
2023-12-04,23,16
2023-12-05,0,0
2023-12-05,1,0
2023-12-05,2,0
2023-12-05,3,0
2023-12-05,4,0
2023-12-05,5,0
2023-12-05,6,0
2023-12-05,7,0
2023-12-05,8,0
2023-12-05,9,0
2023-12-05,10,13
2023-12-05,11,12
2023-12-05,12,16
2023-12-05,13,16
2023-12-05,14,18
2023-12-05,15,11
2023-12-05,16,10
2023-12-05,17,8
2023-12-05,18,15
2023-12-05,19,13
2023-12-05,20,16
2023-12-05,21,18
2023-12-05,22,12
2023-12-05,23,13
2023-12-06,0,0
2023-12-06,1,0
2023-12-06,2,0
2023-12-06,3,0
2023-12-06,4,0
2023-12-06,5,0
2023-12-06,6,0
2023-12-06,7,0
2023-12-06,8,0
2023-12-06,9,0
2023-12-06,10,9
2023-12-06,11,12
2023-12-06,12,19
2023-12-06,13,13
2023-12-06,14,18
2023-12-06,15,10
2023-12-06,16,8
2023-12-06,17,13
2023-12-06,18,15
2023-12-06,19,18
2023-12-06,20,12
2023-12-06,21,12
2023-12-06,22,15
2023-12-06,23,12
2023-12-07,0,0
2023-12-07,1,0
2023-12-07,2,0
2023-12-07,3,0
2023-12-07,4,0
2023-12-07,5,0
2023-12-07,6,0
2023-12-07,7,0
2023-12-07,8,0
2023-12-07,9,0
2023-12-07,10,8
2023-12-07,11,13
2023-12-07,12,18
2023-12-07,13,13
2023-12-07,14,18
2023-12-07,15,11
2023-12-07,16,10
2023-12-07,17,10
2023-12-07,18,18
2023-12-07,19,16
2023-12-07,20,13
2023-12-07,21,13
2023-12-07,22,12
2023-12-07,23,15
2023-12-08,0,0
2023-12-08,1,0
2023-12-08,2,0
2023-12-08,3,0
2023-12-08,4,0
2023-12-08,5,0
2023-12-08,6,0
2023-12-08,7,0
2023-12-08,8,0
2023-12-08,9,0
2023-12-08,10,18
2023-12-08,11,21
2023-12-08,12,28
2023-12-08,13,31
2023-12-08,14,28
2023-12-08,15,18
2023-12-08,16,22
2023-12-08,17,18
2023-12-08,18,30
2023-12-08,19,30
2023-12-08,20,33
2023-12-08,21,33
2023-12-08,22,28
2023-12-08,23,27
2023-12-09,0,0
2023-12-09,1,0
2023-12-09,2,0
2023-12-09,3,0
2023-12-09,4,0
2023-12-09,5,0
2023-12-09,6,0
2023-12-09,7,0
2023-12-09,8,0
2023-12-09,9,0
2023-12-09,10,23
2023-12-09,11,19
2023-12-09,12,36
2023-12-09,13,30
2023-12-09,14,30
2023-12-09,15,19
2023-12-09,16,24
2023-12-09,17,18
2023-12-09,18,36
2023-12-09,19,28
2023-12-09,20,34
2023-12-09,21,34
2023-12-09,22,28
2023-12-09,23,27
2023-12-10,0,0
2023-12-10,1,0
2023-12-10,2,0
2023-12-10,3,0
2023-12-10,4,0
2023-12-10,5,0
2023-12-10,6,0
2023-12-10,7,0
2023-12-10,8,0
2023-12-10,9,0
2023-12-10,10,23
2023-12-10,11,19
2023-12-10,12,27
2023-12-10,13,30
2023-12-10,14,31
2023-12-10,15,19
2023-12-10,16,24
2023-12-10,17,18
2023-12-10,18,36
2023-12-10,19,34
2023-12-10,20,28
2023-12-10,21,27
2023-12-10,22,36
2023-12-10,23,36
2023-12-11,0,0
2023-12-11,1,0
2023-12-11,2,0
2023-12-11,3,0
2023-12-11,4,0
2023-12-11,5,0
2023-12-11,6,0
2023-12-11,7,0
2023-12-11,8,0
2023-12-11,9,0
2023-12-11,10,9
2023-12-11,11,12
2023-12-11,12,15
2023-12-11,13,13
2023-12-11,14,12
2023-12-11,15,9
2023-12-11,16,11
2023-12-11,17,9
2023-12-11,18,16
2023-12-11,19,15
2023-12-11,20,19
2023-12-11,21,18
2023-12-11,22,19
2023-12-11,23,12
2023-12-12,0,0
2023-12-12,1,0
2023-12-12,2,0
2023-12-12,3,0
2023-12-12,4,0
2023-12-12,5,0
2023-12-12,6,0
2023-12-12,7,0
2023-12-12,8,0
2023-12-12,9,0
2023-12-12,10,11
2023-12-12,11,12
2023-12-12,12,15
2023-12-12,13,12
2023-12-12,14,16
2023-12-12,15,10
2023-12-12,16,12
2023-12-12,17,9
2023-12-12,18,15
2023-12-12,19,19
2023-12-12,20,18
2023-12-12,21,13
2023-12-12,22,16
2023-12-12,23,19
2023-12-13,0,0
2023-12-13,1,0
2023-12-13,2,0
2023-12-13,3,0
2023-12-13,4,0
2023-12-13,5,0
2023-12-13,6,0
2023-12-13,7,0
2023-12-13,8,0
2023-12-13,9,0
2023-12-13,10,12
2023-12-13,11,12
2023-12-13,12,18
2023-12-13,13,19
2023-12-13,14,12
2023-12-13,15,11
2023-12-13,16,12
2023-12-13,17,9
2023-12-13,18,16
2023-12-13,19,18
2023-12-13,20,15
2023-12-13,21,18
2023-12-13,22,18
2023-12-13,23,15
2023-12-14,0,0
2023-12-14,1,0
2023-12-14,2,0
2023-12-14,3,0
2023-12-14,4,0
2023-12-14,5,0
2023-12-14,6,0
2023-12-14,7,0
2023-12-14,8,0
2023-12-14,9,0
2023-12-14,10,13
2023-12-14,11,9
2023-12-14,12,18
2023-12-14,13,18
2023-12-14,14,13
2023-12-14,15,12
2023-12-14,16,11
2023-12-14,17,13
2023-12-14,18,13
2023-12-14,19,12
2023-12-14,20,15
2023-12-14,21,19
2023-12-14,22,13
2023-12-14,23,12
2023-12-15,0,0
2023-12-15,1,0
2023-12-15,2,0
2023-12-15,3,0
2023-12-15,4,0
2023-12-15,5,0
2023-12-15,6,0
2023-12-15,7,0
2023-12-15,8,0
2023-12-15,9,0
2023-12-15,10,21
2023-12-15,11,20
2023-12-15,12,27
2023-12-15,13,31
2023-12-15,14,28
2023-12-15,15,22
2023-12-15,16,24
2023-12-15,17,20
2023-12-15,18,33
2023-12-15,19,27
2023-12-15,20,31
2023-12-15,21,36
2023-12-15,22,30
2023-12-15,23,27
2023-12-16,0,0
2023-12-16,1,0
2023-12-16,2,0
2023-12-16,3,0
2023-12-16,4,0
2023-12-16,5,0
2023-12-16,6,0
2023-12-16,7,0
2023-12-16,8,0
2023-12-16,9,0
2023-12-16,10,21
2023-12-16,11,20
2023-12-16,12,33
2023-12-16,13,34
2023-12-16,14,34
2023-12-16,15,19
2023-12-16,16,18
2023-12-16,17,23
2023-12-16,18,31
2023-12-16,19,27
2023-12-16,20,30
2023-12-16,21,33
2023-12-16,22,30
2023-12-16,23,28
2023-12-17,0,0
2023-12-17,1,0
2023-12-17,2,0
2023-12-17,3,0
2023-12-17,4,0
2023-12-17,5,0
2023-12-17,6,0
2023-12-17,7,0
2023-12-17,8,0
2023-12-17,9,0
2023-12-17,10,18
2023-12-17,11,18
2023-12-17,12,27
2023-12-17,13,28
2023-12-17,14,33
2023-12-17,15,21
2023-12-17,16,21
2023-12-17,17,20
2023-12-17,18,36
2023-12-17,19,28
2023-12-17,20,27
2023-12-17,21,36
2023-12-17,22,31
2023-12-17,23,30
2023-12-18,0,0
2023-12-18,1,0
2023-12-18,2,0
2023-12-18,3,0
2023-12-18,4,0
2023-12-18,5,0
2023-12-18,6,0
2023-12-18,7,0
2023-12-18,8,0
2023-12-18,9,0
2023-12-18,10,11
2023-12-18,11,9
2023-12-18,12,12
2023-12-18,13,16
2023-12-18,14,15
2023-12-18,15,12
2023-12-18,16,13
2023-12-18,17,11
2023-12-18,18,13
2023-12-18,19,12
2023-12-18,20,19
2023-12-18,21,15
2023-12-18,22,12
2023-12-18,23,12
2023-12-19,0,0
2023-12-19,1,0
2023-12-19,2,0
2023-12-19,3,0
2023-12-19,4,0
2023-12-19,5,0
2023-12-19,6,0
2023-12-19,7,0
2023-12-19,8,0
2023-12-19,9,0
2023-12-19,10,13
2023-12-19,11,11
2023-12-19,12,15
2023-12-19,13,18
2023-12-19,14,13
2023-12-19,15,13
2023-12-19,16,11
2023-12-19,17,8
2023-12-19,18,16
2023-12-19,19,15
2023-12-19,20,13
2023-12-19,21,13
2023-12-19,22,18
2023-12-19,23,19
2023-12-20,0,0
2023-12-20,1,0
2023-12-20,2,0
2023-12-20,3,0
2023-12-20,4,0
2023-12-20,5,0
2023-12-20,6,0
2023-12-20,7,0
2023-12-20,8,0
2023-12-20,9,0
2023-12-20,10,9
2023-12-20,11,13
2023-12-20,12,16
2023-12-20,13,16
2023-12-20,14,15
2023-12-20,15,9
2023-12-20,16,12
2023-12-20,17,12
2023-12-20,18,12
2023-12-20,19,15
2023-12-20,20,15
2023-12-20,21,13
2023-12-20,22,15
2023-12-20,23,15
2023-12-21,0,0
2023-12-21,1,0
2023-12-21,2,0
2023-12-21,3,0
2023-12-21,4,0
2023-12-21,5,0
2023-12-21,6,0
2023-12-21,7,0
2023-12-21,8,0
2023-12-21,9,0
2023-12-21,10,11
2023-12-21,11,12
2023-12-21,12,18
2023-12-21,13,16
2023-12-21,14,16
2023-12-21,15,13
2023-12-21,16,13
2023-12-21,17,9
2023-12-21,18,12
2023-12-21,19,19
2023-12-21,20,15
2023-12-21,21,18
2023-12-21,22,15
2023-12-21,23,13
2023-12-22,0,0
2023-12-22,1,0
2023-12-22,2,0
2023-12-22,3,0
2023-12-22,4,0
2023-12-22,5,0
2023-12-22,6,0
2023-12-22,7,0
2023-12-22,8,0
2023-12-22,9,0
2023-12-22,10,22
2023-12-22,11,22
2023-12-22,12,34
2023-12-22,13,30
2023-12-22,14,33
2023-12-22,15,18
2023-12-22,16,23
2023-12-22,17,24
2023-12-22,18,27
2023-12-22,19,28
2023-12-22,20,31
2023-12-22,21,33
2023-12-22,22,36
2023-12-22,23,34
2023-12-23,0,0
2023-12-23,1,0
2023-12-23,2,0
2023-12-23,3,0
2023-12-23,4,0
2023-12-23,5,0
2023-12-23,6,0
2023-12-23,7,0
2023-12-23,8,0
2023-12-23,9,0
2023-12-23,10,18
2023-12-23,11,21
2023-12-23,12,31
2023-12-23,13,28
2023-12-23,14,36
2023-12-23,15,21
2023-12-23,16,20
2023-12-23,17,20
2023-12-23,18,34
2023-12-23,19,27
2023-12-23,20,33
2023-12-23,21,28
2023-12-23,22,28
2023-12-23,23,31
2023-12-24,0,0
2023-12-24,1,0
2023-12-24,2,0
2023-12-24,3,0
2023-12-24,4,0
2023-12-24,5,0
2023-12-24,6,0
2023-12-24,7,0
2023-12-24,8,0
2023-12-24,9,0
2023-12-24,10,18
2023-12-24,11,20
2023-12-24,12,28
2023-12-24,13,30
2023-12-24,14,30
2023-12-24,15,21
2023-12-24,16,20
2023-12-24,17,24
2023-12-24,18,36
2023-12-24,19,30
2023-12-24,20,30
2023-12-24,21,34
2023-12-24,22,30
2023-12-24,23,34
2023-12-25,0,0
2023-12-25,1,0
2023-12-25,2,0
2023-12-25,3,0
2023-12-25,4,0
2023-12-25,5,0
2023-12-25,6,0
2023-12-25,7,0
2023-12-25,8,0
2023-12-25,9,0
2023-12-25,10,39
2023-12-25,11,38
2023-12-25,12,45
2023-12-25,13,57
2023-12-25,14,52
2023-12-25,15,37
2023-12-25,16,32
2023-12-25,17,36
2023-12-25,18,49
2023-12-25,19,51
2023-12-25,20,55
2023-12-25,21,48
2023-12-25,22,48
2023-12-25,23,51
2023-12-26,0,0
2023-12-26,1,0
2023-12-26,2,0
2023-12-26,3,0
2023-12-26,4,0
2023-12-26,5,0
2023-12-26,6,0
2023-12-26,7,0
2023-12-26,8,0
2023-12-26,9,0
2023-12-26,10,11
2023-12-26,11,9
2023-12-26,12,19
2023-12-26,13,18
2023-12-26,14,15
2023-12-26,15,11
2023-12-26,16,9
2023-12-26,17,13
2023-12-26,18,19
2023-12-26,19,12
2023-12-26,20,18
2023-12-26,21,19
2023-12-26,22,13
2023-12-26,23,15
2023-12-27,0,0
2023-12-27,1,0
2023-12-27,2,0
2023-12-27,3,0
2023-12-27,4,0
2023-12-27,5,0
2023-12-27,6,0
2023-12-27,7,0
2023-12-27,8,0
2023-12-27,9,0
2023-12-27,10,8
2023-12-27,11,11
2023-12-27,12,15
2023-12-27,13,15
2023-12-27,14,12
2023-12-27,15,13
2023-12-27,16,13
2023-12-27,17,13
2023-12-27,18,13
2023-12-27,19,12
2023-12-27,20,15
2023-12-27,21,13
2023-12-27,22,12
2023-12-27,23,19
2023-12-28,0,0
2023-12-28,1,0
2023-12-28,2,0
2023-12-28,3,0
2023-12-28,4,0
2023-12-28,5,0
2023-12-28,6,0
2023-12-28,7,0
2023-12-28,8,0
2023-12-28,9,0
2023-12-28,10,12
2023-12-28,11,12
2023-12-28,12,19
2023-12-28,13,13
2023-12-28,14,19
2023-12-28,15,8
2023-12-28,16,12
2023-12-28,17,9
2023-12-28,18,18
2023-12-28,19,13
2023-12-28,20,12
2023-12-28,21,19
2023-12-28,22,13
2023-12-28,23,19
2023-12-29,0,0
2023-12-29,1,0
2023-12-29,2,0
2023-12-29,3,0
2023-12-29,4,0
2023-12-29,5,0
2023-12-29,6,0
2023-12-29,7,0
2023-12-29,8,0
2023-12-29,9,0
2023-12-29,10,22
2023-12-29,11,22
2023-12-29,12,30
2023-12-29,13,33
2023-12-29,14,31
2023-12-29,15,21
2023-12-29,16,23
2023-12-29,17,21
2023-12-29,18,30
2023-12-29,19,27
2023-12-29,20,34
2023-12-29,21,28
2023-12-29,22,34
2023-12-29,23,27
2023-12-30,0,0
2023-12-30,1,0
2023-12-30,2,0
2023-12-30,3,0
2023-12-30,4,0
2023-12-30,5,0
2023-12-30,6,0
2023-12-30,7,0
2023-12-30,8,0
2023-12-30,9,0
2023-12-30,10,24
2023-12-30,11,19
2023-12-30,12,34
2023-12-30,13,34
2023-12-30,14,28
2023-12-30,15,19
2023-12-30,16,23
2023-12-30,17,23
2023-12-30,18,31
2023-12-30,19,28
2023-12-30,20,31
2023-12-30,21,36
2023-12-30,22,28
2023-12-30,23,34
2023-12-31,0,0
2023-12-31,1,0
2023-12-31,2,0
2023-12-31,3,0
2023-12-31,4,0
2023-12-31,5,0
2023-12-31,6,0
2023-12-31,7,0
2023-12-31,8,0
2023-12-31,9,0
2023-12-31,10,21
2023-12-31,11,22
2023-12-31,12,28
2023-12-31,13,27
2023-12-31,14,28
2023-12-31,15,18
2023-12-31,16,18
2023-12-31,17,22
2023-12-31,18,34
2023-12-31,19,28
2023-12-31,20,28
2023-12-31,21,30
2023-12-31,22,36
2023-12-31,23,31
2024-01-01,0,0
2024-01-01,1,0
2024-01-01,2,0
2024-01-01,3,0
2024-01-01,4,0
2024-01-01,5,0
2024-01-01,6,0
2024-01-01,7,0
2024-01-01,8,0
2024-01-01,9,0
2024-01-01,10,8
2024-01-01,11,8
2024-01-01,12,15
2024-01-01,13,16
2024-01-01,14,18
2024-01-01,15,11
2024-01-01,16,10
2024-01-01,17,10
2024-01-01,18,12
2024-01-01,19,13
2024-01-01,20,18
2024-01-01,21,19
2024-01-01,22,12
2024-01-01,23,15
2024-01-02,0,0
2024-01-02,1,0
2024-01-02,2,0
2024-01-02,3,0
2024-01-02,4,0
2024-01-02,5,0
2024-01-02,6,0
2024-01-02,7,0
2024-01-02,8,0
2024-01-02,9,0
2024-01-02,10,12
2024-01-02,11,12
2024-01-02,12,15
2024-01-02,13,12
2024-01-02,14,16
2024-01-02,15,13
2024-01-02,16,9
2024-01-02,17,11
2024-01-02,18,12
2024-01-02,19,19
2024-01-02,20,15
2024-01-02,21,13
2024-01-02,22,13
2024-01-02,23,16
2024-01-03,0,0
2024-01-03,1,0
2024-01-03,2,0
2024-01-03,3,0
2024-01-03,4,0
2024-01-03,5,0
2024-01-03,6,0
2024-01-03,7,0
2024-01-03,8,0
2024-01-03,9,0
2024-01-03,10,10
2024-01-03,11,8
2024-01-03,12,15
2024-01-03,13,12
2024-01-03,14,18
2024-01-03,15,9
2024-01-03,16,13
2024-01-03,17,13
2024-01-03,18,16
2024-01-03,19,12
2024-01-03,20,18
2024-01-03,21,13
2024-01-03,22,15
2024-01-03,23,16
2024-01-04,0,0
2024-01-04,1,0
2024-01-04,2,0
2024-01-04,3,0
2024-01-04,4,0
2024-01-04,5,0
2024-01-04,6,0
2024-01-04,7,0
2024-01-04,8,0
2024-01-04,9,0
2024-01-04,10,10
2024-01-04,11,13
2024-01-04,12,19
2024-01-04,13,13
2024-01-04,14,13
2024-01-04,15,10
2024-01-04,16,9
2024-01-04,17,10
2024-01-04,18,15
2024-01-04,19,15
2024-01-04,20,16
2024-01-04,21,12
2024-01-04,22,15
2024-01-04,23,15
2024-01-05,0,0
2024-01-05,1,0
2024-01-05,2,0
2024-01-05,3,0
2024-01-05,4,0
2024-01-05,5,0
2024-01-05,6,0
2024-01-05,7,0
2024-01-05,8,0
2024-01-05,9,0
2024-01-05,10,23
2024-01-05,11,24
2024-01-05,12,36
2024-01-05,13,28
2024-01-05,14,36
2024-01-05,15,20
2024-01-05,16,22
2024-01-05,17,23
2024-01-05,18,27
2024-01-05,19,34
2024-01-05,20,33
2024-01-05,21,36
2024-01-05,22,31
2024-01-05,23,34
2024-01-06,0,0
2024-01-06,1,0
2024-01-06,2,0
2024-01-06,3,0
2024-01-06,4,0
2024-01-06,5,0
2024-01-06,6,0
2024-01-06,7,0
2024-01-06,8,0
2024-01-06,9,0
2024-01-06,10,19
2024-01-06,11,21
2024-01-06,12,31
2024-01-06,13,34
2024-01-06,14,34
2024-01-06,15,23
2024-01-06,16,18
2024-01-06,17,19
2024-01-06,18,28
2024-01-06,19,36
2024-01-06,20,33
2024-01-06,21,36
2024-01-06,22,31
2024-01-06,23,28
2024-01-07,0,0
2024-01-07,1,0
2024-01-07,2,0
2024-01-07,3,0
2024-01-07,4,0
2024-01-07,5,0
2024-01-07,6,0
2024-01-07,7,0
2024-01-07,8,0
2024-01-07,9,0
2024-01-07,10,23
2024-01-07,11,23
2024-01-07,12,28
2024-01-07,13,31
2024-01-07,14,30
2024-01-07,15,18
2024-01-07,16,23
2024-01-07,17,24
2024-01-07,18,30
2024-01-07,19,27
2024-01-07,20,30
2024-01-07,21,28
2024-01-07,22,33
2024-01-07,23,30
2024-01-08,0,0
2024-01-08,1,0
2024-01-08,2,0
2024-01-08,3,0
2024-01-08,4,0
2024-01-08,5,0
2024-01-08,6,0
2024-01-08,7,0
2024-01-08,8,0
2024-01-08,9,0
2024-01-08,10,12
2024-01-08,11,11
2024-01-08,12,12
2024-01-08,13,12
2024-01-08,14,15
2024-01-08,15,9
2024-01-08,16,12
2024-01-08,17,13
2024-01-08,18,12
2024-01-08,19,16
2024-01-08,20,12
2024-01-08,21,13
2024-01-08,22,16
2024-01-08,23,18
2024-01-09,0,0
2024-01-09,1,0
2024-01-09,2,0
2024-01-09,3,0
2024-01-09,4,0
2024-01-09,5,0
2024-01-09,6,0
2024-01-09,7,0
2024-01-09,8,0
2024-01-09,9,0
2024-01-09,10,10
2024-01-09,11,13
2024-01-09,12,16
2024-01-09,13,18
2024-01-09,14,18
2024-01-09,15,10
2024-01-09,16,9
2024-01-09,17,10
2024-01-09,18,15
2024-01-09,19,19
2024-01-09,20,16
2024-01-09,21,19
2024-01-09,22,15
2024-01-09,23,18
2024-01-10,0,0
2024-01-10,1,0
2024-01-10,2,0
2024-01-10,3,0
2024-01-10,4,0
2024-01-10,5,0
2024-01-10,6,0
2024-01-10,7,0
2024-01-10,8,0
2024-01-10,9,0
2024-01-10,10,9
2024-01-10,11,13
2024-01-10,12,12
2024-01-10,13,15
2024-01-10,14,18
2024-01-10,15,9
2024-01-10,16,10
2024-01-10,17,9
2024-01-10,18,15
2024-01-10,19,13
2024-01-10,20,13
2024-01-10,21,18
2024-01-10,22,15
2024-01-10,23,12
2024-01-11,0,0
2024-01-11,1,0
2024-01-11,2,0
2024-01-11,3,0
2024-01-11,4,0
2024-01-11,5,0
2024-01-11,6,0
2024-01-11,7,0
2024-01-11,8,0
2024-01-11,9,0
2024-01-11,10,13
2024-01-11,11,11
2024-01-11,12,19
2024-01-11,13,13
2024-01-11,14,12
2024-01-11,15,10
2024-01-11,16,12
2024-01-11,17,11
2024-01-11,18,15
2024-01-11,19,16
2024-01-11,20,12
2024-01-11,21,13
2024-01-11,22,18
2024-01-11,23,12
2024-01-12,0,0
2024-01-12,1,0
2024-01-12,2,0
2024-01-12,3,0
2024-01-12,4,0
2024-01-12,5,0
2024-01-12,6,0
2024-01-12,7,0
2024-01-12,8,0
2024-01-12,9,0
2024-01-12,10,18
2024-01-12,11,18
2024-01-12,12,31
2024-01-12,13,33
2024-01-12,14,27
2024-01-12,15,21
2024-01-12,16,19
2024-01-12,17,18
2024-01-12,18,30
2024-01-12,19,33
2024-01-12,20,34
2024-01-12,21,31
2024-01-12,22,30
2024-01-12,23,34
2024-01-13,0,0
2024-01-13,1,0
2024-01-13,2,0
2024-01-13,3,0
2024-01-13,4,0
2024-01-13,5,0
2024-01-13,6,0
2024-01-13,7,0
2024-01-13,8,0
2024-01-13,9,0
2024-01-13,10,18
2024-01-13,11,20
2024-01-13,12,27
2024-01-13,13,34
2024-01-13,14,30
2024-01-13,15,21
2024-01-13,16,23
2024-01-13,17,23
2024-01-13,18,30
2024-01-13,19,31
2024-01-13,20,31
2024-01-13,21,34
2024-01-13,22,28
2024-01-13,23,31
2024-01-14,0,0
2024-01-14,1,0
2024-01-14,2,0
2024-01-14,3,0
2024-01-14,4,0
2024-01-14,5,0
2024-01-14,6,0
2024-01-14,7,0
2024-01-14,8,0
2024-01-14,9,0
2024-01-14,10,20
2024-01-14,11,21
2024-01-14,12,28
2024-01-14,13,36
2024-01-14,14,31
2024-01-14,15,19
2024-01-14,16,19
2024-01-14,17,22
2024-01-14,18,28
2024-01-14,19,34
2024-01-14,20,36
2024-01-14,21,28
2024-01-14,22,33
2024-01-14,23,30
2024-01-15,0,0
2024-01-15,1,0
2024-01-15,2,0
2024-01-15,3,0
2024-01-15,4,0
2024-01-15,5,0
2024-01-15,6,0
2024-01-15,7,0
2024-01-15,8,0
2024-01-15,9,0
2024-01-15,10,12
2024-01-15,11,11
2024-01-15,12,12
2024-01-15,13,19
2024-01-15,14,16
2024-01-15,15,13
2024-01-15,16,12
2024-01-15,17,8
2024-01-15,18,12
2024-01-15,19,19
2024-01-15,20,13
2024-01-15,21,15
2024-01-15,22,13
2024-01-15,23,15
2024-01-16,0,0
2024-01-16,1,0
2024-01-16,2,0
2024-01-16,3,0
2024-01-16,4,0
2024-01-16,5,0
2024-01-16,6,0
2024-01-16,7,0
2024-01-16,8,0
2024-01-16,9,0
2024-01-16,10,8
2024-01-16,11,11
2024-01-16,12,16
2024-01-16,13,12
2024-01-16,14,15
2024-01-16,15,10
2024-01-16,16,10
2024-01-16,17,8
2024-01-16,18,15
2024-01-16,19,16
2024-01-16,20,16
2024-01-16,21,15
2024-01-16,22,15
2024-01-16,23,12
2024-01-17,0,0
2024-01-17,1,0
2024-01-17,2,0
2024-01-17,3,0
2024-01-17,4,0
2024-01-17,5,0
2024-01-17,6,0
2024-01-17,7,0
2024-01-17,8,0
2024-01-17,9,0
2024-01-17,10,13
2024-01-17,11,11
2024-01-17,12,18
2024-01-17,13,12
2024-01-17,14,18
2024-01-17,15,10
2024-01-17,16,9
2024-01-17,17,9
2024-01-17,18,13
2024-01-17,19,13
2024-01-17,20,15
2024-01-17,21,19
2024-01-17,22,16
2024-01-17,23,19
2024-01-18,0,0
2024-01-18,1,0
2024-01-18,2,0
2024-01-18,3,0
2024-01-18,4,0
2024-01-18,5,0
2024-01-18,6,0
2024-01-18,7,0
2024-01-18,8,0
2024-01-18,9,0
2024-01-18,10,10
2024-01-18,11,9
2024-01-18,12,15
2024-01-18,13,15
2024-01-18,14,15
2024-01-18,15,11
2024-01-18,16,13
2024-01-18,17,13
2024-01-18,18,16
2024-01-18,19,13
2024-01-18,20,18
2024-01-18,21,12
2024-01-18,22,18
2024-01-18,23,19
2024-01-19,0,0
2024-01-19,1,0
2024-01-19,2,0
2024-01-19,3,0
2024-01-19,4,0
2024-01-19,5,0
2024-01-19,6,0
2024-01-19,7,0
2024-01-19,8,0
2024-01-19,9,0
2024-01-19,10,21
2024-01-19,11,18
2024-01-19,12,36
2024-01-19,13,33
2024-01-19,14,28
2024-01-19,15,22
2024-01-19,16,21
2024-01-19,17,18
2024-01-19,18,36
2024-01-19,19,36
2024-01-19,20,31
2024-01-19,21,33
2024-01-19,22,36
2024-01-19,23,36
2024-01-20,0,0
2024-01-20,1,0
2024-01-20,2,0
2024-01-20,3,0
2024-01-20,4,0
2024-01-20,5,0
2024-01-20,6,0
2024-01-20,7,0
2024-01-20,8,0
2024-01-20,9,0
2024-01-20,10,19
2024-01-20,11,18
2024-01-20,12,36
2024-01-20,13,34
2024-01-20,14,34
2024-01-20,15,21
2024-01-20,16,19
2024-01-20,17,22
2024-01-20,18,30
2024-01-20,19,36
2024-01-20,20,28
2024-01-20,21,33
2024-01-20,22,31
2024-01-20,23,34
2024-01-21,0,0
2024-01-21,1,0
2024-01-21,2,0
2024-01-21,3,0
2024-01-21,4,0
2024-01-21,5,0
2024-01-21,6,0
2024-01-21,7,0
2024-01-21,8,0
2024-01-21,9,0
2024-01-21,10,18
2024-01-21,11,23
2024-01-21,12,27
2024-01-21,13,28
2024-01-21,14,27
2024-01-21,15,21
2024-01-21,16,23
2024-01-21,17,23
2024-01-21,18,33
2024-01-21,19,36
2024-01-21,20,27
2024-01-21,21,36
2024-01-21,22,27
2024-01-21,23,31
2024-01-22,0,0
2024-01-22,1,0
2024-01-22,2,0
2024-01-22,3,0
2024-01-22,4,0
2024-01-22,5,0
2024-01-22,6,0
2024-01-22,7,0
2024-01-22,8,0
2024-01-22,9,0
2024-01-22,10,13
2024-01-22,11,11
2024-01-22,12,16
2024-01-22,13,15
2024-01-22,14,13
2024-01-22,15,8
2024-01-22,16,9
2024-01-22,17,8
2024-01-22,18,12
2024-01-22,19,13
2024-01-22,20,13
2024-01-22,21,16
2024-01-22,22,16
2024-01-22,23,18
2024-01-23,0,0
2024-01-23,1,0
2024-01-23,2,0
2024-01-23,3,0
2024-01-23,4,0
2024-01-23,5,0
2024-01-23,6,0
2024-01-23,7,0
2024-01-23,8,0
2024-01-23,9,0
2024-01-23,10,13
2024-01-23,11,13
2024-01-23,12,15
2024-01-23,13,13
2024-01-23,14,13
2024-01-23,15,9
2024-01-23,16,9
2024-01-23,17,12
2024-01-23,18,15
2024-01-23,19,18
2024-01-23,20,18
2024-01-23,21,13
2024-01-23,22,16
2024-01-23,23,19
2024-01-24,0,0
2024-01-24,1,0
2024-01-24,2,0
2024-01-24,3,0
2024-01-24,4,0
2024-01-24,5,0
2024-01-24,6,0
2024-01-24,7,0
2024-01-24,8,0
2024-01-24,9,0
2024-01-24,10,10
2024-01-24,11,11
2024-01-24,12,13
2024-01-24,13,19
2024-01-24,14,15
2024-01-24,15,13
2024-01-24,16,10
2024-01-24,17,12
2024-01-24,18,16
2024-01-24,19,19
2024-01-24,20,12
2024-01-24,21,13
2024-01-24,22,16
2024-01-24,23,13
2024-01-25,0,0
2024-01-25,1,0
2024-01-25,2,0
2024-01-25,3,0
2024-01-25,4,0
2024-01-25,5,0
2024-01-25,6,0
2024-01-25,7,0
2024-01-25,8,0
2024-01-25,9,0
2024-01-25,10,11
2024-01-25,11,13
2024-01-25,12,19
2024-01-25,13,15
2024-01-25,14,15
2024-01-25,15,8
2024-01-25,16,9
2024-01-25,17,12
2024-01-25,18,16
2024-01-25,19,19
2024-01-25,20,13
2024-01-25,21,16
2024-01-25,22,13
2024-01-25,23,15
2024-01-26,0,0
2024-01-26,1,0
2024-01-26,2,0
2024-01-26,3,0
2024-01-26,4,0
2024-01-26,5,0
2024-01-26,6,0
2024-01-26,7,0
2024-01-26,8,0
2024-01-26,9,0
2024-01-26,10,36
2024-01-26,11,30
2024-01-26,12,54
2024-01-26,13,46
2024-01-26,14,46
2024-01-26,15,39
2024-01-26,16,31
2024-01-26,17,37
2024-01-26,18,54
2024-01-26,19,57
2024-01-26,20,58
2024-01-26,21,45
2024-01-26,22,51
2024-01-26,23,46
2024-01-27,0,0
2024-01-27,1,0
2024-01-27,2,0
2024-01-27,3,0
2024-01-27,4,0
2024-01-27,5,0
2024-01-27,6,0
2024-01-27,7,0
2024-01-27,8,0
2024-01-27,9,0
2024-01-27,10,22
2024-01-27,11,19
2024-01-27,12,34
2024-01-27,13,36
2024-01-27,14,36
2024-01-27,15,19
2024-01-27,16,20
2024-01-27,17,24
2024-01-27,18,33
2024-01-27,19,34
2024-01-27,20,27
2024-01-27,21,30
2024-01-27,22,27
2024-01-27,23,27
2024-01-28,0,0
2024-01-28,1,0
2024-01-28,2,0
2024-01-28,3,0
2024-01-28,4,0
2024-01-28,5,0
2024-01-28,6,0
2024-01-28,7,0
2024-01-28,8,0
2024-01-28,9,0
2024-01-28,10,20
2024-01-28,11,22
2024-01-28,12,30
2024-01-28,13,28
2024-01-28,14,36
2024-01-28,15,23
2024-01-28,16,21
2024-01-28,17,20
2024-01-28,18,27
2024-01-28,19,34
2024-01-28,20,36
2024-01-28,21,33
2024-01-28,22,31
2024-01-28,23,28
2024-01-29,0,0
2024-01-29,1,0
2024-01-29,2,0
2024-01-29,3,0
2024-01-29,4,0
2024-01-29,5,0
2024-01-29,6,0
2024-01-29,7,0
2024-01-29,8,0
2024-01-29,9,0
2024-01-29,10,12
2024-01-29,11,9
2024-01-29,12,13
2024-01-29,13,19
2024-01-29,14,19
2024-01-29,15,12
2024-01-29,16,10
2024-01-29,17,8
2024-01-29,18,12
2024-01-29,19,13
2024-01-29,20,15
2024-01-29,21,12
2024-01-29,22,13
2024-01-29,23,16
2024-01-30,0,0
2024-01-30,1,0
2024-01-30,2,0
2024-01-30,3,0
2024-01-30,4,0
2024-01-30,5,0
2024-01-30,6,0
2024-01-30,7,0
2024-01-30,8,0
2024-01-30,9,0
2024-01-30,10,8
2024-01-30,11,10
2024-01-30,12,12
2024-01-30,13,19
2024-01-30,14,18
2024-01-30,15,8
2024-01-30,16,12
2024-01-30,17,9
2024-01-30,18,15
2024-01-30,19,13
2024-01-30,20,15
2024-01-30,21,16
2024-01-30,22,15
2024-01-30,23,18
2024-01-31,0,0
2024-01-31,1,0
2024-01-31,2,0
2024-01-31,3,0
2024-01-31,4,0
2024-01-31,5,0
2024-01-31,6,0
2024-01-31,7,0
2024-01-31,8,0
2024-01-31,9,0
2024-01-31,10,13
2024-01-31,11,10
2024-01-31,12,15
2024-01-31,13,16
2024-01-31,14,19
2024-01-31,15,9
2024-01-31,16,11
2024-01-31,17,10
2024-01-31,18,15
2024-01-31,19,18
2024-01-31,20,15
2024-01-31,21,19
2024-01-31,22,15
2024-01-31,23,12
2024-02-01,0,0
2024-02-01,1,0
2024-02-01,2,0
2024-02-01,3,0
2024-02-01,4,0
2024-02-01,5,0
2024-02-01,6,0
2024-02-01,7,0
2024-02-01,8,0
2024-02-01,9,0
2024-02-01,10,13
2024-02-01,11,9
2024-02-01,12,13
2024-02-01,13,13
2024-02-01,14,13
2024-02-01,15,9
2024-02-01,16,8
2024-02-01,17,11
2024-02-01,18,18
2024-02-01,19,15
2024-02-01,20,18
2024-02-01,21,18
2024-02-01,22,18
2024-02-01,23,18
2024-02-02,0,0
2024-02-02,1,0
2024-02-02,2,0
2024-02-02,3,0
2024-02-02,4,0
2024-02-02,5,0
2024-02-02,6,0
2024-02-02,7,0
2024-02-02,8,0
2024-02-02,9,0
2024-02-02,10,19
2024-02-02,11,24
2024-02-02,12,31
2024-02-02,13,33
2024-02-02,14,27
2024-02-02,15,20
2024-02-02,16,21
2024-02-02,17,24
2024-02-02,18,28
2024-02-02,19,36
2024-02-02,20,30
2024-02-02,21,34
2024-02-02,22,30
2024-02-02,23,34
2024-02-03,0,0
2024-02-03,1,0
2024-02-03,2,0
2024-02-03,3,0
2024-02-03,4,0
2024-02-03,5,0
2024-02-03,6,0
2024-02-03,7,0
2024-02-03,8,0
2024-02-03,9,0
2024-02-03,10,23
2024-02-03,11,20
2024-02-03,12,31
2024-02-03,13,33
2024-02-03,14,31
2024-02-03,15,23
2024-02-03,16,19
2024-02-03,17,24
2024-02-03,18,31
2024-02-03,19,30
2024-02-03,20,34
2024-02-03,21,27
2024-02-03,22,33
2024-02-03,23,36
2024-02-04,0,0
2024-02-04,1,0
2024-02-04,2,0
2024-02-04,3,0
2024-02-04,4,0
2024-02-04,5,0
2024-02-04,6,0
2024-02-04,7,0
2024-02-04,8,0
2024-02-04,9,0
2024-02-04,10,23
2024-02-04,11,24
2024-02-04,12,34
2024-02-04,13,34
2024-02-04,14,34
2024-02-04,15,18
2024-02-04,16,18
2024-02-04,17,21
2024-02-04,18,34
2024-02-04,19,33
2024-02-04,20,31
2024-02-04,21,34
2024-02-04,22,33
2024-02-04,23,33
2024-02-05,0,0
2024-02-05,1,0
2024-02-05,2,0
2024-02-05,3,0
2024-02-05,4,0
2024-02-05,5,0
2024-02-05,6,0
2024-02-05,7,0
2024-02-05,8,0
2024-02-05,9,0
2024-02-05,10,13
2024-02-05,11,13
2024-02-05,12,16
2024-02-05,13,18
2024-02-05,14,19
2024-02-05,15,11
2024-02-05,16,11
2024-02-05,17,8
2024-02-05,18,18
2024-02-05,19,13
2024-02-05,20,15
2024-02-05,21,12
2024-02-05,22,13
2024-02-05,23,16
2024-02-06,0,0
2024-02-06,1,0
2024-02-06,2,0
2024-02-06,3,0
2024-02-06,4,0
2024-02-06,5,0
2024-02-06,6,0
2024-02-06,7,0
2024-02-06,8,0
2024-02-06,9,0
2024-02-06,10,10
2024-02-06,11,11
2024-02-06,12,16
2024-02-06,13,16
2024-02-06,14,15
2024-02-06,15,10
2024-02-06,16,9
2024-02-06,17,13
2024-02-06,18,18
2024-02-06,19,13
2024-02-06,20,13
2024-02-06,21,12
2024-02-06,22,12
2024-02-06,23,18
2024-02-07,0,0
2024-02-07,1,0
2024-02-07,2,0
2024-02-07,3,0
2024-02-07,4,0
2024-02-07,5,0
2024-02-07,6,0
2024-02-07,7,0
2024-02-07,8,0
2024-02-07,9,0
2024-02-07,10,11
2024-02-07,11,13
2024-02-07,12,13
2024-02-07,13,19
2024-02-07,14,16
2024-02-07,15,8
2024-02-07,16,12
2024-02-07,17,9
2024-02-07,18,15
2024-02-07,19,13
2024-02-07,20,15
2024-02-07,21,19
2024-02-07,22,19
2024-02-07,23,12
2024-02-08,0,0
2024-02-08,1,0
2024-02-08,2,0
2024-02-08,3,0
2024-02-08,4,0
2024-02-08,5,0
2024-02-08,6,0
2024-02-08,7,0
2024-02-08,8,0
2024-02-08,9,0
2024-02-08,10,10
2024-02-08,11,12
2024-02-08,12,16
2024-02-08,13,19
2024-02-08,14,19
2024-02-08,15,12
2024-02-08,16,11
2024-02-08,17,8
2024-02-08,18,18
2024-02-08,19,19
2024-02-08,20,16
2024-02-08,21,18
2024-02-08,22,15
2024-02-08,23,12
2024-02-09,0,0
2024-02-09,1,0
2024-02-09,2,0
2024-02-09,3,0
2024-02-09,4,0
2024-02-09,5,0
2024-02-09,6,0
2024-02-09,7,0
2024-02-09,8,0
2024-02-09,9,0
2024-02-09,10,19
2024-02-09,11,22
2024-02-09,12,30
2024-02-09,13,27
2024-02-09,14,28
2024-02-09,15,23
2024-02-09,16,24
2024-02-09,17,18
2024-02-09,18,30
2024-02-09,19,28
2024-02-09,20,30
2024-02-09,21,28
2024-02-09,22,36
2024-02-09,23,36
2024-02-10,0,0
2024-02-10,1,0
2024-02-10,2,0
2024-02-10,3,0
2024-02-10,4,0
2024-02-10,5,0
2024-02-10,6,0
2024-02-10,7,0
2024-02-10,8,0
2024-02-10,9,0
2024-02-10,10,19
2024-02-10,11,18
2024-02-10,12,31
2024-02-10,13,31
2024-02-10,14,36
2024-02-10,15,20
2024-02-10,16,21
2024-02-10,17,18
2024-02-10,18,28
2024-02-10,19,28
2024-02-10,20,31
2024-02-10,21,34
2024-02-10,22,28
2024-02-10,23,36
2024-02-11,0,0
2024-02-11,1,0
2024-02-11,2,0
2024-02-11,3,0
2024-02-11,4,0
2024-02-11,5,0
2024-02-11,6,0
2024-02-11,7,0
2024-02-11,8,0
2024-02-11,9,0
2024-02-11,10,23
2024-02-11,11,22
2024-02-11,12,30
2024-02-11,13,27
2024-02-11,14,31
2024-02-11,15,23
2024-02-11,16,23
2024-02-11,17,18
2024-02-11,18,27
2024-02-11,19,30
2024-02-11,20,33
2024-02-11,21,36
2024-02-11,22,30
2024-02-11,23,33
2024-02-12,0,0
2024-02-12,1,0
2024-02-12,2,0
2024-02-12,3,0
2024-02-12,4,0
2024-02-12,5,0
2024-02-12,6,0
2024-02-12,7,0
2024-02-12,8,0
2024-02-12,9,0
2024-02-12,10,13
2024-02-12,11,13
2024-02-12,12,13
2024-02-12,13,13
2024-02-12,14,13
2024-02-12,15,11
2024-02-12,16,8
2024-02-12,17,13
2024-02-12,18,19
2024-02-12,19,13
2024-02-12,20,13
2024-02-12,21,15
2024-02-12,22,19
2024-02-12,23,12
2024-02-13,0,0
2024-02-13,1,0
2024-02-13,2,0
2024-02-13,3,0
2024-02-13,4,0
2024-02-13,5,0
2024-02-13,6,0
2024-02-13,7,0
2024-02-13,8,0
2024-02-13,9,0
2024-02-13,10,13
2024-02-13,11,13
2024-02-13,12,15
2024-02-13,13,12
2024-02-13,14,13
2024-02-13,15,9
2024-02-13,16,12
2024-02-13,17,10
2024-02-13,18,19
2024-02-13,19,12
2024-02-13,20,18
2024-02-13,21,19
2024-02-13,22,16
2024-02-13,23,19
2024-02-14,0,0
2024-02-14,1,0
2024-02-14,2,0
2024-02-14,3,0
2024-02-14,4,0
2024-02-14,5,0
2024-02-14,6,0
2024-02-14,7,0
2024-02-14,8,0
2024-02-14,9,0
2024-02-14,10,10
2024-02-14,11,8
2024-02-14,12,18
2024-02-14,13,13
2024-02-14,14,15
2024-02-14,15,11
2024-02-14,16,11
2024-02-14,17,9
2024-02-14,18,13
2024-02-14,19,16
2024-02-14,20,15
2024-02-14,21,15
2024-02-14,22,18
2024-02-14,23,15
2024-02-15,0,0
2024-02-15,1,0
2024-02-15,2,0
2024-02-15,3,0
2024-02-15,4,0
2024-02-15,5,0
2024-02-15,6,0
2024-02-15,7,0
2024-02-15,8,0
2024-02-15,9,0
2024-02-15,10,11
2024-02-15,11,9
2024-02-15,12,15
2024-02-15,13,12
2024-02-15,14,15
2024-02-15,15,11
2024-02-15,16,9
2024-02-15,17,10
2024-02-15,18,13
2024-02-15,19,13
2024-02-15,20,15
2024-02-15,21,18
2024-02-15,22,15
2024-02-15,23,18
2024-02-16,0,0
2024-02-16,1,0
2024-02-16,2,0
2024-02-16,3,0
2024-02-16,4,0
2024-02-16,5,0
2024-02-16,6,0
2024-02-16,7,0
2024-02-16,8,0
2024-02-16,9,0
2024-02-16,10,18
2024-02-16,11,18
2024-02-16,12,31
2024-02-16,13,31
2024-02-16,14,34
2024-02-16,15,20
2024-02-16,16,24
2024-02-16,17,24
2024-02-16,18,28
2024-02-16,19,33
2024-02-16,20,30
2024-02-16,21,27
2024-02-16,22,36
2024-02-16,23,33
2024-02-17,0,0
2024-02-17,1,0
2024-02-17,2,0
2024-02-17,3,0
2024-02-17,4,0
2024-02-17,5,0
2024-02-17,6,0
2024-02-17,7,0
2024-02-17,8,0
2024-02-17,9,0
2024-02-17,10,18
2024-02-17,11,24
2024-02-17,12,27
2024-02-17,13,36
2024-02-17,14,31
2024-02-17,15,24
2024-02-17,16,23
2024-02-17,17,23
2024-02-17,18,31
2024-02-17,19,27
2024-02-17,20,30
2024-02-17,21,34
2024-02-17,22,36
2024-02-17,23,30
2024-02-18,0,0
2024-02-18,1,0
2024-02-18,2,0
2024-02-18,3,0
2024-02-18,4,0
2024-02-18,5,0
2024-02-18,6,0
2024-02-18,7,0
2024-02-18,8,0
2024-02-18,9,0
2024-02-18,10,23
2024-02-18,11,22
2024-02-18,12,33
2024-02-18,13,36
2024-02-18,14,36
2024-02-18,15,23
2024-02-18,16,22
2024-02-18,17,21
2024-02-18,18,27
2024-02-18,19,36
2024-02-18,20,27
2024-02-18,21,30
2024-02-18,22,33
2024-02-18,23,31
2024-02-19,0,0
2024-02-19,1,0
2024-02-19,2,0
2024-02-19,3,0
2024-02-19,4,0
2024-02-19,5,0
2024-02-19,6,0
2024-02-19,7,0
2024-02-19,8,0
2024-02-19,9,0
2024-02-19,10,12
2024-02-19,11,12
2024-02-19,12,15
2024-02-19,13,19
2024-02-19,14,15
2024-02-19,15,13
2024-02-19,16,11
2024-02-19,17,9
2024-02-19,18,16
2024-02-19,19,12
2024-02-19,20,13
2024-02-19,21,15
2024-02-19,22,18
2024-02-19,23,19
2024-02-20,0,0
2024-02-20,1,0
2024-02-20,2,0
2024-02-20,3,0
2024-02-20,4,0
2024-02-20,5,0
2024-02-20,6,0
2024-02-20,7,0
2024-02-20,8,0
2024-02-20,9,0
2024-02-20,10,11
2024-02-20,11,11
2024-02-20,12,15
2024-02-20,13,15
2024-02-20,14,16
2024-02-20,15,12
2024-02-20,16,9
2024-02-20,17,9
2024-02-20,18,13
2024-02-20,19,13
2024-02-20,20,16
2024-02-20,21,16
2024-02-20,22,15
2024-02-20,23,13
2024-02-21,0,0
2024-02-21,1,0
2024-02-21,2,0
2024-02-21,3,0
2024-02-21,4,0
2024-02-21,5,0
2024-02-21,6,0
2024-02-21,7,0
2024-02-21,8,0
2024-02-21,9,0
2024-02-21,10,10
2024-02-21,11,11
2024-02-21,12,13
2024-02-21,13,15
2024-02-21,14,19
2024-02-21,15,13
2024-02-21,16,12
2024-02-21,17,12
2024-02-21,18,19
2024-02-21,19,18
2024-02-21,20,16
2024-02-21,21,19
2024-02-21,22,18
2024-02-21,23,15
2024-02-22,0,0
2024-02-22,1,0
2024-02-22,2,0
2024-02-22,3,0
2024-02-22,4,0
2024-02-22,5,0
2024-02-22,6,0
2024-02-22,7,0
2024-02-22,8,0
2024-02-22,9,0
2024-02-22,10,8
2024-02-22,11,10
2024-02-22,12,15
2024-02-22,13,16
2024-02-22,14,16
2024-02-22,15,8
2024-02-22,16,8
2024-02-22,17,12
2024-02-22,18,19
2024-02-22,19,19
2024-02-22,20,13
2024-02-22,21,16
2024-02-22,22,16
2024-02-22,23,16
2024-02-23,0,0
2024-02-23,1,0
2024-02-23,2,0
2024-02-23,3,0
2024-02-23,4,0
2024-02-23,5,0
2024-02-23,6,0
2024-02-23,7,0
2024-02-23,8,0
2024-02-23,9,0
2024-02-23,10,18
2024-02-23,11,22
2024-02-23,12,30
2024-02-23,13,36
2024-02-23,14,36
2024-02-23,15,22
2024-02-23,16,20
2024-02-23,17,24
2024-02-23,18,30
2024-02-23,19,33
2024-02-23,20,27
2024-02-23,21,36
2024-02-23,22,34
2024-02-23,23,34
2024-02-24,0,0
2024-02-24,1,0
2024-02-24,2,0
2024-02-24,3,0
2024-02-24,4,0
2024-02-24,5,0
2024-02-24,6,0
2024-02-24,7,0
2024-02-24,8,0
2024-02-24,9,0
2024-02-24,10,19
2024-02-24,11,24
2024-02-24,12,36
2024-02-24,13,30
2024-02-24,14,28
2024-02-24,15,21
2024-02-24,16,18
2024-02-24,17,24
2024-02-24,18,36
2024-02-24,19,28
2024-02-24,20,33
2024-02-24,21,28
2024-02-24,22,33
2024-02-24,23,28
2024-02-25,0,0
2024-02-25,1,0
2024-02-25,2,0
2024-02-25,3,0
2024-02-25,4,0
2024-02-25,5,0
2024-02-25,6,0
2024-02-25,7,0
2024-02-25,8,0
2024-02-25,9,0
2024-02-25,10,22
2024-02-25,11,18
2024-02-25,12,27
2024-02-25,13,34
2024-02-25,14,36
2024-02-25,15,23
2024-02-25,16,22
2024-02-25,17,22
2024-02-25,18,27
2024-02-25,19,30
2024-02-25,20,33
2024-02-25,21,36
2024-02-25,22,33
2024-02-25,23,31
2024-02-26,0,0
2024-02-26,1,0
2024-02-26,2,0
2024-02-26,3,0
2024-02-26,4,0
2024-02-26,5,0
2024-02-26,6,0
2024-02-26,7,0
2024-02-26,8,0
2024-02-26,9,0
2024-02-26,10,11
2024-02-26,11,12
2024-02-26,12,16
2024-02-26,13,15
2024-02-26,14,13
2024-02-26,15,8
2024-02-26,16,11
2024-02-26,17,11
2024-02-26,18,12
2024-02-26,19,13
2024-02-26,20,19
2024-02-26,21,19
2024-02-26,22,12
2024-02-26,23,16
2024-02-27,0,0
2024-02-27,1,0
2024-02-27,2,0
2024-02-27,3,0
2024-02-27,4,0
2024-02-27,5,0
2024-02-27,6,0
2024-02-27,7,0
2024-02-27,8,0
2024-02-27,9,0
2024-02-27,10,11
2024-02-27,11,8
2024-02-27,12,16
2024-02-27,13,16
2024-02-27,14,13
2024-02-27,15,8
2024-02-27,16,8
2024-02-27,17,9
2024-02-27,18,13
2024-02-27,19,16
2024-02-27,20,12
2024-02-27,21,13
2024-02-27,22,18
2024-02-27,23,12
2024-02-28,0,0
2024-02-28,1,0
2024-02-28,2,0
2024-02-28,3,0
2024-02-28,4,0
2024-02-28,5,0
2024-02-28,6,0
2024-02-28,7,0
2024-02-28,8,0
2024-02-28,9,0
2024-02-28,10,10
2024-02-28,11,10
2024-02-28,12,19
2024-02-28,13,15
2024-02-28,14,12
2024-02-28,15,10
2024-02-28,16,10
2024-02-28,17,13
2024-02-28,18,15
2024-02-28,19,12
2024-02-28,20,19
2024-02-28,21,12
2024-02-28,22,16
2024-02-28,23,16
2024-02-29,0,0
2024-02-29,1,0
2024-02-29,2,0
2024-02-29,3,0
2024-02-29,4,0
2024-02-29,5,0
2024-02-29,6,0
2024-02-29,7,0
2024-02-29,8,0
2024-02-29,9,0
2024-02-29,10,12
2024-02-29,11,9
2024-02-29,12,19
2024-02-29,13,18
2024-02-29,14,13
2024-02-29,15,9
2024-02-29,16,10
2024-02-29,17,8
2024-02-29,18,19
2024-02-29,19,19
2024-02-29,20,16
2024-02-29,21,19
2024-02-29,22,19
2024-02-29,23,13
2024-03-01,0,0
2024-03-01,1,0
2024-03-01,2,0
2024-03-01,3,0
2024-03-01,4,0
2024-03-01,5,0
2024-03-01,6,0
2024-03-01,7,0
2024-03-01,8,0
2024-03-01,9,0
2024-03-01,10,23
2024-03-01,11,18
2024-03-01,12,30
2024-03-01,13,31
2024-03-01,14,34
2024-03-01,15,19
2024-03-01,16,21
2024-03-01,17,18
2024-03-01,18,31
2024-03-01,19,34
2024-03-01,20,34
2024-03-01,21,30
2024-03-01,22,31
2024-03-01,23,31
2024-03-02,0,0
2024-03-02,1,0
2024-03-02,2,0
2024-03-02,3,0
2024-03-02,4,0
2024-03-02,5,0
2024-03-02,6,0
2024-03-02,7,0
2024-03-02,8,0
2024-03-02,9,0
2024-03-02,10,22
2024-03-02,11,18
2024-03-02,12,34
2024-03-02,13,33
2024-03-02,14,31
2024-03-02,15,22
2024-03-02,16,22
2024-03-02,17,24
2024-03-02,18,31
2024-03-02,19,34
2024-03-02,20,30
2024-03-02,21,36
2024-03-02,22,28
2024-03-02,23,36
2024-03-03,0,0
2024-03-03,1,0
2024-03-03,2,0
2024-03-03,3,0
2024-03-03,4,0
2024-03-03,5,0
2024-03-03,6,0
2024-03-03,7,0
2024-03-03,8,0
2024-03-03,9,0
2024-03-03,10,23
2024-03-03,11,19
2024-03-03,12,27
2024-03-03,13,28
2024-03-03,14,30
2024-03-03,15,18
2024-03-03,16,23
2024-03-03,17,19
2024-03-03,18,31
2024-03-03,19,28
2024-03-03,20,28
2024-03-03,21,31
2024-03-03,22,34
2024-03-03,23,31
2024-03-04,0,0
2024-03-04,1,0
2024-03-04,2,0
2024-03-04,3,0
2024-03-04,4,0
2024-03-04,5,0
2024-03-04,6,0
2024-03-04,7,0
2024-03-04,8,0
2024-03-04,9,0
2024-03-04,10,11
2024-03-04,11,8
2024-03-04,12,15
2024-03-04,13,16
2024-03-04,14,16
2024-03-04,15,9
2024-03-04,16,8
2024-03-04,17,9
2024-03-04,18,12
2024-03-04,19,13
2024-03-04,20,15
2024-03-04,21,13
2024-03-04,22,15
2024-03-04,23,12
2024-03-05,0,0
2024-03-05,1,0
2024-03-05,2,0
2024-03-05,3,0
2024-03-05,4,0
2024-03-05,5,0
2024-03-05,6,0
2024-03-05,7,0
2024-03-05,8,0
2024-03-05,9,0
2024-03-05,10,9
2024-03-05,11,13
2024-03-05,12,19
2024-03-05,13,13
2024-03-05,14,15
2024-03-05,15,11
2024-03-05,16,11
2024-03-05,17,13
2024-03-05,18,18
2024-03-05,19,12
2024-03-05,20,15
2024-03-05,21,16
2024-03-05,22,16
2024-03-05,23,13
2024-03-06,0,0
2024-03-06,1,0
2024-03-06,2,0
2024-03-06,3,0
2024-03-06,4,0
2024-03-06,5,0
2024-03-06,6,0
2024-03-06,7,0
2024-03-06,8,0
2024-03-06,9,0
2024-03-06,10,8
2024-03-06,11,12
2024-03-06,12,12
2024-03-06,13,19
2024-03-06,14,15
2024-03-06,15,12
2024-03-06,16,9
2024-03-06,17,11
2024-03-06,18,13
2024-03-06,19,15
2024-03-06,20,12
2024-03-06,21,18
2024-03-06,22,16
2024-03-06,23,19
2024-03-07,0,0
2024-03-07,1,0
2024-03-07,2,0
2024-03-07,3,0
2024-03-07,4,0
2024-03-07,5,0
2024-03-07,6,0
2024-03-07,7,0
2024-03-07,8,0
2024-03-07,9,0
2024-03-07,10,13
2024-03-07,11,12
2024-03-07,12,18
2024-03-07,13,13
2024-03-07,14,15
2024-03-07,15,9
2024-03-07,16,13
2024-03-07,17,13
2024-03-07,18,16
2024-03-07,19,18
2024-03-07,20,19
2024-03-07,21,16
2024-03-07,22,16
2024-03-07,23,18
2024-03-08,0,0
2024-03-08,1,0
2024-03-08,2,0
2024-03-08,3,0
2024-03-08,4,0
2024-03-08,5,0
2024-03-08,6,0
2024-03-08,7,0
2024-03-08,8,0
2024-03-08,9,0
2024-03-08,10,32
2024-03-08,11,31
2024-03-08,12,55
2024-03-08,13,54
2024-03-08,14,51
2024-03-08,15,32
2024-03-08,16,32
2024-03-08,17,30
2024-03-08,18,48
2024-03-08,19,48
2024-03-08,20,46
2024-03-08,21,45
2024-03-08,22,52
2024-03-08,23,45
2024-03-09,0,0
2024-03-09,1,0
2024-03-09,2,0
2024-03-09,3,0
2024-03-09,4,0
2024-03-09,5,0
2024-03-09,6,0
2024-03-09,7,0
2024-03-09,8,0
2024-03-09,9,0
2024-03-09,10,19
2024-03-09,11,23
2024-03-09,12,30
2024-03-09,13,30
2024-03-09,14,34
2024-03-09,15,20
2024-03-09,16,21
2024-03-09,17,20
2024-03-09,18,31
2024-03-09,19,33
2024-03-09,20,30
2024-03-09,21,33
2024-03-09,22,30
2024-03-09,23,28
2024-03-10,0,0
2024-03-10,1,0
2024-03-10,2,0
2024-03-10,3,0
2024-03-10,4,0
2024-03-10,5,0
2024-03-10,6,0
2024-03-10,7,0
2024-03-10,8,0
2024-03-10,9,0
2024-03-10,10,18
2024-03-10,11,19
2024-03-10,12,34
2024-03-10,13,30
2024-03-10,14,28
2024-03-10,15,24
2024-03-10,16,22
2024-03-10,17,23
2024-03-10,18,31
2024-03-10,19,33
2024-03-10,20,33
2024-03-10,21,36
2024-03-10,22,30
2024-03-10,23,27
2024-03-11,0,0
2024-03-11,1,0
2024-03-11,2,0
2024-03-11,3,0
2024-03-11,4,0
2024-03-11,5,0
2024-03-11,6,0
2024-03-11,7,0
2024-03-11,8,0
2024-03-11,9,0
2024-03-11,10,12
2024-03-11,11,8
2024-03-11,12,13
2024-03-11,13,19
2024-03-11,14,19
2024-03-11,15,12
2024-03-11,16,10
2024-03-11,17,8
2024-03-11,18,18
2024-03-11,19,18
2024-03-11,20,18
2024-03-11,21,18
2024-03-11,22,12
2024-03-11,23,13
2024-03-12,0,0
2024-03-12,1,0
2024-03-12,2,0
2024-03-12,3,0
2024-03-12,4,0
2024-03-12,5,0
2024-03-12,6,0
2024-03-12,7,0
2024-03-12,8,0
2024-03-12,9,0
2024-03-12,10,10
2024-03-12,11,13
2024-03-12,12,19
2024-03-12,13,19
2024-03-12,14,18
2024-03-12,15,8
2024-03-12,16,11
2024-03-12,17,13
2024-03-12,18,16
2024-03-12,19,15
2024-03-12,20,16
2024-03-12,21,19
2024-03-12,22,12
2024-03-12,23,15
2024-03-13,0,0
2024-03-13,1,0
2024-03-13,2,0
2024-03-13,3,0
2024-03-13,4,0
2024-03-13,5,0
2024-03-13,6,0
2024-03-13,7,0
2024-03-13,8,0
2024-03-13,9,0
2024-03-13,10,10
2024-03-13,11,10
2024-03-13,12,19
2024-03-13,13,12
2024-03-13,14,12
2024-03-13,15,13
2024-03-13,16,13
2024-03-13,17,11
2024-03-13,18,13
2024-03-13,19,18
2024-03-13,20,16
2024-03-13,21,18
2024-03-13,22,13
2024-03-13,23,18
2024-03-14,0,0
2024-03-14,1,0
2024-03-14,2,0
2024-03-14,3,0
2024-03-14,4,0
2024-03-14,5,0
2024-03-14,6,0
2024-03-14,7,0
2024-03-14,8,0
2024-03-14,9,0
2024-03-14,10,13
2024-03-14,11,11
2024-03-14,12,18
2024-03-14,13,19
2024-03-14,14,19
2024-03-14,15,13
2024-03-14,16,13
2024-03-14,17,12
2024-03-14,18,12
2024-03-14,19,15
2024-03-14,20,15
2024-03-14,21,19
2024-03-14,22,13
2024-03-14,23,13
2024-03-15,0,0
2024-03-15,1,0
2024-03-15,2,0
2024-03-15,3,0
2024-03-15,4,0
2024-03-15,5,0
2024-03-15,6,0
2024-03-15,7,0
2024-03-15,8,0
2024-03-15,9,0
2024-03-15,10,19
2024-03-15,11,23
2024-03-15,12,36
2024-03-15,13,36
2024-03-15,14,28
2024-03-15,15,23
2024-03-15,16,19
2024-03-15,17,21
2024-03-15,18,31
2024-03-15,19,27
2024-03-15,20,36
2024-03-15,21,33
2024-03-15,22,27
2024-03-15,23,30
2024-03-16,0,0
2024-03-16,1,0
2024-03-16,2,0
2024-03-16,3,0
2024-03-16,4,0
2024-03-16,5,0
2024-03-16,6,0
2024-03-16,7,0
2024-03-16,8,0
2024-03-16,9,0
2024-03-16,10,23
2024-03-16,11,18
2024-03-16,12,34
2024-03-16,13,28
2024-03-16,14,31
2024-03-16,15,22
2024-03-16,16,18
2024-03-16,17,21
2024-03-16,18,30
2024-03-16,19,28
2024-03-16,20,34
2024-03-16,21,31
2024-03-16,22,34
2024-03-16,23,28
2024-03-17,0,0
2024-03-17,1,0
2024-03-17,2,0
2024-03-17,3,0
2024-03-17,4,0
2024-03-17,5,0
2024-03-17,6,0
2024-03-17,7,0
2024-03-17,8,0
2024-03-17,9,0
2024-03-17,10,19
2024-03-17,11,23
2024-03-17,12,34
2024-03-17,13,30
2024-03-17,14,36
2024-03-17,15,24
2024-03-17,16,19
2024-03-17,17,18
2024-03-17,18,30
2024-03-17,19,34
2024-03-17,20,27
2024-03-17,21,31
2024-03-17,22,27
2024-03-17,23,34
2024-03-18,0,0
2024-03-18,1,0
2024-03-18,2,0
2024-03-18,3,0
2024-03-18,4,0
2024-03-18,5,0
2024-03-18,6,0
2024-03-18,7,0
2024-03-18,8,0
2024-03-18,9,0
2024-03-18,10,8
2024-03-18,11,13
2024-03-18,12,16
2024-03-18,13,15
2024-03-18,14,19
2024-03-18,15,10
2024-03-18,16,8
2024-03-18,17,12
2024-03-18,18,12
2024-03-18,19,12
2024-03-18,20,15
2024-03-18,21,15
2024-03-18,22,15
2024-03-18,23,15
2024-03-19,0,0
2024-03-19,1,0
2024-03-19,2,0
2024-03-19,3,0
2024-03-19,4,0
2024-03-19,5,0
2024-03-19,6,0
2024-03-19,7,0
2024-03-19,8,0
2024-03-19,9,0
2024-03-19,10,9
2024-03-19,11,13
2024-03-19,12,19
2024-03-19,13,16
2024-03-19,14,19
2024-03-19,15,12
2024-03-19,16,8
2024-03-19,17,8
2024-03-19,18,16
2024-03-19,19,18
2024-03-19,20,18
2024-03-19,21,13
2024-03-19,22,13
2024-03-19,23,16
2024-03-20,0,0
2024-03-20,1,0
2024-03-20,2,0
2024-03-20,3,0
2024-03-20,4,0
2024-03-20,5,0
2024-03-20,6,0
2024-03-20,7,0
2024-03-20,8,0
2024-03-20,9,0
2024-03-20,10,10
2024-03-20,11,9
2024-03-20,12,19
2024-03-20,13,12
2024-03-20,14,16
2024-03-20,15,12
2024-03-20,16,10
2024-03-20,17,13
2024-03-20,18,13
2024-03-20,19,16
2024-03-20,20,12
2024-03-20,21,15
2024-03-20,22,18
2024-03-20,23,12
2024-03-21,0,0
2024-03-21,1,0
2024-03-21,2,0
2024-03-21,3,0
2024-03-21,4,0
2024-03-21,5,0
2024-03-21,6,0
2024-03-21,7,0
2024-03-21,8,0
2024-03-21,9,0
2024-03-21,10,12
2024-03-21,11,13
2024-03-21,12,15
2024-03-21,13,16
2024-03-21,14,13
2024-03-21,15,9
2024-03-21,16,9
2024-03-21,17,10
2024-03-21,18,16
2024-03-21,19,13
2024-03-21,20,12
2024-03-21,21,19
2024-03-21,22,19
2024-03-21,23,18
2024-03-22,0,0
2024-03-22,1,0
2024-03-22,2,0
2024-03-22,3,0
2024-03-22,4,0
2024-03-22,5,0
2024-03-22,6,0
2024-03-22,7,0
2024-03-22,8,0
2024-03-22,9,0
2024-03-22,10,20
2024-03-22,11,24
2024-03-22,12,28
2024-03-22,13,31
2024-03-22,14,31
2024-03-22,15,19
2024-03-22,16,22
2024-03-22,17,21
2024-03-22,18,34
2024-03-22,19,34
2024-03-22,20,36
2024-03-22,21,27
2024-03-22,22,27
2024-03-22,23,33
2024-03-23,0,0
2024-03-23,1,0
2024-03-23,2,0
2024-03-23,3,0
2024-03-23,4,0
2024-03-23,5,0
2024-03-23,6,0
2024-03-23,7,0
2024-03-23,8,0
2024-03-23,9,0
2024-03-23,10,24
2024-03-23,11,21
2024-03-23,12,36
2024-03-23,13,31
2024-03-23,14,28
2024-03-23,15,23
2024-03-23,16,19
2024-03-23,17,18
2024-03-23,18,27
2024-03-23,19,31
2024-03-23,20,34
2024-03-23,21,27
2024-03-23,22,27
2024-03-23,23,36
2024-03-24,0,0
2024-03-24,1,0
2024-03-24,2,0
2024-03-24,3,0
2024-03-24,4,0
2024-03-24,5,0
2024-03-24,6,0
2024-03-24,7,0
2024-03-24,8,0
2024-03-24,9,0
2024-03-24,10,22
2024-03-24,11,18
2024-03-24,12,31
2024-03-24,13,31
2024-03-24,14,27
2024-03-24,15,18
2024-03-24,16,24
2024-03-24,17,24
2024-03-24,18,34
2024-03-24,19,31
2024-03-24,20,28
2024-03-24,21,34
2024-03-24,22,28
2024-03-24,23,34
2024-03-25,0,0
2024-03-25,1,0
2024-03-25,2,0
2024-03-25,3,0
2024-03-25,4,0
2024-03-25,5,0
2024-03-25,6,0
2024-03-25,7,0
2024-03-25,8,0
2024-03-25,9,0
2024-03-25,10,36
2024-03-25,11,37
2024-03-25,12,54
2024-03-25,13,46
2024-03-25,14,58
2024-03-25,15,38
2024-03-25,16,37
2024-03-25,17,38
2024-03-25,18,52
2024-03-25,19,46
2024-03-25,20,52
2024-03-25,21,46
2024-03-25,22,52
2024-03-25,23,57
2024-03-26,0,0
2024-03-26,1,0
2024-03-26,2,0
2024-03-26,3,0
2024-03-26,4,0
2024-03-26,5,0
2024-03-26,6,0
2024-03-26,7,0
2024-03-26,8,0
2024-03-26,9,0
2024-03-26,10,9
2024-03-26,11,9
2024-03-26,12,18
2024-03-26,13,13
2024-03-26,14,13
2024-03-26,15,8
2024-03-26,16,10
2024-03-26,17,11
2024-03-26,18,16
2024-03-26,19,12
2024-03-26,20,18
2024-03-26,21,13
2024-03-26,22,15
2024-03-26,23,16
2024-03-27,0,0
2024-03-27,1,0
2024-03-27,2,0
2024-03-27,3,0
2024-03-27,4,0
2024-03-27,5,0
2024-03-27,6,0
2024-03-27,7,0
2024-03-27,8,0
2024-03-27,9,0
2024-03-27,10,12
2024-03-27,11,8
2024-03-27,12,13
2024-03-27,13,16
2024-03-27,14,19
2024-03-27,15,8
2024-03-27,16,9
2024-03-27,17,10
2024-03-27,18,13
2024-03-27,19,12
2024-03-27,20,12
2024-03-27,21,15
2024-03-27,22,12
2024-03-27,23,13
2024-03-28,0,0
2024-03-28,1,0
2024-03-28,2,0
2024-03-28,3,0
2024-03-28,4,0
2024-03-28,5,0
2024-03-28,6,0
2024-03-28,7,0
2024-03-28,8,0
2024-03-28,9,0
2024-03-28,10,9
2024-03-28,11,13
2024-03-28,12,19
2024-03-28,13,19
2024-03-28,14,15
2024-03-28,15,8
2024-03-28,16,10
2024-03-28,17,13
2024-03-28,18,13
2024-03-28,19,16
2024-03-28,20,18
2024-03-28,21,15
2024-03-28,22,18
2024-03-28,23,18
2024-03-29,0,0
2024-03-29,1,0
2024-03-29,2,0
2024-03-29,3,0
2024-03-29,4,0
2024-03-29,5,0
2024-03-29,6,0
2024-03-29,7,0
2024-03-29,8,0
2024-03-29,9,0
2024-03-29,10,30
2024-03-29,11,30
2024-03-29,12,57
2024-03-29,13,48
2024-03-29,14,45
2024-03-29,15,39
2024-03-29,16,33
2024-03-29,17,38
2024-03-29,18,46
2024-03-29,19,48
2024-03-29,20,51
2024-03-29,21,54
2024-03-29,22,49
2024-03-29,23,52
2024-03-30,0,0
2024-03-30,1,0
2024-03-30,2,0
2024-03-30,3,0
2024-03-30,4,0
2024-03-30,5,0
2024-03-30,6,0
2024-03-30,7,0
2024-03-30,8,0
2024-03-30,9,0
2024-03-30,10,19
2024-03-30,11,21
2024-03-30,12,33
2024-03-30,13,31
2024-03-30,14,27
2024-03-30,15,22
2024-03-30,16,18
2024-03-30,17,24
2024-03-30,18,27
2024-03-30,19,31
2024-03-30,20,36
2024-03-30,21,30
2024-03-30,22,31
2024-03-30,23,30
2024-03-31,0,0
2024-03-31,1,0
2024-03-31,2,0
2024-03-31,3,0
2024-03-31,4,0
2024-03-31,5,0
2024-03-31,6,0
2024-03-31,7,0
2024-03-31,8,0
2024-03-31,9,0
2024-03-31,10,19
2024-03-31,11,24
2024-03-31,12,33
2024-03-31,13,27
2024-03-31,14,28
2024-03-31,15,22
2024-03-31,16,20
2024-03-31,17,22
2024-03-31,18,30
2024-03-31,19,33
2024-03-31,20,34
2024-03-31,21,33
2024-03-31,22,33
2024-03-31,23,28
2024-04-01,0,0
2024-04-01,1,0
2024-04-01,2,0
2024-04-01,3,0
2024-04-01,4,0
2024-04-01,5,0
2024-04-01,6,0
2024-04-01,7,0
2024-04-01,8,0
2024-04-01,9,0
2024-04-01,10,13
2024-04-01,11,13
2024-04-01,12,15
2024-04-01,13,12
2024-04-01,14,12
2024-04-01,15,11
2024-04-01,16,8
2024-04-01,17,9
2024-04-01,18,12
2024-04-01,19,19
2024-04-01,20,15
2024-04-01,21,16
2024-04-01,22,19
2024-04-01,23,18
2024-04-02,0,0
2024-04-02,1,0
2024-04-02,2,0
2024-04-02,3,0
2024-04-02,4,0
2024-04-02,5,0
2024-04-02,6,0
2024-04-02,7,0
2024-04-02,8,0
2024-04-02,9,0
2024-04-02,10,11
2024-04-02,11,8
2024-04-02,12,16
2024-04-02,13,15
2024-04-02,14,13
2024-04-02,15,8
2024-04-02,16,10
2024-04-02,17,10
2024-04-02,18,18
2024-04-02,19,15
2024-04-02,20,15
2024-04-02,21,15
2024-04-02,22,16
2024-04-02,23,12
2024-04-03,0,0
2024-04-03,1,0
2024-04-03,2,0
2024-04-03,3,0
2024-04-03,4,0
2024-04-03,5,0
2024-04-03,6,0
2024-04-03,7,0
2024-04-03,8,0
2024-04-03,9,0
2024-04-03,10,8
2024-04-03,11,12
2024-04-03,12,13
2024-04-03,13,12
2024-04-03,14,13
2024-04-03,15,10
2024-04-03,16,9
2024-04-03,17,11
2024-04-03,18,16
2024-04-03,19,12
2024-04-03,20,12
2024-04-03,21,13
2024-04-03,22,16
2024-04-03,23,13
2024-04-04,0,0
2024-04-04,1,0
2024-04-04,2,0
2024-04-04,3,0
2024-04-04,4,0
2024-04-04,5,0
2024-04-04,6,0
2024-04-04,7,0
2024-04-04,8,0
2024-04-04,9,0
2024-04-04,10,9
2024-04-04,11,13
2024-04-04,12,12
2024-04-04,13,15
2024-04-04,14,16
2024-04-04,15,11
2024-04-04,16,12
2024-04-04,17,12
2024-04-04,18,12
2024-04-04,19,16
2024-04-04,20,19
2024-04-04,21,15
2024-04-04,22,16
2024-04-04,23,12
2024-04-05,0,0
2024-04-05,1,0
2024-04-05,2,0
2024-04-05,3,0
2024-04-05,4,0
2024-04-05,5,0
2024-04-05,6,0
2024-04-05,7,0
2024-04-05,8,0
2024-04-05,9,0
2024-04-05,10,23
2024-04-05,11,22
2024-04-05,12,28
2024-04-05,13,33
2024-04-05,14,28
2024-04-05,15,20
2024-04-05,16,23
2024-04-05,17,21
2024-04-05,18,28
2024-04-05,19,30
2024-04-05,20,36
2024-04-05,21,33
2024-04-05,22,28
2024-04-05,23,36
2024-04-06,0,0
2024-04-06,1,0
2024-04-06,2,0
2024-04-06,3,0
2024-04-06,4,0
2024-04-06,5,0
2024-04-06,6,0
2024-04-06,7,0
2024-04-06,8,0
2024-04-06,9,0
2024-04-06,10,20
2024-04-06,11,19
2024-04-06,12,36
2024-04-06,13,30
2024-04-06,14,34
2024-04-06,15,23
2024-04-06,16,19
2024-04-06,17,19
2024-04-06,18,33
2024-04-06,19,31
2024-04-06,20,36
2024-04-06,21,30
2024-04-06,22,28
2024-04-06,23,27
2024-04-07,0,0
2024-04-07,1,0
2024-04-07,2,0
2024-04-07,3,0
2024-04-07,4,0
2024-04-07,5,0
2024-04-07,6,0
2024-04-07,7,0
2024-04-07,8,0
2024-04-07,9,0
2024-04-07,10,21
2024-04-07,11,21
2024-04-07,12,33
2024-04-07,13,28
2024-04-07,14,31
2024-04-07,15,21
2024-04-07,16,23
2024-04-07,17,20
2024-04-07,18,28
2024-04-07,19,30
2024-04-07,20,28
2024-04-07,21,31
2024-04-07,22,31
2024-04-07,23,27
2024-04-08,0,0
2024-04-08,1,0
2024-04-08,2,0
2024-04-08,3,0
2024-04-08,4,0
2024-04-08,5,0
2024-04-08,6,0
2024-04-08,7,0
2024-04-08,8,0
2024-04-08,9,0
2024-04-08,10,13
2024-04-08,11,11
2024-04-08,12,15
2024-04-08,13,16
2024-04-08,14,16
2024-04-08,15,8
2024-04-08,16,12
2024-04-08,17,10
2024-04-08,18,19
2024-04-08,19,19
2024-04-08,20,13
2024-04-08,21,13
2024-04-08,22,19
2024-04-08,23,13
2024-04-09,0,0
2024-04-09,1,0
2024-04-09,2,0
2024-04-09,3,0
2024-04-09,4,0
2024-04-09,5,0
2024-04-09,6,0
2024-04-09,7,0
2024-04-09,8,0
2024-04-09,9,0
2024-04-09,10,8
2024-04-09,11,10
2024-04-09,12,12
2024-04-09,13,18
2024-04-09,14,16
2024-04-09,15,8
2024-04-09,16,13
2024-04-09,17,10
2024-04-09,18,15
2024-04-09,19,16
2024-04-09,20,16
2024-04-09,21,12
2024-04-09,22,18
2024-04-09,23,19
2024-04-10,0,0
2024-04-10,1,0
2024-04-10,2,0
2024-04-10,3,0
2024-04-10,4,0
2024-04-10,5,0
2024-04-10,6,0
2024-04-10,7,0
2024-04-10,8,0
2024-04-10,9,0
2024-04-10,10,9
2024-04-10,11,8
2024-04-10,12,12
2024-04-10,13,15
2024-04-10,14,13
2024-04-10,15,11
2024-04-10,16,13
2024-04-10,17,9
2024-04-10,18,18
2024-04-10,19,13
2024-04-10,20,16
2024-04-10,21,18
2024-04-10,22,19
2024-04-10,23,12
2024-04-11,0,0
2024-04-11,1,0
2024-04-11,2,0
2024-04-11,3,0
2024-04-11,4,0
2024-04-11,5,0
2024-04-11,6,0
2024-04-11,7,0
2024-04-11,8,0
2024-04-11,9,0
2024-04-11,10,38
2024-04-11,11,39
2024-04-11,12,54
2024-04-11,13,58
2024-04-11,14,49
2024-04-11,15,32
2024-04-11,16,38
2024-04-11,17,30
2024-04-11,18,55
2024-04-11,19,45
2024-04-11,20,57
2024-04-11,21,55
2024-04-11,22,58
2024-04-11,23,58
2024-04-12,0,0
2024-04-12,1,0
2024-04-12,2,0
2024-04-12,3,0
2024-04-12,4,0
2024-04-12,5,0
2024-04-12,6,0
2024-04-12,7,0
2024-04-12,8,0
2024-04-12,9,0
2024-04-12,10,24
2024-04-12,11,23
2024-04-12,12,30
2024-04-12,13,27
2024-04-12,14,28
2024-04-12,15,22
2024-04-12,16,23
2024-04-12,17,23
2024-04-12,18,31
2024-04-12,19,30
2024-04-12,20,36
2024-04-12,21,27
2024-04-12,22,30
2024-04-12,23,30
2024-04-13,0,0
2024-04-13,1,0
2024-04-13,2,0
2024-04-13,3,0
2024-04-13,4,0
2024-04-13,5,0
2024-04-13,6,0
2024-04-13,7,0
2024-04-13,8,0
2024-04-13,9,0
2024-04-13,10,18
2024-04-13,11,18
2024-04-13,12,30
2024-04-13,13,27
2024-04-13,14,33
2024-04-13,15,19
2024-04-13,16,19
2024-04-13,17,18
2024-04-13,18,36
2024-04-13,19,28
2024-04-13,20,30
2024-04-13,21,36
2024-04-13,22,30
2024-04-13,23,36
2024-04-14,0,0
2024-04-14,1,0
2024-04-14,2,0
2024-04-14,3,0
2024-04-14,4,0
2024-04-14,5,0
2024-04-14,6,0
2024-04-14,7,0
2024-04-14,8,0
2024-04-14,9,0
2024-04-14,10,22
2024-04-14,11,20
2024-04-14,12,31
2024-04-14,13,28
2024-04-14,14,31
2024-04-14,15,20
2024-04-14,16,21
2024-04-14,17,20
2024-04-14,18,28
2024-04-14,19,27
2024-04-14,20,27
2024-04-14,21,30
2024-04-14,22,34
2024-04-14,23,36
2024-04-15,0,0
2024-04-15,1,0
2024-04-15,2,0
2024-04-15,3,0
2024-04-15,4,0
2024-04-15,5,0
2024-04-15,6,0
2024-04-15,7,0
2024-04-15,8,0
2024-04-15,9,0
2024-04-15,10,8
2024-04-15,11,12
2024-04-15,12,18
2024-04-15,13,19
2024-04-15,14,12
2024-04-15,15,12
2024-04-15,16,10
2024-04-15,17,13
2024-04-15,18,12
2024-04-15,19,15
2024-04-15,20,19
2024-04-15,21,16
2024-04-15,22,12
2024-04-15,23,18
2024-04-16,0,0
2024-04-16,1,0
2024-04-16,2,0
2024-04-16,3,0
2024-04-16,4,0
2024-04-16,5,0
2024-04-16,6,0
2024-04-16,7,0
2024-04-16,8,0
2024-04-16,9,0
2024-04-16,10,11
2024-04-16,11,10
2024-04-16,12,18
2024-04-16,13,13
2024-04-16,14,12
2024-04-16,15,8
2024-04-16,16,11
2024-04-16,17,13
2024-04-16,18,19
2024-04-16,19,19
2024-04-16,20,18
2024-04-16,21,19
2024-04-16,22,19
2024-04-16,23,16
2024-04-17,0,0
2024-04-17,1,0
2024-04-17,2,0
2024-04-17,3,0
2024-04-17,4,0
2024-04-17,5,0
2024-04-17,6,0
2024-04-17,7,0
2024-04-17,8,0
2024-04-17,9,0
2024-04-17,10,12
2024-04-17,11,10
2024-04-17,12,15
2024-04-17,13,13
2024-04-17,14,16
2024-04-17,15,10
2024-04-17,16,10
2024-04-17,17,13
2024-04-17,18,13
2024-04-17,19,16
2024-04-17,20,13
2024-04-17,21,13
2024-04-17,22,18
2024-04-17,23,15
2024-04-18,0,0
2024-04-18,1,0
2024-04-18,2,0
2024-04-18,3,0
2024-04-18,4,0
2024-04-18,5,0
2024-04-18,6,0
2024-04-18,7,0
2024-04-18,8,0
2024-04-18,9,0
2024-04-18,10,13
2024-04-18,11,8
2024-04-18,12,13
2024-04-18,13,19
2024-04-18,14,19
2024-04-18,15,11
2024-04-18,16,9
2024-04-18,17,13
2024-04-18,18,16
2024-04-18,19,18
2024-04-18,20,12
2024-04-18,21,18
2024-04-18,22,16
2024-04-18,23,18
2024-04-19,0,0
2024-04-19,1,0
2024-04-19,2,0
2024-04-19,3,0
2024-04-19,4,0
2024-04-19,5,0
2024-04-19,6,0
2024-04-19,7,0
2024-04-19,8,0
2024-04-19,9,0
2024-04-19,10,24
2024-04-19,11,22
2024-04-19,12,36
2024-04-19,13,30
2024-04-19,14,36
2024-04-19,15,21
2024-04-19,16,20
2024-04-19,17,24
2024-04-19,18,36
2024-04-19,19,28
2024-04-19,20,33
2024-04-19,21,36
2024-04-19,22,34
2024-04-19,23,27
2024-04-20,0,0
2024-04-20,1,0
2024-04-20,2,0
2024-04-20,3,0
2024-04-20,4,0
2024-04-20,5,0
2024-04-20,6,0
2024-04-20,7,0
2024-04-20,8,0
2024-04-20,9,0
2024-04-20,10,18
2024-04-20,11,20
2024-04-20,12,36
2024-04-20,13,36
2024-04-20,14,27
2024-04-20,15,23
2024-04-20,16,18
2024-04-20,17,18
2024-04-20,18,33
2024-04-20,19,28
2024-04-20,20,28
2024-04-20,21,30
2024-04-20,22,27
2024-04-20,23,31
2024-04-21,0,0
2024-04-21,1,0
2024-04-21,2,0
2024-04-21,3,0
2024-04-21,4,0
2024-04-21,5,0
2024-04-21,6,0
2024-04-21,7,0
2024-04-21,8,0
2024-04-21,9,0
2024-04-21,10,37
2024-04-21,11,39
2024-04-21,12,54
2024-04-21,13,46
2024-04-21,14,46
2024-04-21,15,36
2024-04-21,16,37
2024-04-21,17,33
2024-04-21,18,52
2024-04-21,19,58
2024-04-21,20,57
2024-04-21,21,49
2024-04-21,22,58
2024-04-21,23,54
2024-04-22,0,0
2024-04-22,1,0
2024-04-22,2,0
2024-04-22,3,0
2024-04-22,4,0
2024-04-22,5,0
2024-04-22,6,0
2024-04-22,7,0
2024-04-22,8,0
2024-04-22,9,0
2024-04-22,10,13
2024-04-22,11,8
2024-04-22,12,18
2024-04-22,13,18
2024-04-22,14,13
2024-04-22,15,11
2024-04-22,16,9
2024-04-22,17,11
2024-04-22,18,16
2024-04-22,19,18
2024-04-22,20,19
2024-04-22,21,13
2024-04-22,22,18
2024-04-22,23,15
2024-04-23,0,0
2024-04-23,1,0
2024-04-23,2,0
2024-04-23,3,0
2024-04-23,4,0
2024-04-23,5,0
2024-04-23,6,0
2024-04-23,7,0
2024-04-23,8,0
2024-04-23,9,0
2024-04-23,10,9
2024-04-23,11,13
2024-04-23,12,15
2024-04-23,13,12
2024-04-23,14,12
2024-04-23,15,9
2024-04-23,16,9
2024-04-23,17,13
2024-04-23,18,15
2024-04-23,19,12
2024-04-23,20,12
2024-04-23,21,13
2024-04-23,22,13
2024-04-23,23,19
2024-04-24,0,0
2024-04-24,1,0
2024-04-24,2,0
2024-04-24,3,0
2024-04-24,4,0
2024-04-24,5,0
2024-04-24,6,0
2024-04-24,7,0
2024-04-24,8,0
2024-04-24,9,0
2024-04-24,10,12
2024-04-24,11,12
2024-04-24,12,13
2024-04-24,13,16
2024-04-24,14,15
2024-04-24,15,9
2024-04-24,16,11
2024-04-24,17,9
2024-04-24,18,16
2024-04-24,19,12
2024-04-24,20,19
2024-04-24,21,19
2024-04-24,22,19
2024-04-24,23,19
2024-04-25,0,0
2024-04-25,1,0
2024-04-25,2,0
2024-04-25,3,0
2024-04-25,4,0
2024-04-25,5,0
2024-04-25,6,0
2024-04-25,7,0
2024-04-25,8,0
2024-04-25,9,0
2024-04-25,10,12
2024-04-25,11,10
2024-04-25,12,19
2024-04-25,13,15
2024-04-25,14,16
2024-04-25,15,9
2024-04-25,16,9
2024-04-25,17,11
2024-04-25,18,13
2024-04-25,19,18
2024-04-25,20,19
2024-04-25,21,13
2024-04-25,22,18
2024-04-25,23,15
2024-04-26,0,0
2024-04-26,1,0
2024-04-26,2,0
2024-04-26,3,0
2024-04-26,4,0
2024-04-26,5,0
2024-04-26,6,0
2024-04-26,7,0
2024-04-26,8,0
2024-04-26,9,0
2024-04-26,10,18
2024-04-26,11,24
2024-04-26,12,30
2024-04-26,13,34
2024-04-26,14,33
2024-04-26,15,19
2024-04-26,16,18
2024-04-26,17,19
2024-04-26,18,36
2024-04-26,19,28
2024-04-26,20,28
2024-04-26,21,31
2024-04-26,22,34
2024-04-26,23,31
2024-04-27,0,0
2024-04-27,1,0
2024-04-27,2,0
2024-04-27,3,0
2024-04-27,4,0
2024-04-27,5,0
2024-04-27,6,0
2024-04-27,7,0
2024-04-27,8,0
2024-04-27,9,0
2024-04-27,10,23
2024-04-27,11,22
2024-04-27,12,36
2024-04-27,13,33
2024-04-27,14,36
2024-04-27,15,22
2024-04-27,16,20
2024-04-27,17,22
2024-04-27,18,33
2024-04-27,19,33
2024-04-27,20,28
2024-04-27,21,34
2024-04-27,22,28
2024-04-27,23,34
2024-04-28,0,0
2024-04-28,1,0
2024-04-28,2,0
2024-04-28,3,0
2024-04-28,4,0
2024-04-28,5,0
2024-04-28,6,0
2024-04-28,7,0
2024-04-28,8,0
2024-04-28,9,0
2024-04-28,10,23
2024-04-28,11,24
2024-04-28,12,31
2024-04-28,13,27
2024-04-28,14,31
2024-04-28,15,22
2024-04-28,16,20
2024-04-28,17,20
2024-04-28,18,31
2024-04-28,19,36
2024-04-28,20,31
2024-04-28,21,36
2024-04-28,22,27
2024-04-28,23,31
2024-04-29,0,0
2024-04-29,1,0
2024-04-29,2,0
2024-04-29,3,0
2024-04-29,4,0
2024-04-29,5,0
2024-04-29,6,0
2024-04-29,7,0
2024-04-29,8,0
2024-04-29,9,0
2024-04-29,10,13
2024-04-29,11,8
2024-04-29,12,16
2024-04-29,13,16
2024-04-29,14,19
2024-04-29,15,11
2024-04-29,16,9
2024-04-29,17,12
2024-04-29,18,15
2024-04-29,19,12
2024-04-29,20,13
2024-04-29,21,18
2024-04-29,22,12
2024-04-29,23,13
2024-04-30,0,0
2024-04-30,1,0
2024-04-30,2,0
2024-04-30,3,0
2024-04-30,4,0
2024-04-30,5,0
2024-04-30,6,0
2024-04-30,7,0
2024-04-30,8,0
2024-04-30,9,0
2024-04-30,10,9
2024-04-30,11,12
2024-04-30,12,12
2024-04-30,13,15
2024-04-30,14,16
2024-04-30,15,8
2024-04-30,16,9
2024-04-30,17,13
2024-04-30,18,15
2024-04-30,19,13
2024-04-30,20,13
2024-04-30,21,15
2024-04-30,22,19
2024-04-30,23,13
2024-05-01,0,0
2024-05-01,1,0
2024-05-01,2,0
2024-05-01,3,0
2024-05-01,4,0
2024-05-01,5,0
2024-05-01,6,0
2024-05-01,7,0
2024-05-01,8,0
2024-05-01,9,0
2024-05-01,10,12
2024-05-01,11,12
2024-05-01,12,19
2024-05-01,13,16
2024-05-01,14,18
2024-05-01,15,8
2024-05-01,16,8
2024-05-01,17,12
2024-05-01,18,13
2024-05-01,19,16
2024-05-01,20,12
2024-05-01,21,12
2024-05-01,22,13
2024-05-01,23,19
2024-05-02,0,0
2024-05-02,1,0
2024-05-02,2,0
2024-05-02,3,0
2024-05-02,4,0
2024-05-02,5,0
2024-05-02,6,0
2024-05-02,7,0
2024-05-02,8,0
2024-05-02,9,0
2024-05-02,10,8
2024-05-02,11,11
2024-05-02,12,19
2024-05-02,13,12
2024-05-02,14,19
2024-05-02,15,13
2024-05-02,16,12
2024-05-02,17,9
2024-05-02,18,13
2024-05-02,19,15
2024-05-02,20,18
2024-05-02,21,15
2024-05-02,22,16
2024-05-02,23,15
2024-05-03,0,0
2024-05-03,1,0
2024-05-03,2,0
2024-05-03,3,0
2024-05-03,4,0
2024-05-03,5,0
2024-05-03,6,0
2024-05-03,7,0
2024-05-03,8,0
2024-05-03,9,0
2024-05-03,10,18
2024-05-03,11,20
2024-05-03,12,36
2024-05-03,13,30
2024-05-03,14,30
2024-05-03,15,20
2024-05-03,16,20
2024-05-03,17,19
2024-05-03,18,30
2024-05-03,19,28
2024-05-03,20,34
2024-05-03,21,33
2024-05-03,22,34
2024-05-03,23,28
2024-05-04,0,0
2024-05-04,1,0
2024-05-04,2,0
2024-05-04,3,0
2024-05-04,4,0
2024-05-04,5,0
2024-05-04,6,0
2024-05-04,7,0
2024-05-04,8,0
2024-05-04,9,0
2024-05-04,10,20
2024-05-04,11,18
2024-05-04,12,31
2024-05-04,13,30
2024-05-04,14,36
2024-05-04,15,23
2024-05-04,16,19
2024-05-04,17,24
2024-05-04,18,27
2024-05-04,19,33
2024-05-04,20,33
2024-05-04,21,28
2024-05-04,22,33
2024-05-04,23,34
2024-05-05,0,0
2024-05-05,1,0
2024-05-05,2,0
2024-05-05,3,0
2024-05-05,4,0
2024-05-05,5,0
2024-05-05,6,0
2024-05-05,7,0
2024-05-05,8,0
2024-05-05,9,0
2024-05-05,10,23
2024-05-05,11,23
2024-05-05,12,36
2024-05-05,13,36
2024-05-05,14,28
2024-05-05,15,18
2024-05-05,16,20
2024-05-05,17,20
2024-05-05,18,31
2024-05-05,19,30
2024-05-05,20,34
2024-05-05,21,27
2024-05-05,22,27
2024-05-05,23,33
2024-05-06,0,0
2024-05-06,1,0
2024-05-06,2,0
2024-05-06,3,0
2024-05-06,4,0
2024-05-06,5,0
2024-05-06,6,0
2024-05-06,7,0
2024-05-06,8,0
2024-05-06,9,0
2024-05-06,10,8
2024-05-06,11,9
2024-05-06,12,15
2024-05-06,13,18
2024-05-06,14,16
2024-05-06,15,12
2024-05-06,16,13
2024-05-06,17,13
2024-05-06,18,13
2024-05-06,19,18
2024-05-06,20,15
2024-05-06,21,19
2024-05-06,22,12
2024-05-06,23,19
2024-05-07,0,0
2024-05-07,1,0
2024-05-07,2,0
2024-05-07,3,0
2024-05-07,4,0
2024-05-07,5,0
2024-05-07,6,0
2024-05-07,7,0
2024-05-07,8,0
2024-05-07,9,0
2024-05-07,10,11
2024-05-07,11,12
2024-05-07,12,16
2024-05-07,13,18
2024-05-07,14,12
2024-05-07,15,13
2024-05-07,16,11
2024-05-07,17,10
2024-05-07,18,12
2024-05-07,19,19
2024-05-07,20,12
2024-05-07,21,19
2024-05-07,22,12
2024-05-07,23,15
2024-05-08,0,0
2024-05-08,1,0
2024-05-08,2,0
2024-05-08,3,0
2024-05-08,4,0
2024-05-08,5,0
2024-05-08,6,0
2024-05-08,7,0
2024-05-08,8,0
2024-05-08,9,0
2024-05-08,10,10
2024-05-08,11,9
2024-05-08,12,15
2024-05-08,13,18
2024-05-08,14,18
2024-05-08,15,13
2024-05-08,16,11
2024-05-08,17,9
2024-05-08,18,13
2024-05-08,19,12
2024-05-08,20,13
2024-05-08,21,18
2024-05-08,22,12
2024-05-08,23,15
2024-05-09,0,0
2024-05-09,1,0
2024-05-09,2,0
2024-05-09,3,0
2024-05-09,4,0
2024-05-09,5,0
2024-05-09,6,0
2024-05-09,7,0
2024-05-09,8,0
2024-05-09,9,0
2024-05-09,10,10
2024-05-09,11,12
2024-05-09,12,18
2024-05-09,13,12
2024-05-09,14,13
2024-05-09,15,11
2024-05-09,16,10
2024-05-09,17,12
2024-05-09,18,13
2024-05-09,19,16
2024-05-09,20,12
2024-05-09,21,12
2024-05-09,22,12
2024-05-09,23,16
2024-05-10,0,0
2024-05-10,1,0
2024-05-10,2,0
2024-05-10,3,0
2024-05-10,4,0
2024-05-10,5,0
2024-05-10,6,0
2024-05-10,7,0
2024-05-10,8,0
2024-05-10,9,0
2024-05-10,10,19
2024-05-10,11,22
2024-05-10,12,27
2024-05-10,13,30
2024-05-10,14,28
2024-05-10,15,20
2024-05-10,16,23
2024-05-10,17,18
2024-05-10,18,28
2024-05-10,19,30
2024-05-10,20,34
2024-05-10,21,34
2024-05-10,22,34
2024-05-10,23,30
2024-05-11,0,0
2024-05-11,1,0
2024-05-11,2,0
2024-05-11,3,0
2024-05-11,4,0
2024-05-11,5,0
2024-05-11,6,0
2024-05-11,7,0
2024-05-11,8,0
2024-05-11,9,0
2024-05-11,10,24
2024-05-11,11,22
2024-05-11,12,31
2024-05-11,13,34
2024-05-11,14,36
2024-05-11,15,22
2024-05-11,16,22
2024-05-11,17,21
2024-05-11,18,30
2024-05-11,19,33
2024-05-11,20,30
2024-05-11,21,27
2024-05-11,22,34
2024-05-11,23,31
2024-05-12,0,0
2024-05-12,1,0
2024-05-12,2,0
2024-05-12,3,0
2024-05-12,4,0
2024-05-12,5,0
2024-05-12,6,0
2024-05-12,7,0
2024-05-12,8,0
2024-05-12,9,0
2024-05-12,10,38
2024-05-12,11,35
2024-05-12,12,52
2024-05-12,13,49
2024-05-12,14,58
2024-05-12,15,36
2024-05-12,16,31
2024-05-12,17,32
2024-05-12,18,51
2024-05-12,19,55
2024-05-12,20,57
2024-05-12,21,54
2024-05-12,22,58
2024-05-12,23,52
2024-05-13,0,0
2024-05-13,1,0
2024-05-13,2,0
2024-05-13,3,0
2024-05-13,4,0
2024-05-13,5,0
2024-05-13,6,0
2024-05-13,7,0
2024-05-13,8,0
2024-05-13,9,0
2024-05-13,10,12
2024-05-13,11,11
2024-05-13,12,12
2024-05-13,13,18
2024-05-13,14,13
2024-05-13,15,10
2024-05-13,16,12
2024-05-13,17,8
2024-05-13,18,18
2024-05-13,19,19
2024-05-13,20,15
2024-05-13,21,12
2024-05-13,22,15
2024-05-13,23,18
2024-05-14,0,0
2024-05-14,1,0
2024-05-14,2,0
2024-05-14,3,0
2024-05-14,4,0
2024-05-14,5,0
2024-05-14,6,0
2024-05-14,7,0
2024-05-14,8,0
2024-05-14,9,0
2024-05-14,10,11
2024-05-14,11,13
2024-05-14,12,19
2024-05-14,13,13
2024-05-14,14,16
2024-05-14,15,11
2024-05-14,16,13
2024-05-14,17,9
2024-05-14,18,15
2024-05-14,19,19
2024-05-14,20,13
2024-05-14,21,18
2024-05-14,22,12
2024-05-14,23,12
2024-05-15,0,0
2024-05-15,1,0
2024-05-15,2,0
2024-05-15,3,0
2024-05-15,4,0
2024-05-15,5,0
2024-05-15,6,0
2024-05-15,7,0
2024-05-15,8,0
2024-05-15,9,0
2024-05-15,10,13
2024-05-15,11,9
2024-05-15,12,15
2024-05-15,13,15
2024-05-15,14,15
2024-05-15,15,10
2024-05-15,16,13
2024-05-15,17,9
2024-05-15,18,15
2024-05-15,19,18
2024-05-15,20,16
2024-05-15,21,18
2024-05-15,22,12
2024-05-15,23,16
2024-05-16,0,0
2024-05-16,1,0
2024-05-16,2,0
2024-05-16,3,0
2024-05-16,4,0
2024-05-16,5,0
2024-05-16,6,0
2024-05-16,7,0
2024-05-16,8,0
2024-05-16,9,0
2024-05-16,10,12
2024-05-16,11,10
2024-05-16,12,12
2024-05-16,13,15
2024-05-16,14,13
2024-05-16,15,10
2024-05-16,16,12
2024-05-16,17,9
2024-05-16,18,15
2024-05-16,19,18
2024-05-16,20,15
2024-05-16,21,12
2024-05-16,22,19
2024-05-16,23,12
2024-05-17,0,0
2024-05-17,1,0
2024-05-17,2,0
2024-05-17,3,0
2024-05-17,4,0
2024-05-17,5,0
2024-05-17,6,0
2024-05-17,7,0
2024-05-17,8,0
2024-05-17,9,0
2024-05-17,10,23
2024-05-17,11,22
2024-05-17,12,36
2024-05-17,13,36
2024-05-17,14,31
2024-05-17,15,20
2024-05-17,16,24
2024-05-17,17,22
2024-05-17,18,36
2024-05-17,19,30
2024-05-17,20,34
2024-05-17,21,34
2024-05-17,22,28
2024-05-17,23,34
2024-05-18,0,0
2024-05-18,1,0
2024-05-18,2,0
2024-05-18,3,0
2024-05-18,4,0
2024-05-18,5,0
2024-05-18,6,0
2024-05-18,7,0
2024-05-18,8,0
2024-05-18,9,0
2024-05-18,10,18
2024-05-18,11,18
2024-05-18,12,27
2024-05-18,13,31
2024-05-18,14,31
2024-05-18,15,21
2024-05-18,16,24
2024-05-18,17,21
2024-05-18,18,30
2024-05-18,19,27
2024-05-18,20,36
2024-05-18,21,34
2024-05-18,22,33
2024-05-18,23,30
2024-05-19,0,0
2024-05-19,1,0
2024-05-19,2,0
2024-05-19,3,0
2024-05-19,4,0
2024-05-19,5,0
2024-05-19,6,0
2024-05-19,7,0
2024-05-19,8,0
2024-05-19,9,0
2024-05-19,10,23
2024-05-19,11,24
2024-05-19,12,33
2024-05-19,13,27
2024-05-19,14,27
2024-05-19,15,21
2024-05-19,16,23
2024-05-19,17,22
2024-05-19,18,33
2024-05-19,19,27
2024-05-19,20,31
2024-05-19,21,36
2024-05-19,22,31
2024-05-19,23,28
2024-05-20,0,0
2024-05-20,1,0
2024-05-20,2,0
2024-05-20,3,0
2024-05-20,4,0
2024-05-20,5,0
2024-05-20,6,0
2024-05-20,7,0
2024-05-20,8,0
2024-05-20,9,0
2024-05-20,10,8
2024-05-20,11,9
2024-05-20,12,16
2024-05-20,13,12
2024-05-20,14,16
2024-05-20,15,10
2024-05-20,16,13
2024-05-20,17,8
2024-05-20,18,12
2024-05-20,19,13
2024-05-20,20,15
2024-05-20,21,13
2024-05-20,22,13
2024-05-20,23,13
2024-05-21,0,0
2024-05-21,1,0
2024-05-21,2,0
2024-05-21,3,0
2024-05-21,4,0
2024-05-21,5,0
2024-05-21,6,0
2024-05-21,7,0
2024-05-21,8,0
2024-05-21,9,0
2024-05-21,10,9
2024-05-21,11,10
2024-05-21,12,15
2024-05-21,13,13
2024-05-21,14,16
2024-05-21,15,11
2024-05-21,16,9
2024-05-21,17,11
2024-05-21,18,19
2024-05-21,19,12
2024-05-21,20,12
2024-05-21,21,15
2024-05-21,22,15
2024-05-21,23,15
2024-05-22,0,0
2024-05-22,1,0
2024-05-22,2,0
2024-05-22,3,0
2024-05-22,4,0
2024-05-22,5,0
2024-05-22,6,0
2024-05-22,7,0
2024-05-22,8,0
2024-05-22,9,0
2024-05-22,10,10
2024-05-22,11,9
2024-05-22,12,19
2024-05-22,13,15
2024-05-22,14,12
2024-05-22,15,8
2024-05-22,16,10
2024-05-22,17,9
2024-05-22,18,15
2024-05-22,19,16
2024-05-22,20,18
2024-05-22,21,16
2024-05-22,22,15
2024-05-22,23,19
2024-05-23,0,0
2024-05-23,1,0
2024-05-23,2,0
2024-05-23,3,0
2024-05-23,4,0
2024-05-23,5,0
2024-05-23,6,0
2024-05-23,7,0
2024-05-23,8,0
2024-05-23,9,0
2024-05-23,10,38
2024-05-23,11,33
2024-05-23,12,51
2024-05-23,13,54
2024-05-23,14,55
2024-05-23,15,30
2024-05-23,16,38
2024-05-23,17,32
2024-05-23,18,57
2024-05-23,19,51
2024-05-23,20,46
2024-05-23,21,58
2024-05-23,22,45
2024-05-23,23,57
2024-05-24,0,0
2024-05-24,1,0
2024-05-24,2,0
2024-05-24,3,0
2024-05-24,4,0
2024-05-24,5,0
2024-05-24,6,0
2024-05-24,7,0
2024-05-24,8,0
2024-05-24,9,0
2024-05-24,10,23
2024-05-24,11,22
2024-05-24,12,27
2024-05-24,13,34
2024-05-24,14,30
2024-05-24,15,21
2024-05-24,16,18
2024-05-24,17,23
2024-05-24,18,27
2024-05-24,19,36
2024-05-24,20,28
2024-05-24,21,34
2024-05-24,22,27
2024-05-24,23,36
2024-05-25,0,0
2024-05-25,1,0
2024-05-25,2,0
2024-05-25,3,0
2024-05-25,4,0
2024-05-25,5,0
2024-05-25,6,0
2024-05-25,7,0
2024-05-25,8,0
2024-05-25,9,0
2024-05-25,10,20
2024-05-25,11,24
2024-05-25,12,33
2024-05-25,13,33
2024-05-25,14,27
2024-05-25,15,18
2024-05-25,16,18
2024-05-25,17,18
2024-05-25,18,28
2024-05-25,19,30
2024-05-25,20,30
2024-05-25,21,30
2024-05-25,22,36
2024-05-25,23,33
2024-05-26,0,0
2024-05-26,1,0
2024-05-26,2,0
2024-05-26,3,0
2024-05-26,4,0
2024-05-26,5,0
2024-05-26,6,0
2024-05-26,7,0
2024-05-26,8,0
2024-05-26,9,0
2024-05-26,10,18
2024-05-26,11,18
2024-05-26,12,34
2024-05-26,13,30
2024-05-26,14,28
2024-05-26,15,23
2024-05-26,16,22
2024-05-26,17,19
2024-05-26,18,27
2024-05-26,19,34
2024-05-26,20,31
2024-05-26,21,34
2024-05-26,22,28
2024-05-26,23,30
2024-05-27,0,0
2024-05-27,1,0
2024-05-27,2,0
2024-05-27,3,0
2024-05-27,4,0
2024-05-27,5,0
2024-05-27,6,0
2024-05-27,7,0
2024-05-27,8,0
2024-05-27,9,0
2024-05-27,10,10
2024-05-27,11,8
2024-05-27,12,15
2024-05-27,13,18
2024-05-27,14,19
2024-05-27,15,9
2024-05-27,16,11
2024-05-27,17,8
2024-05-27,18,15
2024-05-27,19,19
2024-05-27,20,19
2024-05-27,21,19
2024-05-27,22,15
2024-05-27,23,18
2024-05-28,0,0
2024-05-28,1,0
2024-05-28,2,0
2024-05-28,3,0
2024-05-28,4,0
2024-05-28,5,0
2024-05-28,6,0
2024-05-28,7,0
2024-05-28,8,0
2024-05-28,9,0
2024-05-28,10,13
2024-05-28,11,10
2024-05-28,12,12
2024-05-28,13,18
2024-05-28,14,19
2024-05-28,15,11
2024-05-28,16,8
2024-05-28,17,9
2024-05-28,18,13
2024-05-28,19,12
2024-05-28,20,12
2024-05-28,21,18
2024-05-28,22,19
2024-05-28,23,12
2024-05-29,0,0
2024-05-29,1,0
2024-05-29,2,0
2024-05-29,3,0
2024-05-29,4,0
2024-05-29,5,0
2024-05-29,6,0
2024-05-29,7,0
2024-05-29,8,0
2024-05-29,9,0
2024-05-29,10,9
2024-05-29,11,12
2024-05-29,12,18
2024-05-29,13,13
2024-05-29,14,13
2024-05-29,15,8
2024-05-29,16,13
2024-05-29,17,13
2024-05-29,18,15
2024-05-29,19,12
2024-05-29,20,15
2024-05-29,21,15
2024-05-29,22,12
2024-05-29,23,16
2024-05-30,0,0
2024-05-30,1,0
2024-05-30,2,0
2024-05-30,3,0
2024-05-30,4,0
2024-05-30,5,0
2024-05-30,6,0
2024-05-30,7,0
2024-05-30,8,0
2024-05-30,9,0
2024-05-30,10,13
2024-05-30,11,10
2024-05-30,12,16
2024-05-30,13,18
2024-05-30,14,13
2024-05-30,15,9
2024-05-30,16,11
2024-05-30,17,13
2024-05-30,18,12
2024-05-30,19,16
2024-05-30,20,16
2024-05-30,21,18
2024-05-30,22,18
2024-05-30,23,12
2024-05-31,0,0
2024-05-31,1,0
2024-05-31,2,0
2024-05-31,3,0
2024-05-31,4,0
2024-05-31,5,0
2024-05-31,6,0
2024-05-31,7,0
2024-05-31,8,0
2024-05-31,9,0
2024-05-31,10,23
2024-05-31,11,23
2024-05-31,12,28
2024-05-31,13,31
2024-05-31,14,34
2024-05-31,15,23
2024-05-31,16,21
2024-05-31,17,21
2024-05-31,18,27
2024-05-31,19,27
2024-05-31,20,27
2024-05-31,21,36
2024-05-31,22,36
2024-05-31,23,28
2024-06-01,0,0
2024-06-01,1,0
2024-06-01,2,0
2024-06-01,3,0
2024-06-01,4,0
2024-06-01,5,0
2024-06-01,6,0
2024-06-01,7,0
2024-06-01,8,0
2024-06-01,9,0
2024-06-01,10,24
2024-06-01,11,24
2024-06-01,12,36
2024-06-01,13,36
2024-06-01,14,31
2024-06-01,15,22
2024-06-01,16,22
2024-06-01,17,19
2024-06-01,18,31
2024-06-01,19,33
2024-06-01,20,33
2024-06-01,21,27
2024-06-01,22,31
2024-06-01,23,33
2024-06-02,0,0
2024-06-02,1,0
2024-06-02,2,0
2024-06-02,3,0
2024-06-02,4,0
2024-06-02,5,0
2024-06-02,6,0
2024-06-02,7,0
2024-06-02,8,0
2024-06-02,9,0
2024-06-02,10,21
2024-06-02,11,21
2024-06-02,12,31
2024-06-02,13,30
2024-06-02,14,30
2024-06-02,15,22
2024-06-02,16,24
2024-06-02,17,21
2024-06-02,18,30
2024-06-02,19,36
2024-06-02,20,27
2024-06-02,21,31
2024-06-02,22,30
2024-06-02,23,36
2024-06-03,0,0
2024-06-03,1,0
2024-06-03,2,0
2024-06-03,3,0
2024-06-03,4,0
2024-06-03,5,0
2024-06-03,6,0
2024-06-03,7,0
2024-06-03,8,0
2024-06-03,9,0
2024-06-03,10,12
2024-06-03,11,9
2024-06-03,12,19
2024-06-03,13,13
2024-06-03,14,19
2024-06-03,15,8
2024-06-03,16,12
2024-06-03,17,12
2024-06-03,18,15
2024-06-03,19,18
2024-06-03,20,15
2024-06-03,21,15
2024-06-03,22,13
2024-06-03,23,12
2024-06-04,0,0
2024-06-04,1,0
2024-06-04,2,0
2024-06-04,3,0
2024-06-04,4,0
2024-06-04,5,0
2024-06-04,6,0
2024-06-04,7,0
2024-06-04,8,0
2024-06-04,9,0
2024-06-04,10,13
2024-06-04,11,10
2024-06-04,12,13
2024-06-04,13,16
2024-06-04,14,16
2024-06-04,15,12
2024-06-04,16,8
2024-06-04,17,12
2024-06-04,18,13
2024-06-04,19,13
2024-06-04,20,16
2024-06-04,21,15
2024-06-04,22,16
2024-06-04,23,15
2024-06-05,0,0
2024-06-05,1,0
2024-06-05,2,0
2024-06-05,3,0
2024-06-05,4,0
2024-06-05,5,0
2024-06-05,6,0
2024-06-05,7,0
2024-06-05,8,0
2024-06-05,9,0
2024-06-05,10,12
2024-06-05,11,10
2024-06-05,12,19
2024-06-05,13,16
2024-06-05,14,13
2024-06-05,15,13
2024-06-05,16,9
2024-06-05,17,9
2024-06-05,18,15
2024-06-05,19,18
2024-06-05,20,15
2024-06-05,21,18
2024-06-05,22,16
2024-06-05,23,16
2024-06-06,0,0
2024-06-06,1,0
2024-06-06,2,0
2024-06-06,3,0
2024-06-06,4,0
2024-06-06,5,0
2024-06-06,6,0
2024-06-06,7,0
2024-06-06,8,0
2024-06-06,9,0
2024-06-06,10,9
2024-06-06,11,9
2024-06-06,12,18
2024-06-06,13,12
2024-06-06,14,13
2024-06-06,15,8
2024-06-06,16,10
2024-06-06,17,11
2024-06-06,18,13
2024-06-06,19,19
2024-06-06,20,13
2024-06-06,21,12
2024-06-06,22,18
2024-06-06,23,13
2024-06-07,0,0
2024-06-07,1,0
2024-06-07,2,0
2024-06-07,3,0
2024-06-07,4,0
2024-06-07,5,0
2024-06-07,6,0
2024-06-07,7,0
2024-06-07,8,0
2024-06-07,9,0
2024-06-07,10,20
2024-06-07,11,18
2024-06-07,12,31
2024-06-07,13,30
2024-06-07,14,36
2024-06-07,15,20
2024-06-07,16,20
2024-06-07,17,18
2024-06-07,18,33
2024-06-07,19,28
2024-06-07,20,36
2024-06-07,21,30
2024-06-07,22,28
2024-06-07,23,30
2024-06-08,0,0
2024-06-08,1,0
2024-06-08,2,0
2024-06-08,3,0
2024-06-08,4,0
2024-06-08,5,0
2024-06-08,6,0
2024-06-08,7,0
2024-06-08,8,0
2024-06-08,9,0
2024-06-08,10,23
2024-06-08,11,23
2024-06-08,12,34
2024-06-08,13,27
2024-06-08,14,31
2024-06-08,15,24
2024-06-08,16,22
2024-06-08,17,21
2024-06-08,18,34
2024-06-08,19,28
2024-06-08,20,34
2024-06-08,21,34
2024-06-08,22,30
2024-06-08,23,34
2024-06-09,0,0
2024-06-09,1,0
2024-06-09,2,0
2024-06-09,3,0
2024-06-09,4,0
2024-06-09,5,0
2024-06-09,6,0
2024-06-09,7,0
2024-06-09,8,0
2024-06-09,9,0
2024-06-09,10,31
2024-06-09,11,36
2024-06-09,12,45
2024-06-09,13,49
2024-06-09,14,54
2024-06-09,15,39
2024-06-09,16,37
2024-06-09,17,33
2024-06-09,18,51
2024-06-09,19,49
2024-06-09,20,52
2024-06-09,21,55
2024-06-09,22,51
2024-06-09,23,51
2024-06-10,0,0
2024-06-10,1,0
2024-06-10,2,0
2024-06-10,3,0
2024-06-10,4,0
2024-06-10,5,0
2024-06-10,6,0
2024-06-10,7,0
2024-06-10,8,0
2024-06-10,9,0
2024-06-10,10,12
2024-06-10,11,9
2024-06-10,12,18
2024-06-10,13,18
2024-06-10,14,16
2024-06-10,15,8
2024-06-10,16,9
2024-06-10,17,13
2024-06-10,18,18
2024-06-10,19,12
2024-06-10,20,18
2024-06-10,21,19
2024-06-10,22,13
2024-06-10,23,16
2024-06-11,0,0
2024-06-11,1,0
2024-06-11,2,0
2024-06-11,3,0
2024-06-11,4,0
2024-06-11,5,0
2024-06-11,6,0
2024-06-11,7,0
2024-06-11,8,0
2024-06-11,9,0
2024-06-11,10,12
2024-06-11,11,12
2024-06-11,12,19
2024-06-11,13,16
2024-06-11,14,15
2024-06-11,15,10
2024-06-11,16,12
2024-06-11,17,12
2024-06-11,18,16
2024-06-11,19,13
2024-06-11,20,12
2024-06-11,21,16
2024-06-11,22,15
2024-06-11,23,15
2024-06-12,0,0
2024-06-12,1,0
2024-06-12,2,0
2024-06-12,3,0
2024-06-12,4,0
2024-06-12,5,0
2024-06-12,6,0
2024-06-12,7,0
2024-06-12,8,0
2024-06-12,9,0
2024-06-12,10,9
2024-06-12,11,11
2024-06-12,12,13
2024-06-12,13,13
2024-06-12,14,18
2024-06-12,15,9
2024-06-12,16,8
2024-06-12,17,11
2024-06-12,18,12
2024-06-12,19,16
2024-06-12,20,13
2024-06-12,21,16
2024-06-12,22,16
2024-06-12,23,12
2024-06-13,0,0
2024-06-13,1,0
2024-06-13,2,0
2024-06-13,3,0
2024-06-13,4,0
2024-06-13,5,0
2024-06-13,6,0
2024-06-13,7,0
2024-06-13,8,0
2024-06-13,9,0
2024-06-13,10,11
2024-06-13,11,8
2024-06-13,12,12
2024-06-13,13,18
2024-06-13,14,18
2024-06-13,15,8
2024-06-13,16,10
2024-06-13,17,12
2024-06-13,18,12
2024-06-13,19,15
2024-06-13,20,18
2024-06-13,21,16
2024-06-13,22,12
2024-06-13,23,19
2024-06-14,0,0
2024-06-14,1,0
2024-06-14,2,0
2024-06-14,3,0
2024-06-14,4,0
2024-06-14,5,0
2024-06-14,6,0
2024-06-14,7,0
2024-06-14,8,0
2024-06-14,9,0
2024-06-14,10,18
2024-06-14,11,22
2024-06-14,12,31
2024-06-14,13,33
2024-06-14,14,28
2024-06-14,15,21
2024-06-14,16,24
2024-06-14,17,24
2024-06-14,18,33
2024-06-14,19,33
2024-06-14,20,30
2024-06-14,21,30
2024-06-14,22,27
2024-06-14,23,34
2024-06-15,0,0
2024-06-15,1,0
2024-06-15,2,0
2024-06-15,3,0
2024-06-15,4,0
2024-06-15,5,0
2024-06-15,6,0
2024-06-15,7,0
2024-06-15,8,0
2024-06-15,9,0
2024-06-15,10,20
2024-06-15,11,18
2024-06-15,12,33
2024-06-15,13,33
2024-06-15,14,34
2024-06-15,15,18
2024-06-15,16,21
2024-06-15,17,22
2024-06-15,18,28
2024-06-15,19,33
2024-06-15,20,27
2024-06-15,21,33
2024-06-15,22,31
2024-06-15,23,33
2024-06-16,0,0
2024-06-16,1,0
2024-06-16,2,0
2024-06-16,3,0
2024-06-16,4,0
2024-06-16,5,0
2024-06-16,6,0
2024-06-16,7,0
2024-06-16,8,0
2024-06-16,9,0
2024-06-16,10,34
2024-06-16,11,34
2024-06-16,12,55
2024-06-16,13,51
2024-06-16,14,46
2024-06-16,15,35
2024-06-16,16,32
2024-06-16,17,35
2024-06-16,18,52
2024-06-16,19,48
2024-06-16,20,55
2024-06-16,21,52
2024-06-16,22,57
2024-06-16,23,54
2024-06-17,0,0
2024-06-17,1,0
2024-06-17,2,0
2024-06-17,3,0
2024-06-17,4,0
2024-06-17,5,0
2024-06-17,6,0
2024-06-17,7,0
2024-06-17,8,0
2024-06-17,9,0
2024-06-17,10,33
2024-06-17,11,31
2024-06-17,12,46
2024-06-17,13,54
2024-06-17,14,58
2024-06-17,15,35
2024-06-17,16,39
2024-06-17,17,30
2024-06-17,18,58
2024-06-17,19,55
2024-06-17,20,45
2024-06-17,21,54
2024-06-17,22,58
2024-06-17,23,52
2024-06-18,0,0
2024-06-18,1,0
2024-06-18,2,0
2024-06-18,3,0
2024-06-18,4,0
2024-06-18,5,0
2024-06-18,6,0
2024-06-18,7,0
2024-06-18,8,0
2024-06-18,9,0
2024-06-18,10,13
2024-06-18,11,10
2024-06-18,12,18
2024-06-18,13,15
2024-06-18,14,12
2024-06-18,15,13
2024-06-18,16,8
2024-06-18,17,10
2024-06-18,18,15
2024-06-18,19,19
2024-06-18,20,18
2024-06-18,21,12
2024-06-18,22,16
2024-06-18,23,16
2024-06-19,0,0
2024-06-19,1,0
2024-06-19,2,0
2024-06-19,3,0
2024-06-19,4,0
2024-06-19,5,0
2024-06-19,6,0
2024-06-19,7,0
2024-06-19,8,0
2024-06-19,9,0
2024-06-19,10,9
2024-06-19,11,11
2024-06-19,12,19
2024-06-19,13,18
2024-06-19,14,19
2024-06-19,15,10
2024-06-19,16,10
2024-06-19,17,12
2024-06-19,18,19
2024-06-19,19,16
2024-06-19,20,15
2024-06-19,21,18
2024-06-19,22,12
2024-06-19,23,15
2024-06-20,0,0
2024-06-20,1,0
2024-06-20,2,0
2024-06-20,3,0
2024-06-20,4,0
2024-06-20,5,0
2024-06-20,6,0
2024-06-20,7,0
2024-06-20,8,0
2024-06-20,9,0
2024-06-20,10,8
2024-06-20,11,10
2024-06-20,12,15
2024-06-20,13,16
2024-06-20,14,15
2024-06-20,15,9
2024-06-20,16,8
2024-06-20,17,13
2024-06-20,18,13
2024-06-20,19,13
2024-06-20,20,18
2024-06-20,21,13
2024-06-20,22,19
2024-06-20,23,19
2024-06-21,0,0
2024-06-21,1,0
2024-06-21,2,0
2024-06-21,3,0
2024-06-21,4,0
2024-06-21,5,0
2024-06-21,6,0
2024-06-21,7,0
2024-06-21,8,0
2024-06-21,9,0
2024-06-21,10,20
2024-06-21,11,23
2024-06-21,12,33
2024-06-21,13,34
2024-06-21,14,36
2024-06-21,15,23
2024-06-21,16,23
2024-06-21,17,19
2024-06-21,18,36
2024-06-21,19,28
2024-06-21,20,33
2024-06-21,21,28
2024-06-21,22,33
2024-06-21,23,27
2024-06-22,0,0
2024-06-22,1,0
2024-06-22,2,0
2024-06-22,3,0
2024-06-22,4,0
2024-06-22,5,0
2024-06-22,6,0
2024-06-22,7,0
2024-06-22,8,0
2024-06-22,9,0
2024-06-22,10,24
2024-06-22,11,21
2024-06-22,12,31
2024-06-22,13,36
2024-06-22,14,33
2024-06-22,15,22
2024-06-22,16,19
2024-06-22,17,20
2024-06-22,18,34
2024-06-22,19,36
2024-06-22,20,27
2024-06-22,21,33
2024-06-22,22,30
2024-06-22,23,27
2024-06-23,0,0
2024-06-23,1,0
2024-06-23,2,0
2024-06-23,3,0
2024-06-23,4,0
2024-06-23,5,0
2024-06-23,6,0
2024-06-23,7,0
2024-06-23,8,0
2024-06-23,9,0
2024-06-23,10,23
2024-06-23,11,18
2024-06-23,12,27
2024-06-23,13,36
2024-06-23,14,34
2024-06-23,15,19
2024-06-23,16,21
2024-06-23,17,23
2024-06-23,18,31
2024-06-23,19,36
2024-06-23,20,34
2024-06-23,21,33
2024-06-23,22,28
2024-06-23,23,27
2024-06-24,0,0
2024-06-24,1,0
2024-06-24,2,0
2024-06-24,3,0
2024-06-24,4,0
2024-06-24,5,0
2024-06-24,6,0
2024-06-24,7,0
2024-06-24,8,0
2024-06-24,9,0
2024-06-24,10,11
2024-06-24,11,11
2024-06-24,12,18
2024-06-24,13,19
2024-06-24,14,13
2024-06-24,15,8
2024-06-24,16,10
2024-06-24,17,9
2024-06-24,18,15
2024-06-24,19,15
2024-06-24,20,13
2024-06-24,21,12
2024-06-24,22,13
2024-06-24,23,12
2024-06-25,0,0
2024-06-25,1,0
2024-06-25,2,0
2024-06-25,3,0
2024-06-25,4,0
2024-06-25,5,0
2024-06-25,6,0
2024-06-25,7,0
2024-06-25,8,0
2024-06-25,9,0
2024-06-25,10,10
2024-06-25,11,8
2024-06-25,12,16
2024-06-25,13,18
2024-06-25,14,13
2024-06-25,15,8
2024-06-25,16,13
2024-06-25,17,8
2024-06-25,18,13
2024-06-25,19,15
2024-06-25,20,15
2024-06-25,21,19
2024-06-25,22,18
2024-06-25,23,18
2024-06-26,0,0
2024-06-26,1,0
2024-06-26,2,0
2024-06-26,3,0
2024-06-26,4,0
2024-06-26,5,0
2024-06-26,6,0
2024-06-26,7,0
2024-06-26,8,0
2024-06-26,9,0
2024-06-26,10,10
2024-06-26,11,9
2024-06-26,12,19
2024-06-26,13,12
2024-06-26,14,16
2024-06-26,15,12
2024-06-26,16,12
2024-06-26,17,10
2024-06-26,18,16
2024-06-26,19,15
2024-06-26,20,16
2024-06-26,21,18
2024-06-26,22,19
2024-06-26,23,19
2024-06-27,0,0
2024-06-27,1,0
2024-06-27,2,0
2024-06-27,3,0
2024-06-27,4,0
2024-06-27,5,0
2024-06-27,6,0
2024-06-27,7,0
2024-06-27,8,0
2024-06-27,9,0
2024-06-27,10,11
2024-06-27,11,9
2024-06-27,12,16
2024-06-27,13,13
2024-06-27,14,13
2024-06-27,15,12
2024-06-27,16,12
2024-06-27,17,8
2024-06-27,18,12
2024-06-27,19,13
2024-06-27,20,15
2024-06-27,21,12
2024-06-27,22,13
2024-06-27,23,16
2024-06-28,0,0
2024-06-28,1,0
2024-06-28,2,0
2024-06-28,3,0
2024-06-28,4,0
2024-06-28,5,0
2024-06-28,6,0
2024-06-28,7,0
2024-06-28,8,0
2024-06-28,9,0
2024-06-28,10,18
2024-06-28,11,21
2024-06-28,12,27
2024-06-28,13,34
2024-06-28,14,30
2024-06-28,15,24
2024-06-28,16,23
2024-06-28,17,19
2024-06-28,18,34
2024-06-28,19,34
2024-06-28,20,33
2024-06-28,21,27
2024-06-28,22,36
2024-06-28,23,34
2024-06-29,0,0
2024-06-29,1,0
2024-06-29,2,0
2024-06-29,3,0
2024-06-29,4,0
2024-06-29,5,0
2024-06-29,6,0
2024-06-29,7,0
2024-06-29,8,0
2024-06-29,9,0
2024-06-29,10,20
2024-06-29,11,18
2024-06-29,12,36
2024-06-29,13,31
2024-06-29,14,33
2024-06-29,15,24
2024-06-29,16,24
2024-06-29,17,23
2024-06-29,18,27
2024-06-29,19,31
2024-06-29,20,33
2024-06-29,21,28
2024-06-29,22,27
2024-06-29,23,28
2024-06-30,0,0
2024-06-30,1,0
2024-06-30,2,0
2024-06-30,3,0
2024-06-30,4,0
2024-06-30,5,0
2024-06-30,6,0
2024-06-30,7,0
2024-06-30,8,0
2024-06-30,9,0
2024-06-30,10,23
2024-06-30,11,19
2024-06-30,12,33
2024-06-30,13,28
2024-06-30,14,27
2024-06-30,15,19
2024-06-30,16,23
2024-06-30,17,18
2024-06-30,18,33
2024-06-30,19,36
2024-06-30,20,36
2024-06-30,21,27
2024-06-30,22,34
2024-06-30,23,27
2024-07-01,0,0
2024-07-01,1,0
2024-07-01,2,0
2024-07-01,3,0
2024-07-01,4,0
2024-07-01,5,0
2024-07-01,6,0
2024-07-01,7,0
2024-07-01,8,0
2024-07-01,9,0
2024-07-01,10,12
2024-07-01,11,8
2024-07-01,12,13
2024-07-01,13,16
2024-07-01,14,13
2024-07-01,15,13
2024-07-01,16,9
2024-07-01,17,8
2024-07-01,18,12
2024-07-01,19,19
2024-07-01,20,13
2024-07-01,21,19
2024-07-01,22,19
2024-07-01,23,16
2024-07-02,0,0
2024-07-02,1,0
2024-07-02,2,0
2024-07-02,3,0
2024-07-02,4,0
2024-07-02,5,0
2024-07-02,6,0
2024-07-02,7,0
2024-07-02,8,0
2024-07-02,9,0
2024-07-02,10,12
2024-07-02,11,8
2024-07-02,12,13
2024-07-02,13,15
2024-07-02,14,15
2024-07-02,15,11
2024-07-02,16,10
2024-07-02,17,13
2024-07-02,18,15
2024-07-02,19,13
2024-07-02,20,18
2024-07-02,21,15
2024-07-02,22,18
2024-07-02,23,18
2024-07-03,0,0
2024-07-03,1,0
2024-07-03,2,0
2024-07-03,3,0
2024-07-03,4,0
2024-07-03,5,0
2024-07-03,6,0
2024-07-03,7,0
2024-07-03,8,0
2024-07-03,9,0
2024-07-03,10,10
2024-07-03,11,13
2024-07-03,12,19
2024-07-03,13,19
2024-07-03,14,15
2024-07-03,15,10
2024-07-03,16,13
2024-07-03,17,11
2024-07-03,18,18
2024-07-03,19,18
2024-07-03,20,15
2024-07-03,21,15
2024-07-03,22,13
2024-07-03,23,18
2024-07-04,0,0
2024-07-04,1,0
2024-07-04,2,0
2024-07-04,3,0
2024-07-04,4,0
2024-07-04,5,0
2024-07-04,6,0
2024-07-04,7,0
2024-07-04,8,0
2024-07-04,9,0
2024-07-04,10,10
2024-07-04,11,9
2024-07-04,12,15
2024-07-04,13,12
2024-07-04,14,18
2024-07-04,15,9
2024-07-04,16,11
2024-07-04,17,11
2024-07-04,18,19
2024-07-04,19,12
2024-07-04,20,16
2024-07-04,21,15
2024-07-04,22,15
2024-07-04,23,19
2024-07-05,0,0
2024-07-05,1,0
2024-07-05,2,0
2024-07-05,3,0
2024-07-05,4,0
2024-07-05,5,0
2024-07-05,6,0
2024-07-05,7,0
2024-07-05,8,0
2024-07-05,9,0
2024-07-05,10,20
2024-07-05,11,19
2024-07-05,12,28
2024-07-05,13,27
2024-07-05,14,33
2024-07-05,15,24
2024-07-05,16,24
2024-07-05,17,23
2024-07-05,18,34
2024-07-05,19,33
2024-07-05,20,33
2024-07-05,21,36
2024-07-05,22,36
2024-07-05,23,34
2024-07-06,0,0
2024-07-06,1,0
2024-07-06,2,0
2024-07-06,3,0
2024-07-06,4,0
2024-07-06,5,0
2024-07-06,6,0
2024-07-06,7,0
2024-07-06,8,0
2024-07-06,9,0
2024-07-06,10,18
2024-07-06,11,22
2024-07-06,12,30
2024-07-06,13,36
2024-07-06,14,28
2024-07-06,15,18
2024-07-06,16,19
2024-07-06,17,23
2024-07-06,18,30
2024-07-06,19,33
2024-07-06,20,27
2024-07-06,21,28
2024-07-06,22,28
2024-07-06,23,30
2024-07-07,0,0
2024-07-07,1,0
2024-07-07,2,0
2024-07-07,3,0
2024-07-07,4,0
2024-07-07,5,0
2024-07-07,6,0
2024-07-07,7,0
2024-07-07,8,0
2024-07-07,9,0
2024-07-07,10,18
2024-07-07,11,19
2024-07-07,12,27
2024-07-07,13,27
2024-07-07,14,30
2024-07-07,15,22
2024-07-07,16,23
2024-07-07,17,21
2024-07-07,18,36
2024-07-07,19,30
2024-07-07,20,30
2024-07-07,21,34
2024-07-07,22,33
2024-07-07,23,36
2024-07-08,0,0
2024-07-08,1,0
2024-07-08,2,0
2024-07-08,3,0
2024-07-08,4,0
2024-07-08,5,0
2024-07-08,6,0
2024-07-08,7,0
2024-07-08,8,0
2024-07-08,9,0
2024-07-08,10,8
2024-07-08,11,8
2024-07-08,12,19
2024-07-08,13,13
2024-07-08,14,12
2024-07-08,15,13
2024-07-08,16,8
2024-07-08,17,9
2024-07-08,18,15
2024-07-08,19,12
2024-07-08,20,19
2024-07-08,21,15
2024-07-08,22,16
2024-07-08,23,15
2024-07-09,0,0
2024-07-09,1,0
2024-07-09,2,0
2024-07-09,3,0
2024-07-09,4,0
2024-07-09,5,0
2024-07-09,6,0
2024-07-09,7,0
2024-07-09,8,0
2024-07-09,9,0
2024-07-09,10,8
2024-07-09,11,8
2024-07-09,12,15
2024-07-09,13,18
2024-07-09,14,19
2024-07-09,15,9
2024-07-09,16,10
2024-07-09,17,13
2024-07-09,18,12
2024-07-09,19,19
2024-07-09,20,19
2024-07-09,21,13
2024-07-09,22,16
2024-07-09,23,16
2024-07-10,0,0
2024-07-10,1,0
2024-07-10,2,0
2024-07-10,3,0
2024-07-10,4,0
2024-07-10,5,0
2024-07-10,6,0
2024-07-10,7,0
2024-07-10,8,0
2024-07-10,9,0
2024-07-10,10,10
2024-07-10,11,12
2024-07-10,12,18
2024-07-10,13,15
2024-07-10,14,13
2024-07-10,15,13
2024-07-10,16,10
2024-07-10,17,10
2024-07-10,18,18
2024-07-10,19,12
2024-07-10,20,15
2024-07-10,21,12
2024-07-10,22,15
2024-07-10,23,18
2024-07-11,0,0
2024-07-11,1,0
2024-07-11,2,0
2024-07-11,3,0
2024-07-11,4,0
2024-07-11,5,0
2024-07-11,6,0
2024-07-11,7,0
2024-07-11,8,0
2024-07-11,9,0
2024-07-11,10,12
2024-07-11,11,12
2024-07-11,12,16
2024-07-11,13,15
2024-07-11,14,15
2024-07-11,15,9
2024-07-11,16,12
2024-07-11,17,11
2024-07-11,18,12
2024-07-11,19,15
2024-07-11,20,16
2024-07-11,21,13
2024-07-11,22,19
2024-07-11,23,19
2024-07-12,0,0
2024-07-12,1,0
2024-07-12,2,0
2024-07-12,3,0
2024-07-12,4,0
2024-07-12,5,0
2024-07-12,6,0
2024-07-12,7,0
2024-07-12,8,0
2024-07-12,9,0
2024-07-12,10,23
2024-07-12,11,21
2024-07-12,12,36
2024-07-12,13,31
2024-07-12,14,28
2024-07-12,15,23
2024-07-12,16,20
2024-07-12,17,18
2024-07-12,18,28
2024-07-12,19,36
2024-07-12,20,31
2024-07-12,21,28
2024-07-12,22,30
2024-07-12,23,27
2024-07-13,0,0
2024-07-13,1,0
2024-07-13,2,0
2024-07-13,3,0
2024-07-13,4,0
2024-07-13,5,0
2024-07-13,6,0
2024-07-13,7,0
2024-07-13,8,0
2024-07-13,9,0
2024-07-13,10,18
2024-07-13,11,18
2024-07-13,12,28
2024-07-13,13,31
2024-07-13,14,36
2024-07-13,15,22
2024-07-13,16,21
2024-07-13,17,21
2024-07-13,18,30
2024-07-13,19,27
2024-07-13,20,27
2024-07-13,21,27
2024-07-13,22,30
2024-07-13,23,28
2024-07-14,0,0
2024-07-14,1,0
2024-07-14,2,0
2024-07-14,3,0
2024-07-14,4,0
2024-07-14,5,0
2024-07-14,6,0
2024-07-14,7,0
2024-07-14,8,0
2024-07-14,9,0
2024-07-14,10,24
2024-07-14,11,24
2024-07-14,12,30
2024-07-14,13,36
2024-07-14,14,27
2024-07-14,15,24
2024-07-14,16,18
2024-07-14,17,18
2024-07-14,18,33
2024-07-14,19,28
2024-07-14,20,36
2024-07-14,21,27
2024-07-14,22,34
2024-07-14,23,28
2024-07-15,0,0
2024-07-15,1,0
2024-07-15,2,0
2024-07-15,3,0
2024-07-15,4,0
2024-07-15,5,0
2024-07-15,6,0
2024-07-15,7,0
2024-07-15,8,0
2024-07-15,9,0
2024-07-15,10,8
2024-07-15,11,8
2024-07-15,12,15
2024-07-15,13,18
2024-07-15,14,18
2024-07-15,15,10
2024-07-15,16,12
2024-07-15,17,10
2024-07-15,18,16
2024-07-15,19,19
2024-07-15,20,15
2024-07-15,21,19
2024-07-15,22,13
2024-07-15,23,13
2024-07-16,0,0
2024-07-16,1,0
2024-07-16,2,0
2024-07-16,3,0
2024-07-16,4,0
2024-07-16,5,0
2024-07-16,6,0
2024-07-16,7,0
2024-07-16,8,0
2024-07-16,9,0
2024-07-16,10,8
2024-07-16,11,9
2024-07-16,12,13
2024-07-16,13,16
2024-07-16,14,12
2024-07-16,15,8
2024-07-16,16,11
2024-07-16,17,9
2024-07-16,18,12
2024-07-16,19,12
2024-07-16,20,16
2024-07-16,21,12
2024-07-16,22,15
2024-07-16,23,15
2024-07-17,0,0
2024-07-17,1,0
2024-07-17,2,0
2024-07-17,3,0
2024-07-17,4,0
2024-07-17,5,0
2024-07-17,6,0
2024-07-17,7,0
2024-07-17,8,0
2024-07-17,9,0
2024-07-17,10,36
2024-07-17,11,37
2024-07-17,12,52
2024-07-17,13,54
2024-07-17,14,49
2024-07-17,15,31
2024-07-17,16,30
2024-07-17,17,33
2024-07-17,18,45
2024-07-17,19,45
2024-07-17,20,48
2024-07-17,21,58
2024-07-17,22,48
2024-07-17,23,54
2024-07-18,0,0
2024-07-18,1,0
2024-07-18,2,0
2024-07-18,3,0
2024-07-18,4,0
2024-07-18,5,0
2024-07-18,6,0
2024-07-18,7,0
2024-07-18,8,0
2024-07-18,9,0
2024-07-18,10,12
2024-07-18,11,12
2024-07-18,12,18
2024-07-18,13,12
2024-07-18,14,19
2024-07-18,15,11
2024-07-18,16,11
2024-07-18,17,12
2024-07-18,18,18
2024-07-18,19,16
2024-07-18,20,13
2024-07-18,21,13
2024-07-18,22,18
2024-07-18,23,15
2024-07-19,0,0
2024-07-19,1,0
2024-07-19,2,0
2024-07-19,3,0
2024-07-19,4,0
2024-07-19,5,0
2024-07-19,6,0
2024-07-19,7,0
2024-07-19,8,0
2024-07-19,9,0
2024-07-19,10,18
2024-07-19,11,20
2024-07-19,12,36
2024-07-19,13,27
2024-07-19,14,28
2024-07-19,15,24
2024-07-19,16,23
2024-07-19,17,23
2024-07-19,18,28
2024-07-19,19,34
2024-07-19,20,30
2024-07-19,21,33
2024-07-19,22,36
2024-07-19,23,28
2024-07-20,0,0
2024-07-20,1,0
2024-07-20,2,0
2024-07-20,3,0
2024-07-20,4,0
2024-07-20,5,0
2024-07-20,6,0
2024-07-20,7,0
2024-07-20,8,0
2024-07-20,9,0
2024-07-20,10,21
2024-07-20,11,22
2024-07-20,12,30
2024-07-20,13,31
2024-07-20,14,30
2024-07-20,15,19
2024-07-20,16,23
2024-07-20,17,21
2024-07-20,18,34
2024-07-20,19,36
2024-07-20,20,36
2024-07-20,21,28
2024-07-20,22,30
2024-07-20,23,30
2024-07-21,0,0
2024-07-21,1,0
2024-07-21,2,0
2024-07-21,3,0
2024-07-21,4,0
2024-07-21,5,0
2024-07-21,6,0
2024-07-21,7,0
2024-07-21,8,0
2024-07-21,9,0
2024-07-21,10,24
2024-07-21,11,18
2024-07-21,12,30
2024-07-21,13,34
2024-07-21,14,36
2024-07-21,15,19
2024-07-21,16,19
2024-07-21,17,24
2024-07-21,18,33
2024-07-21,19,36
2024-07-21,20,28
2024-07-21,21,28
2024-07-21,22,36
2024-07-21,23,30
2024-07-22,0,0
2024-07-22,1,0
2024-07-22,2,0
2024-07-22,3,0
2024-07-22,4,0
2024-07-22,5,0
2024-07-22,6,0
2024-07-22,7,0
2024-07-22,8,0
2024-07-22,9,0
2024-07-22,10,12
2024-07-22,11,12
2024-07-22,12,19
2024-07-22,13,16
2024-07-22,14,16
2024-07-22,15,8
2024-07-22,16,8
2024-07-22,17,11
2024-07-22,18,15
2024-07-22,19,18
2024-07-22,20,19
2024-07-22,21,16
2024-07-22,22,15
2024-07-22,23,15
2024-07-23,0,0
2024-07-23,1,0
2024-07-23,2,0
2024-07-23,3,0
2024-07-23,4,0
2024-07-23,5,0
2024-07-23,6,0
2024-07-23,7,0
2024-07-23,8,0
2024-07-23,9,0
2024-07-23,10,10
2024-07-23,11,11
2024-07-23,12,15
2024-07-23,13,16
2024-07-23,14,12
2024-07-23,15,9
2024-07-23,16,12
2024-07-23,17,10
2024-07-23,18,15
2024-07-23,19,12
2024-07-23,20,15
2024-07-23,21,13
2024-07-23,22,13
2024-07-23,23,12
2024-07-24,0,0
2024-07-24,1,0
2024-07-24,2,0
2024-07-24,3,0
2024-07-24,4,0
2024-07-24,5,0
2024-07-24,6,0
2024-07-24,7,0
2024-07-24,8,0
2024-07-24,9,0
2024-07-24,10,11
2024-07-24,11,13
2024-07-24,12,19
2024-07-24,13,16
2024-07-24,14,19
2024-07-24,15,10
2024-07-24,16,8
2024-07-24,17,9
2024-07-24,18,13
2024-07-24,19,18
2024-07-24,20,19
2024-07-24,21,18
2024-07-24,22,15
2024-07-24,23,12
2024-07-25,0,0
2024-07-25,1,0
2024-07-25,2,0
2024-07-25,3,0
2024-07-25,4,0
2024-07-25,5,0
2024-07-25,6,0
2024-07-25,7,0
2024-07-25,8,0
2024-07-25,9,0
2024-07-25,10,12
2024-07-25,11,9
2024-07-25,12,19
2024-07-25,13,15
2024-07-25,14,12
2024-07-25,15,8
2024-07-25,16,12
2024-07-25,17,12
2024-07-25,18,15
2024-07-25,19,13
2024-07-25,20,18
2024-07-25,21,15
2024-07-25,22,19
2024-07-25,23,19
2024-07-26,0,0
2024-07-26,1,0
2024-07-26,2,0
2024-07-26,3,0
2024-07-26,4,0
2024-07-26,5,0
2024-07-26,6,0
2024-07-26,7,0
2024-07-26,8,0
2024-07-26,9,0
2024-07-26,10,18
2024-07-26,11,21
2024-07-26,12,36
2024-07-26,13,36
2024-07-26,14,27
2024-07-26,15,24
2024-07-26,16,18
2024-07-26,17,20
2024-07-26,18,33
2024-07-26,19,27
2024-07-26,20,27
2024-07-26,21,28
2024-07-26,22,30
2024-07-26,23,28
2024-07-27,0,0
2024-07-27,1,0
2024-07-27,2,0
2024-07-27,3,0
2024-07-27,4,0
2024-07-27,5,0
2024-07-27,6,0
2024-07-27,7,0
2024-07-27,8,0
2024-07-27,9,0
2024-07-27,10,21
2024-07-27,11,20
2024-07-27,12,27
2024-07-27,13,30
2024-07-27,14,36
2024-07-27,15,23
2024-07-27,16,19
2024-07-27,17,22
2024-07-27,18,33
2024-07-27,19,30
2024-07-27,20,33
2024-07-27,21,30
2024-07-27,22,28
2024-07-27,23,31
2024-07-28,0,0
2024-07-28,1,0
2024-07-28,2,0
2024-07-28,3,0
2024-07-28,4,0
2024-07-28,5,0
2024-07-28,6,0
2024-07-28,7,0
2024-07-28,8,0
2024-07-28,9,0
2024-07-28,10,23
2024-07-28,11,23
2024-07-28,12,33
2024-07-28,13,33
2024-07-28,14,30
2024-07-28,15,22
2024-07-28,16,23
2024-07-28,17,19
2024-07-28,18,33
2024-07-28,19,28
2024-07-28,20,33
2024-07-28,21,28
2024-07-28,22,34
2024-07-28,23,31
2024-07-29,0,0
2024-07-29,1,0
2024-07-29,2,0
2024-07-29,3,0
2024-07-29,4,0
2024-07-29,5,0
2024-07-29,6,0
2024-07-29,7,0
2024-07-29,8,0
2024-07-29,9,0
2024-07-29,10,8
2024-07-29,11,9
2024-07-29,12,12
2024-07-29,13,16
2024-07-29,14,18
2024-07-29,15,11
2024-07-29,16,11
2024-07-29,17,10
2024-07-29,18,19
2024-07-29,19,15
2024-07-29,20,13
2024-07-29,21,13
2024-07-29,22,19
2024-07-29,23,19
2024-07-30,0,0
2024-07-30,1,0
2024-07-30,2,0
2024-07-30,3,0
2024-07-30,4,0
2024-07-30,5,0
2024-07-30,6,0
2024-07-30,7,0
2024-07-30,8,0
2024-07-30,9,0
2024-07-30,10,11
2024-07-30,11,11
2024-07-30,12,16
2024-07-30,13,18
2024-07-30,14,15
2024-07-30,15,12
2024-07-30,16,10
2024-07-30,17,13
2024-07-30,18,18
2024-07-30,19,19
2024-07-30,20,12
2024-07-30,21,18
2024-07-30,22,13
2024-07-30,23,15
2024-07-31,0,0
2024-07-31,1,0
2024-07-31,2,0
2024-07-31,3,0
2024-07-31,4,0
2024-07-31,5,0
2024-07-31,6,0
2024-07-31,7,0
2024-07-31,8,0
2024-07-31,9,0
2024-07-31,10,9
2024-07-31,11,11
2024-07-31,12,18
2024-07-31,13,12
2024-07-31,14,12
2024-07-31,15,9
2024-07-31,16,11
2024-07-31,17,12
2024-07-31,18,15
2024-07-31,19,18
2024-07-31,20,13
2024-07-31,21,16
2024-07-31,22,12
2024-07-31,23,19
2024-08-01,0,0
2024-08-01,1,0
2024-08-01,2,0
2024-08-01,3,0
2024-08-01,4,0
2024-08-01,5,0
2024-08-01,6,0
2024-08-01,7,0
2024-08-01,8,0
2024-08-01,9,0
2024-08-01,10,10
2024-08-01,11,13
2024-08-01,12,18
2024-08-01,13,18
2024-08-01,14,15
2024-08-01,15,11
2024-08-01,16,11
2024-08-01,17,10
2024-08-01,18,13
2024-08-01,19,19
2024-08-01,20,16
2024-08-01,21,15
2024-08-01,22,12
2024-08-01,23,15
2024-08-02,0,0
2024-08-02,1,0
2024-08-02,2,0
2024-08-02,3,0
2024-08-02,4,0
2024-08-02,5,0
2024-08-02,6,0
2024-08-02,7,0
2024-08-02,8,0
2024-08-02,9,0
2024-08-02,10,24
2024-08-02,11,20
2024-08-02,12,36
2024-08-02,13,36
2024-08-02,14,31
2024-08-02,15,23
2024-08-02,16,18
2024-08-02,17,19
2024-08-02,18,28
2024-08-02,19,28
2024-08-02,20,33
2024-08-02,21,36
2024-08-02,22,36
2024-08-02,23,31
2024-08-03,0,0
2024-08-03,1,0
2024-08-03,2,0
2024-08-03,3,0
2024-08-03,4,0
2024-08-03,5,0
2024-08-03,6,0
2024-08-03,7,0
2024-08-03,8,0
2024-08-03,9,0
2024-08-03,10,19
2024-08-03,11,18
2024-08-03,12,27
2024-08-03,13,36
2024-08-03,14,27
2024-08-03,15,19
2024-08-03,16,22
2024-08-03,17,24
2024-08-03,18,33
2024-08-03,19,27
2024-08-03,20,27
2024-08-03,21,30
2024-08-03,22,36
2024-08-03,23,36
2024-08-04,0,0
2024-08-04,1,0
2024-08-04,2,0
2024-08-04,3,0
2024-08-04,4,0
2024-08-04,5,0
2024-08-04,6,0
2024-08-04,7,0
2024-08-04,8,0
2024-08-04,9,0
2024-08-04,10,20
2024-08-04,11,20
2024-08-04,12,34
2024-08-04,13,30
2024-08-04,14,30
2024-08-04,15,19
2024-08-04,16,18
2024-08-04,17,19
2024-08-04,18,28
2024-08-04,19,34
2024-08-04,20,27
2024-08-04,21,34
2024-08-04,22,30
2024-08-04,23,28
2024-08-05,0,0
2024-08-05,1,0
2024-08-05,2,0
2024-08-05,3,0
2024-08-05,4,0
2024-08-05,5,0
2024-08-05,6,0
2024-08-05,7,0
2024-08-05,8,0
2024-08-05,9,0
2024-08-05,10,8
2024-08-05,11,9
2024-08-05,12,19
2024-08-05,13,19
2024-08-05,14,19
2024-08-05,15,11
2024-08-05,16,9
2024-08-05,17,9
2024-08-05,18,16
2024-08-05,19,19
2024-08-05,20,19
2024-08-05,21,19
2024-08-05,22,12
2024-08-05,23,13
2024-08-06,0,0
2024-08-06,1,0
2024-08-06,2,0
2024-08-06,3,0
2024-08-06,4,0
2024-08-06,5,0
2024-08-06,6,0
2024-08-06,7,0
2024-08-06,8,0
2024-08-06,9,0
2024-08-06,10,8
2024-08-06,11,11
2024-08-06,12,12
2024-08-06,13,15
2024-08-06,14,16
2024-08-06,15,9
2024-08-06,16,9
2024-08-06,17,9
2024-08-06,18,15
2024-08-06,19,19
2024-08-06,20,16
2024-08-06,21,15
2024-08-06,22,16
2024-08-06,23,15
2024-08-07,0,0
2024-08-07,1,0
2024-08-07,2,0
2024-08-07,3,0
2024-08-07,4,0
2024-08-07,5,0
2024-08-07,6,0
2024-08-07,7,0
2024-08-07,8,0
2024-08-07,9,0
2024-08-07,10,11
2024-08-07,11,12
2024-08-07,12,19
2024-08-07,13,18
2024-08-07,14,13
2024-08-07,15,10
2024-08-07,16,11
2024-08-07,17,9
2024-08-07,18,16
2024-08-07,19,12
2024-08-07,20,19
2024-08-07,21,18
2024-08-07,22,16
2024-08-07,23,13
2024-08-08,0,0
2024-08-08,1,0
2024-08-08,2,0
2024-08-08,3,0
2024-08-08,4,0
2024-08-08,5,0
2024-08-08,6,0
2024-08-08,7,0
2024-08-08,8,0
2024-08-08,9,0
2024-08-08,10,10
2024-08-08,11,11
2024-08-08,12,16
2024-08-08,13,15
2024-08-08,14,16
2024-08-08,15,13
2024-08-08,16,13
2024-08-08,17,11
2024-08-08,18,19
2024-08-08,19,15
2024-08-08,20,12
2024-08-08,21,13
2024-08-08,22,16
2024-08-08,23,15
2024-08-09,0,0
2024-08-09,1,0
2024-08-09,2,0
2024-08-09,3,0
2024-08-09,4,0
2024-08-09,5,0
2024-08-09,6,0
2024-08-09,7,0
2024-08-09,8,0
2024-08-09,9,0
2024-08-09,10,24
2024-08-09,11,23
2024-08-09,12,31
2024-08-09,13,28
2024-08-09,14,33
2024-08-09,15,18
2024-08-09,16,19
2024-08-09,17,22
2024-08-09,18,36
2024-08-09,19,31
2024-08-09,20,36
2024-08-09,21,30
2024-08-09,22,27
2024-08-09,23,34
2024-08-10,0,0
2024-08-10,1,0
2024-08-10,2,0
2024-08-10,3,0
2024-08-10,4,0
2024-08-10,5,0
2024-08-10,6,0
2024-08-10,7,0
2024-08-10,8,0
2024-08-10,9,0
2024-08-10,10,18
2024-08-10,11,20
2024-08-10,12,30
2024-08-10,13,31
2024-08-10,14,31
2024-08-10,15,21
2024-08-10,16,21
2024-08-10,17,23
2024-08-10,18,33
2024-08-10,19,28
2024-08-10,20,36
2024-08-10,21,33
2024-08-10,22,27
2024-08-10,23,36
2024-08-11,0,0
2024-08-11,1,0
2024-08-11,2,0
2024-08-11,3,0
2024-08-11,4,0
2024-08-11,5,0
2024-08-11,6,0
2024-08-11,7,0
2024-08-11,8,0
2024-08-11,9,0
2024-08-11,10,23
2024-08-11,11,18
2024-08-11,12,27
2024-08-11,13,31
2024-08-11,14,33
2024-08-11,15,19
2024-08-11,16,18
2024-08-11,17,23
2024-08-11,18,31
2024-08-11,19,33
2024-08-11,20,31
2024-08-11,21,30
2024-08-11,22,30
2024-08-11,23,27
2024-08-12,0,0
2024-08-12,1,0
2024-08-12,2,0
2024-08-12,3,0
2024-08-12,4,0
2024-08-12,5,0
2024-08-12,6,0
2024-08-12,7,0
2024-08-12,8,0
2024-08-12,9,0
2024-08-12,10,13
2024-08-12,11,9
2024-08-12,12,15
2024-08-12,13,13
2024-08-12,14,18
2024-08-12,15,8
2024-08-12,16,13
2024-08-12,17,13
2024-08-12,18,15
2024-08-12,19,12
2024-08-12,20,19
2024-08-12,21,18
2024-08-12,22,16
2024-08-12,23,16
2024-08-13,0,0
2024-08-13,1,0
2024-08-13,2,0
2024-08-13,3,0
2024-08-13,4,0
2024-08-13,5,0
2024-08-13,6,0
2024-08-13,7,0
2024-08-13,8,0
2024-08-13,9,0
2024-08-13,10,9
2024-08-13,11,11
2024-08-13,12,19
2024-08-13,13,18
2024-08-13,14,16
2024-08-13,15,12
2024-08-13,16,11
2024-08-13,17,8
2024-08-13,18,19
2024-08-13,19,15
2024-08-13,20,16
2024-08-13,21,18
2024-08-13,22,12
2024-08-13,23,16
2024-08-14,0,0
2024-08-14,1,0
2024-08-14,2,0
2024-08-14,3,0
2024-08-14,4,0
2024-08-14,5,0
2024-08-14,6,0
2024-08-14,7,0
2024-08-14,8,0
2024-08-14,9,0
2024-08-14,10,8
2024-08-14,11,12
2024-08-14,12,12
2024-08-14,13,16
2024-08-14,14,18
2024-08-14,15,10
2024-08-14,16,11
2024-08-14,17,9
2024-08-14,18,16
2024-08-14,19,12
2024-08-14,20,13
2024-08-14,21,19
2024-08-14,22,19
2024-08-14,23,18
2024-08-15,0,0
2024-08-15,1,0
2024-08-15,2,0
2024-08-15,3,0
2024-08-15,4,0
2024-08-15,5,0
2024-08-15,6,0
2024-08-15,7,0
2024-08-15,8,0
2024-08-15,9,0
2024-08-15,10,31
2024-08-15,11,39
2024-08-15,12,54
2024-08-15,13,45
2024-08-15,14,55
2024-08-15,15,31
2024-08-15,16,32
2024-08-15,17,31
2024-08-15,18,46
2024-08-15,19,58
2024-08-15,20,58
2024-08-15,21,58
2024-08-15,22,48
2024-08-15,23,51
2024-08-16,0,0
2024-08-16,1,0
2024-08-16,2,0
2024-08-16,3,0
2024-08-16,4,0
2024-08-16,5,0
2024-08-16,6,0
2024-08-16,7,0
2024-08-16,8,0
2024-08-16,9,0
2024-08-16,10,21
2024-08-16,11,18
2024-08-16,12,36
2024-08-16,13,31
2024-08-16,14,36
2024-08-16,15,18
2024-08-16,16,22
2024-08-16,17,22
2024-08-16,18,36
2024-08-16,19,33
2024-08-16,20,28
2024-08-16,21,31
2024-08-16,22,33
2024-08-16,23,34
2024-08-17,0,0
2024-08-17,1,0
2024-08-17,2,0
2024-08-17,3,0
2024-08-17,4,0
2024-08-17,5,0
2024-08-17,6,0
2024-08-17,7,0
2024-08-17,8,0
2024-08-17,9,0
2024-08-17,10,23
2024-08-17,11,21
2024-08-17,12,27
2024-08-17,13,28
2024-08-17,14,30
2024-08-17,15,20
2024-08-17,16,22
2024-08-17,17,18
2024-08-17,18,31
2024-08-17,19,27
2024-08-17,20,33
2024-08-17,21,34
2024-08-17,22,33
2024-08-17,23,34
2024-08-18,0,0
2024-08-18,1,0
2024-08-18,2,0
2024-08-18,3,0
2024-08-18,4,0
2024-08-18,5,0
2024-08-18,6,0
2024-08-18,7,0
2024-08-18,8,0
2024-08-18,9,0
2024-08-18,10,21
2024-08-18,11,23
2024-08-18,12,36
2024-08-18,13,33
2024-08-18,14,34
2024-08-18,15,20
2024-08-18,16,23
2024-08-18,17,21
2024-08-18,18,31
2024-08-18,19,33
2024-08-18,20,27
2024-08-18,21,31
2024-08-18,22,36
2024-08-18,23,34
2024-08-19,0,0
2024-08-19,1,0
2024-08-19,2,0
2024-08-19,3,0
2024-08-19,4,0
2024-08-19,5,0
2024-08-19,6,0
2024-08-19,7,0
2024-08-19,8,0
2024-08-19,9,0
2024-08-19,10,35
2024-08-19,11,39
2024-08-19,12,55
2024-08-19,13,46
2024-08-19,14,57
2024-08-19,15,37
2024-08-19,16,32
2024-08-19,17,30
2024-08-19,18,54
2024-08-19,19,58
2024-08-19,20,48
2024-08-19,21,54
2024-08-19,22,55
2024-08-19,23,55
2024-08-20,0,0
2024-08-20,1,0
2024-08-20,2,0
2024-08-20,3,0
2024-08-20,4,0
2024-08-20,5,0
2024-08-20,6,0
2024-08-20,7,0
2024-08-20,8,0
2024-08-20,9,0
2024-08-20,10,8
2024-08-20,11,13
2024-08-20,12,12
2024-08-20,13,15
2024-08-20,14,13
2024-08-20,15,9
2024-08-20,16,11
2024-08-20,17,8
2024-08-20,18,19
2024-08-20,19,19
2024-08-20,20,13
2024-08-20,21,12
2024-08-20,22,16
2024-08-20,23,16
2024-08-21,0,0
2024-08-21,1,0
2024-08-21,2,0
2024-08-21,3,0
2024-08-21,4,0
2024-08-21,5,0
2024-08-21,6,0
2024-08-21,7,0
2024-08-21,8,0
2024-08-21,9,0
2024-08-21,10,12
2024-08-21,11,12
2024-08-21,12,18
2024-08-21,13,18
2024-08-21,14,15
2024-08-21,15,12
2024-08-21,16,12
2024-08-21,17,9
2024-08-21,18,13
2024-08-21,19,16
2024-08-21,20,12
2024-08-21,21,13
2024-08-21,22,19
2024-08-21,23,16
2024-08-22,0,0
2024-08-22,1,0
2024-08-22,2,0
2024-08-22,3,0
2024-08-22,4,0
2024-08-22,5,0
2024-08-22,6,0
2024-08-22,7,0
2024-08-22,8,0
2024-08-22,9,0
2024-08-22,10,12
2024-08-22,11,8
2024-08-22,12,13
2024-08-22,13,13
2024-08-22,14,18
2024-08-22,15,9
2024-08-22,16,9
2024-08-22,17,8
2024-08-22,18,18
2024-08-22,19,18
2024-08-22,20,18
2024-08-22,21,18
2024-08-22,22,16
2024-08-22,23,18
2024-08-23,0,0
2024-08-23,1,0
2024-08-23,2,0
2024-08-23,3,0
2024-08-23,4,0
2024-08-23,5,0
2024-08-23,6,0
2024-08-23,7,0
2024-08-23,8,0
2024-08-23,9,0
2024-08-23,10,21
2024-08-23,11,23
2024-08-23,12,30
2024-08-23,13,34
2024-08-23,14,27
2024-08-23,15,24
2024-08-23,16,20
2024-08-23,17,20
2024-08-23,18,28
2024-08-23,19,31
2024-08-23,20,30
2024-08-23,21,27
2024-08-23,22,31
2024-08-23,23,27
2024-08-24,0,0
2024-08-24,1,0
2024-08-24,2,0
2024-08-24,3,0
2024-08-24,4,0
2024-08-24,5,0
2024-08-24,6,0
2024-08-24,7,0
2024-08-24,8,0
2024-08-24,9,0
2024-08-24,10,20
2024-08-24,11,18
2024-08-24,12,28
2024-08-24,13,27
2024-08-24,14,31
2024-08-24,15,19
2024-08-24,16,22
2024-08-24,17,23
2024-08-24,18,34
2024-08-24,19,27
2024-08-24,20,28
2024-08-24,21,30
2024-08-24,22,36
2024-08-24,23,33
2024-08-25,0,0
2024-08-25,1,0
2024-08-25,2,0
2024-08-25,3,0
2024-08-25,4,0
2024-08-25,5,0
2024-08-25,6,0
2024-08-25,7,0
2024-08-25,8,0
2024-08-25,9,0
2024-08-25,10,21
2024-08-25,11,20
2024-08-25,12,31
2024-08-25,13,31
2024-08-25,14,30
2024-08-25,15,19
2024-08-25,16,20
2024-08-25,17,24
2024-08-25,18,34
2024-08-25,19,31
2024-08-25,20,36
2024-08-25,21,34
2024-08-25,22,33
2024-08-25,23,36
2024-08-26,0,0
2024-08-26,1,0
2024-08-26,2,0
2024-08-26,3,0
2024-08-26,4,0
2024-08-26,5,0
2024-08-26,6,0
2024-08-26,7,0
2024-08-26,8,0
2024-08-26,9,0
2024-08-26,10,31
2024-08-26,11,33
2024-08-26,12,51
2024-08-26,13,58
2024-08-26,14,58
2024-08-26,15,35
2024-08-26,16,39
2024-08-26,17,31
2024-08-26,18,58
2024-08-26,19,48
2024-08-26,20,46
2024-08-26,21,48
2024-08-26,22,54
2024-08-26,23,48
2024-08-27,0,0
2024-08-27,1,0
2024-08-27,2,0
2024-08-27,3,0
2024-08-27,4,0
2024-08-27,5,0
2024-08-27,6,0
2024-08-27,7,0
2024-08-27,8,0
2024-08-27,9,0
2024-08-27,10,8
2024-08-27,11,10
2024-08-27,12,12
2024-08-27,13,12
2024-08-27,14,15
2024-08-27,15,11
2024-08-27,16,13
2024-08-27,17,11
2024-08-27,18,16
2024-08-27,19,15
2024-08-27,20,19
2024-08-27,21,19
2024-08-27,22,13
2024-08-27,23,13
2024-08-28,0,0
2024-08-28,1,0
2024-08-28,2,0
2024-08-28,3,0
2024-08-28,4,0
2024-08-28,5,0
2024-08-28,6,0
2024-08-28,7,0
2024-08-28,8,0
2024-08-28,9,0
2024-08-28,10,9
2024-08-28,11,10
2024-08-28,12,12
2024-08-28,13,16
2024-08-28,14,18
2024-08-28,15,9
2024-08-28,16,11
2024-08-28,17,9
2024-08-28,18,15
2024-08-28,19,19
2024-08-28,20,12
2024-08-28,21,18
2024-08-28,22,12
2024-08-28,23,13
2024-08-29,0,0
2024-08-29,1,0
2024-08-29,2,0
2024-08-29,3,0
2024-08-29,4,0
2024-08-29,5,0
2024-08-29,6,0
2024-08-29,7,0
2024-08-29,8,0
2024-08-29,9,0
2024-08-29,10,11
2024-08-29,11,13
2024-08-29,12,12
2024-08-29,13,15
2024-08-29,14,19
2024-08-29,15,12
2024-08-29,16,12
2024-08-29,17,11
2024-08-29,18,18
2024-08-29,19,12
2024-08-29,20,19
2024-08-29,21,19
2024-08-29,22,16
2024-08-29,23,12
2024-08-30,0,0
2024-08-30,1,0
2024-08-30,2,0
2024-08-30,3,0
2024-08-30,4,0
2024-08-30,5,0
2024-08-30,6,0
2024-08-30,7,0
2024-08-30,8,0
2024-08-30,9,0
2024-08-30,10,22
2024-08-30,11,20
2024-08-30,12,36
2024-08-30,13,28
2024-08-30,14,31
2024-08-30,15,20
2024-08-30,16,24
2024-08-30,17,18
2024-08-30,18,30
2024-08-30,19,30
2024-08-30,20,30
2024-08-30,21,36
2024-08-30,22,33
2024-08-30,23,36
2024-08-31,0,0
2024-08-31,1,0
2024-08-31,2,0
2024-08-31,3,0
2024-08-31,4,0
2024-08-31,5,0
2024-08-31,6,0
2024-08-31,7,0
2024-08-31,8,0
2024-08-31,9,0
2024-08-31,10,21
2024-08-31,11,24
2024-08-31,12,31
2024-08-31,13,27
2024-08-31,14,30
2024-08-31,15,18
2024-08-31,16,23
2024-08-31,17,24
2024-08-31,18,31
2024-08-31,19,34
2024-08-31,20,33
2024-08-31,21,33
2024-08-31,22,36
2024-08-31,23,27
2024-09-01,0,0
2024-09-01,1,0
2024-09-01,2,0
2024-09-01,3,0
2024-09-01,4,0
2024-09-01,5,0
2024-09-01,6,0
2024-09-01,7,0
2024-09-01,8,0
2024-09-01,9,0
2024-09-01,10,19
2024-09-01,11,23
2024-09-01,12,31
2024-09-01,13,31
2024-09-01,14,33
2024-09-01,15,22
2024-09-01,16,19
2024-09-01,17,19
2024-09-01,18,28
2024-09-01,19,31
2024-09-01,20,27
2024-09-01,21,27
2024-09-01,22,31
2024-09-01,23,33
2024-09-02,0,0
2024-09-02,1,0
2024-09-02,2,0
2024-09-02,3,0
2024-09-02,4,0
2024-09-02,5,0
2024-09-02,6,0
2024-09-02,7,0
2024-09-02,8,0
2024-09-02,9,0
2024-09-02,10,8
2024-09-02,11,10
2024-09-02,12,16
2024-09-02,13,12
2024-09-02,14,12
2024-09-02,15,11
2024-09-02,16,8
2024-09-02,17,13
2024-09-02,18,15
2024-09-02,19,18
2024-09-02,20,12
2024-09-02,21,15
2024-09-02,22,18
2024-09-02,23,12
2024-09-03,0,0
2024-09-03,1,0
2024-09-03,2,0
2024-09-03,3,0
2024-09-03,4,0
2024-09-03,5,0
2024-09-03,6,0
2024-09-03,7,0
2024-09-03,8,0
2024-09-03,9,0
2024-09-03,10,9
2024-09-03,11,12
2024-09-03,12,12
2024-09-03,13,16
2024-09-03,14,15
2024-09-03,15,12
2024-09-03,16,12
2024-09-03,17,8
2024-09-03,18,19
2024-09-03,19,15
2024-09-03,20,16
2024-09-03,21,19
2024-09-03,22,16
2024-09-03,23,13
2024-09-04,0,0
2024-09-04,1,0
2024-09-04,2,0
2024-09-04,3,0
2024-09-04,4,0
2024-09-04,5,0
2024-09-04,6,0
2024-09-04,7,0
2024-09-04,8,0
2024-09-04,9,0
2024-09-04,10,13
2024-09-04,11,13
2024-09-04,12,18
2024-09-04,13,19
2024-09-04,14,12
2024-09-04,15,8
2024-09-04,16,13
2024-09-04,17,11
2024-09-04,18,18
2024-09-04,19,15
2024-09-04,20,19
2024-09-04,21,15
2024-09-04,22,15
2024-09-04,23,13
2024-09-05,0,0
2024-09-05,1,0
2024-09-05,2,0
2024-09-05,3,0
2024-09-05,4,0
2024-09-05,5,0
2024-09-05,6,0
2024-09-05,7,0
2024-09-05,8,0
2024-09-05,9,0
2024-09-05,10,12
2024-09-05,11,8
2024-09-05,12,16
2024-09-05,13,12
2024-09-05,14,13
2024-09-05,15,8
2024-09-05,16,13
2024-09-05,17,11
2024-09-05,18,19
2024-09-05,19,19
2024-09-05,20,15
2024-09-05,21,12
2024-09-05,22,18
2024-09-05,23,19
2024-09-06,0,0
2024-09-06,1,0
2024-09-06,2,0
2024-09-06,3,0
2024-09-06,4,0
2024-09-06,5,0
2024-09-06,6,0
2024-09-06,7,0
2024-09-06,8,0
2024-09-06,9,0
2024-09-06,10,21
2024-09-06,11,22
2024-09-06,12,31
2024-09-06,13,31
2024-09-06,14,28
2024-09-06,15,19
2024-09-06,16,20
2024-09-06,17,24
2024-09-06,18,27
2024-09-06,19,30
2024-09-06,20,34
2024-09-06,21,36
2024-09-06,22,30
2024-09-06,23,33
2024-09-07,0,0
2024-09-07,1,0
2024-09-07,2,0
2024-09-07,3,0
2024-09-07,4,0
2024-09-07,5,0
2024-09-07,6,0
2024-09-07,7,0
2024-09-07,8,0
2024-09-07,9,0
2024-09-07,10,34
2024-09-07,11,31
2024-09-07,12,55
2024-09-07,13,51
2024-09-07,14,48
2024-09-07,15,31
2024-09-07,16,31
2024-09-07,17,35
2024-09-07,18,57
2024-09-07,19,57
2024-09-07,20,58
2024-09-07,21,48
2024-09-07,22,49
2024-09-07,23,49
2024-09-08,0,0
2024-09-08,1,0
2024-09-08,2,0
2024-09-08,3,0
2024-09-08,4,0
2024-09-08,5,0
2024-09-08,6,0
2024-09-08,7,0
2024-09-08,8,0
2024-09-08,9,0
2024-09-08,10,20
2024-09-08,11,20
2024-09-08,12,34
2024-09-08,13,36
2024-09-08,14,36
2024-09-08,15,24
2024-09-08,16,20
2024-09-08,17,22
2024-09-08,18,28
2024-09-08,19,31
2024-09-08,20,34
2024-09-08,21,33
2024-09-08,22,30
2024-09-08,23,28
2024-09-09,0,0
2024-09-09,1,0
2024-09-09,2,0
2024-09-09,3,0
2024-09-09,4,0
2024-09-09,5,0
2024-09-09,6,0
2024-09-09,7,0
2024-09-09,8,0
2024-09-09,9,0
2024-09-09,10,10
2024-09-09,11,9
2024-09-09,12,15
2024-09-09,13,15
2024-09-09,14,19
2024-09-09,15,10
2024-09-09,16,8
2024-09-09,17,13
2024-09-09,18,16
2024-09-09,19,15
2024-09-09,20,13
2024-09-09,21,16
2024-09-09,22,16
2024-09-09,23,18
2024-09-10,0,0
2024-09-10,1,0
2024-09-10,2,0
2024-09-10,3,0
2024-09-10,4,0
2024-09-10,5,0
2024-09-10,6,0
2024-09-10,7,0
2024-09-10,8,0
2024-09-10,9,0
2024-09-10,10,11
2024-09-10,11,13
2024-09-10,12,19
2024-09-10,13,13
2024-09-10,14,12
2024-09-10,15,11
2024-09-10,16,10
2024-09-10,17,13
2024-09-10,18,18
2024-09-10,19,19
2024-09-10,20,13
2024-09-10,21,19
2024-09-10,22,12
2024-09-10,23,12
2024-09-11,0,0
2024-09-11,1,0
2024-09-11,2,0
2024-09-11,3,0
2024-09-11,4,0
2024-09-11,5,0
2024-09-11,6,0
2024-09-11,7,0
2024-09-11,8,0
2024-09-11,9,0
2024-09-11,10,11
2024-09-11,11,11
2024-09-11,12,15
2024-09-11,13,18
2024-09-11,14,13
2024-09-11,15,11
2024-09-11,16,11
2024-09-11,17,12
2024-09-11,18,18
2024-09-11,19,15
2024-09-11,20,15
2024-09-11,21,18
2024-09-11,22,12
2024-09-11,23,13
2024-09-12,0,0
2024-09-12,1,0
2024-09-12,2,0
2024-09-12,3,0
2024-09-12,4,0
2024-09-12,5,0
2024-09-12,6,0
2024-09-12,7,0
2024-09-12,8,0
2024-09-12,9,0
2024-09-12,10,8
2024-09-12,11,9
2024-09-12,12,13
2024-09-12,13,13
2024-09-12,14,16
2024-09-12,15,9
2024-09-12,16,12
2024-09-12,17,8
2024-09-12,18,19
2024-09-12,19,19
2024-09-12,20,15
2024-09-12,21,18
2024-09-12,22,13
2024-09-12,23,12
2024-09-13,0,0
2024-09-13,1,0
2024-09-13,2,0
2024-09-13,3,0
2024-09-13,4,0
2024-09-13,5,0
2024-09-13,6,0
2024-09-13,7,0
2024-09-13,8,0
2024-09-13,9,0
2024-09-13,10,22
2024-09-13,11,21
2024-09-13,12,27
2024-09-13,13,31
2024-09-13,14,30
2024-09-13,15,22
2024-09-13,16,22
2024-09-13,17,24
2024-09-13,18,31
2024-09-13,19,30
2024-09-13,20,34
2024-09-13,21,28
2024-09-13,22,28
2024-09-13,23,31
2024-09-14,0,0
2024-09-14,1,0
2024-09-14,2,0
2024-09-14,3,0
2024-09-14,4,0
2024-09-14,5,0
2024-09-14,6,0
2024-09-14,7,0
2024-09-14,8,0
2024-09-14,9,0
2024-09-14,10,22
2024-09-14,11,23
2024-09-14,12,27
2024-09-14,13,36
2024-09-14,14,28
2024-09-14,15,24
2024-09-14,16,20
2024-09-14,17,22
2024-09-14,18,27
2024-09-14,19,33
2024-09-14,20,31
2024-09-14,21,28
2024-09-14,22,33
2024-09-14,23,31
2024-09-15,0,0
2024-09-15,1,0
2024-09-15,2,0
2024-09-15,3,0
2024-09-15,4,0
2024-09-15,5,0
2024-09-15,6,0
2024-09-15,7,0
2024-09-15,8,0
2024-09-15,9,0
2024-09-15,10,22
2024-09-15,11,19
2024-09-15,12,31
2024-09-15,13,36
2024-09-15,14,28
2024-09-15,15,19
2024-09-15,16,19
2024-09-15,17,23
2024-09-15,18,31
2024-09-15,19,33
2024-09-15,20,28
2024-09-15,21,34
2024-09-15,22,31
2024-09-15,23,30
2024-09-16,0,0
2024-09-16,1,0
2024-09-16,2,0
2024-09-16,3,0
2024-09-16,4,0
2024-09-16,5,0
2024-09-16,6,0
2024-09-16,7,0
2024-09-16,8,0
2024-09-16,9,0
2024-09-16,10,33
2024-09-16,11,38
2024-09-16,12,49
2024-09-16,13,55
2024-09-16,14,49
2024-09-16,15,39
2024-09-16,16,32
2024-09-16,17,37
2024-09-16,18,58
2024-09-16,19,48
2024-09-16,20,51
2024-09-16,21,48
2024-09-16,22,48
2024-09-16,23,55
2024-09-17,0,0
2024-09-17,1,0
2024-09-17,2,0
2024-09-17,3,0
2024-09-17,4,0
2024-09-17,5,0
2024-09-17,6,0
2024-09-17,7,0
2024-09-17,8,0
2024-09-17,9,0
2024-09-17,10,9
2024-09-17,11,10
2024-09-17,12,19
2024-09-17,13,15
2024-09-17,14,15
2024-09-17,15,12
2024-09-17,16,10
2024-09-17,17,12
2024-09-17,18,19
2024-09-17,19,18
2024-09-17,20,15
2024-09-17,21,12
2024-09-17,22,16
2024-09-17,23,15
2024-09-18,0,0
2024-09-18,1,0
2024-09-18,2,0
2024-09-18,3,0
2024-09-18,4,0
2024-09-18,5,0
2024-09-18,6,0
2024-09-18,7,0
2024-09-18,8,0
2024-09-18,9,0
2024-09-18,10,12
2024-09-18,11,13
2024-09-18,12,13
2024-09-18,13,12
2024-09-18,14,16
2024-09-18,15,10
2024-09-18,16,12
2024-09-18,17,11
2024-09-18,18,13
2024-09-18,19,18
2024-09-18,20,12
2024-09-18,21,19
2024-09-18,22,18
2024-09-18,23,18
2024-09-19,0,0
2024-09-19,1,0
2024-09-19,2,0
2024-09-19,3,0
2024-09-19,4,0
2024-09-19,5,0
2024-09-19,6,0
2024-09-19,7,0
2024-09-19,8,0
2024-09-19,9,0
2024-09-19,10,8
2024-09-19,11,9
2024-09-19,12,15
2024-09-19,13,13
2024-09-19,14,13
2024-09-19,15,11
2024-09-19,16,10
2024-09-19,17,13
2024-09-19,18,19
2024-09-19,19,18
2024-09-19,20,12
2024-09-19,21,18
2024-09-19,22,13
2024-09-19,23,19
2024-09-20,0,0
2024-09-20,1,0
2024-09-20,2,0
2024-09-20,3,0
2024-09-20,4,0
2024-09-20,5,0
2024-09-20,6,0
2024-09-20,7,0
2024-09-20,8,0
2024-09-20,9,0
2024-09-20,10,24
2024-09-20,11,24
2024-09-20,12,36
2024-09-20,13,30
2024-09-20,14,36
2024-09-20,15,21
2024-09-20,16,19
2024-09-20,17,23
2024-09-20,18,33
2024-09-20,19,34
2024-09-20,20,34
2024-09-20,21,34
2024-09-20,22,36
2024-09-20,23,30
2024-09-21,0,0
2024-09-21,1,0
2024-09-21,2,0
2024-09-21,3,0
2024-09-21,4,0
2024-09-21,5,0
2024-09-21,6,0
2024-09-21,7,0
2024-09-21,8,0
2024-09-21,9,0
2024-09-21,10,19
2024-09-21,11,21
2024-09-21,12,27
2024-09-21,13,28
2024-09-21,14,34
2024-09-21,15,21
2024-09-21,16,23
2024-09-21,17,19
2024-09-21,18,31
2024-09-21,19,36
2024-09-21,20,30
2024-09-21,21,34
2024-09-21,22,27
2024-09-21,23,36
2024-09-22,0,0
2024-09-22,1,0
2024-09-22,2,0
2024-09-22,3,0
2024-09-22,4,0
2024-09-22,5,0
2024-09-22,6,0
2024-09-22,7,0
2024-09-22,8,0
2024-09-22,9,0
2024-09-22,10,22
2024-09-22,11,22
2024-09-22,12,34
2024-09-22,13,27
2024-09-22,14,34
2024-09-22,15,23
2024-09-22,16,24
2024-09-22,17,21
2024-09-22,18,27
2024-09-22,19,27
2024-09-22,20,30
2024-09-22,21,27
2024-09-22,22,30
2024-09-22,23,30
2024-09-23,0,0
2024-09-23,1,0
2024-09-23,2,0
2024-09-23,3,0
2024-09-23,4,0
2024-09-23,5,0
2024-09-23,6,0
2024-09-23,7,0
2024-09-23,8,0
2024-09-23,9,0
2024-09-23,10,9
2024-09-23,11,8
2024-09-23,12,19
2024-09-23,13,15
2024-09-23,14,18
2024-09-23,15,13
2024-09-23,16,11
2024-09-23,17,10
2024-09-23,18,15
2024-09-23,19,19
2024-09-23,20,19
2024-09-23,21,16
2024-09-23,22,13
2024-09-23,23,18
2024-09-24,0,0
2024-09-24,1,0
2024-09-24,2,0
2024-09-24,3,0
2024-09-24,4,0
2024-09-24,5,0
2024-09-24,6,0
2024-09-24,7,0
2024-09-24,8,0
2024-09-24,9,0
2024-09-24,10,8
2024-09-24,11,9
2024-09-24,12,13
2024-09-24,13,15
2024-09-24,14,13
2024-09-24,15,9
2024-09-24,16,13
2024-09-24,17,11
2024-09-24,18,16
2024-09-24,19,16
2024-09-24,20,15
2024-09-24,21,18
2024-09-24,22,19
2024-09-24,23,18
2024-09-25,0,0
2024-09-25,1,0
2024-09-25,2,0
2024-09-25,3,0
2024-09-25,4,0
2024-09-25,5,0
2024-09-25,6,0
2024-09-25,7,0
2024-09-25,8,0
2024-09-25,9,0
2024-09-25,10,8
2024-09-25,11,11
2024-09-25,12,13
2024-09-25,13,18
2024-09-25,14,13
2024-09-25,15,10
2024-09-25,16,8
2024-09-25,17,12
2024-09-25,18,13
2024-09-25,19,15
2024-09-25,20,15
2024-09-25,21,15
2024-09-25,22,13
2024-09-25,23,15
2024-09-26,0,0
2024-09-26,1,0
2024-09-26,2,0
2024-09-26,3,0
2024-09-26,4,0
2024-09-26,5,0
2024-09-26,6,0
2024-09-26,7,0
2024-09-26,8,0
2024-09-26,9,0
2024-09-26,10,13
2024-09-26,11,9
2024-09-26,12,12
2024-09-26,13,12
2024-09-26,14,16
2024-09-26,15,11
2024-09-26,16,8
2024-09-26,17,13
2024-09-26,18,12
2024-09-26,19,15
2024-09-26,20,13
2024-09-26,21,15
2024-09-26,22,19
2024-09-26,23,13
2024-09-27,0,0
2024-09-27,1,0
2024-09-27,2,0
2024-09-27,3,0
2024-09-27,4,0
2024-09-27,5,0
2024-09-27,6,0
2024-09-27,7,0
2024-09-27,8,0
2024-09-27,9,0
2024-09-27,10,20
2024-09-27,11,20
2024-09-27,12,34
2024-09-27,13,33
2024-09-27,14,27
2024-09-27,15,20
2024-09-27,16,20
2024-09-27,17,19
2024-09-27,18,28
2024-09-27,19,31
2024-09-27,20,27
2024-09-27,21,34
2024-09-27,22,27
2024-09-27,23,34
2024-09-28,0,0
2024-09-28,1,0
2024-09-28,2,0
2024-09-28,3,0
2024-09-28,4,0
2024-09-28,5,0
2024-09-28,6,0
2024-09-28,7,0
2024-09-28,8,0
2024-09-28,9,0
2024-09-28,10,23
2024-09-28,11,24
2024-09-28,12,30
2024-09-28,13,36
2024-09-28,14,33
2024-09-28,15,21
2024-09-28,16,23
2024-09-28,17,20
2024-09-28,18,36
2024-09-28,19,33
2024-09-28,20,30
2024-09-28,21,33
2024-09-28,22,27
2024-09-28,23,36
2024-09-29,0,0
2024-09-29,1,0
2024-09-29,2,0
2024-09-29,3,0
2024-09-29,4,0
2024-09-29,5,0
2024-09-29,6,0
2024-09-29,7,0
2024-09-29,8,0
2024-09-29,9,0
2024-09-29,10,20
2024-09-29,11,21
2024-09-29,12,34
2024-09-29,13,30
2024-09-29,14,33
2024-09-29,15,18
2024-09-29,16,21
2024-09-29,17,20
2024-09-29,18,30
2024-09-29,19,34
2024-09-29,20,36
2024-09-29,21,27
2024-09-29,22,28
2024-09-29,23,33
2024-09-30,0,0
2024-09-30,1,0
2024-09-30,2,0
2024-09-30,3,0
2024-09-30,4,0
2024-09-30,5,0
2024-09-30,6,0
2024-09-30,7,0
2024-09-30,8,0
2024-09-30,9,0
2024-09-30,10,12
2024-09-30,11,11
2024-09-30,12,15
2024-09-30,13,19
2024-09-30,14,13
2024-09-30,15,9
2024-09-30,16,8
2024-09-30,17,10
2024-09-30,18,13
2024-09-30,19,12
2024-09-30,20,18
2024-09-30,21,12
2024-09-30,22,15
2024-09-30,23,12
2024-10-01,0,0
2024-10-01,1,0
2024-10-01,2,0
2024-10-01,3,0
2024-10-01,4,0
2024-10-01,5,0
2024-10-01,6,0
2024-10-01,7,0
2024-10-01,8,0
2024-10-01,9,0
2024-10-01,10,10
2024-10-01,11,12
2024-10-01,12,15
2024-10-01,13,13
2024-10-01,14,12
2024-10-01,15,11
2024-10-01,16,9
2024-10-01,17,12
2024-10-01,18,12
2024-10-01,19,12
2024-10-01,20,16
2024-10-01,21,13
2024-10-01,22,15
2024-10-01,23,12
2024-10-02,0,0
2024-10-02,1,0
2024-10-02,2,0
2024-10-02,3,0
2024-10-02,4,0
2024-10-02,5,0
2024-10-02,6,0
2024-10-02,7,0
2024-10-02,8,0
2024-10-02,9,0
2024-10-02,10,38
2024-10-02,11,36
2024-10-02,12,52
2024-10-02,13,51
2024-10-02,14,52
2024-10-02,15,34
2024-10-02,16,38
2024-10-02,17,39
2024-10-02,18,46
2024-10-02,19,54
2024-10-02,20,49
2024-10-02,21,58
2024-10-02,22,52
2024-10-02,23,57
2024-10-03,0,0
2024-10-03,1,0
2024-10-03,2,0
2024-10-03,3,0
2024-10-03,4,0
2024-10-03,5,0
2024-10-03,6,0
2024-10-03,7,0
2024-10-03,8,0
2024-10-03,9,0
2024-10-03,10,11
2024-10-03,11,13
2024-10-03,12,16
2024-10-03,13,13
2024-10-03,14,12
2024-10-03,15,9
2024-10-03,16,11
2024-10-03,17,13
2024-10-03,18,16
2024-10-03,19,16
2024-10-03,20,15
2024-10-03,21,12
2024-10-03,22,16
2024-10-03,23,13
2024-10-04,0,0
2024-10-04,1,0
2024-10-04,2,0
2024-10-04,3,0
2024-10-04,4,0
2024-10-04,5,0
2024-10-04,6,0
2024-10-04,7,0
2024-10-04,8,0
2024-10-04,9,0
2024-10-04,10,19
2024-10-04,11,20
2024-10-04,12,27
2024-10-04,13,28
2024-10-04,14,28
2024-10-04,15,22
2024-10-04,16,19
2024-10-04,17,21
2024-10-04,18,28
2024-10-04,19,28
2024-10-04,20,36
2024-10-04,21,28
2024-10-04,22,27
2024-10-04,23,34
2024-10-05,0,0
2024-10-05,1,0
2024-10-05,2,0
2024-10-05,3,0
2024-10-05,4,0
2024-10-05,5,0
2024-10-05,6,0
2024-10-05,7,0
2024-10-05,8,0
2024-10-05,9,0
2024-10-05,10,23
2024-10-05,11,19
2024-10-05,12,34
2024-10-05,13,36
2024-10-05,14,33
2024-10-05,15,19
2024-10-05,16,24
2024-10-05,17,21
2024-10-05,18,31
2024-10-05,19,27
2024-10-05,20,33
2024-10-05,21,34
2024-10-05,22,33
2024-10-05,23,33
2024-10-06,0,0
2024-10-06,1,0
2024-10-06,2,0
2024-10-06,3,0
2024-10-06,4,0
2024-10-06,5,0
2024-10-06,6,0
2024-10-06,7,0
2024-10-06,8,0
2024-10-06,9,0
2024-10-06,10,22
2024-10-06,11,23
2024-10-06,12,28
2024-10-06,13,28
2024-10-06,14,28
2024-10-06,15,22
2024-10-06,16,18
2024-10-06,17,18
2024-10-06,18,31
2024-10-06,19,28
2024-10-06,20,34
2024-10-06,21,34
2024-10-06,22,27
2024-10-06,23,33
2024-10-07,0,0
2024-10-07,1,0
2024-10-07,2,0
2024-10-07,3,0
2024-10-07,4,0
2024-10-07,5,0
2024-10-07,6,0
2024-10-07,7,0
2024-10-07,8,0
2024-10-07,9,0
2024-10-07,10,10
2024-10-07,11,11
2024-10-07,12,18
2024-10-07,13,19
2024-10-07,14,13
2024-10-07,15,12
2024-10-07,16,12
2024-10-07,17,12
2024-10-07,18,19
2024-10-07,19,12
2024-10-07,20,16
2024-10-07,21,18
2024-10-07,22,15
2024-10-07,23,16
2024-10-08,0,0
2024-10-08,1,0
2024-10-08,2,0
2024-10-08,3,0
2024-10-08,4,0
2024-10-08,5,0
2024-10-08,6,0
2024-10-08,7,0
2024-10-08,8,0
2024-10-08,9,0
2024-10-08,10,13
2024-10-08,11,11
2024-10-08,12,13
2024-10-08,13,16
2024-10-08,14,18
2024-10-08,15,12
2024-10-08,16,10
2024-10-08,17,8
2024-10-08,18,16
2024-10-08,19,13
2024-10-08,20,13
2024-10-08,21,18
2024-10-08,22,16
2024-10-08,23,16
2024-10-09,0,0
2024-10-09,1,0
2024-10-09,2,0
2024-10-09,3,0
2024-10-09,4,0
2024-10-09,5,0
2024-10-09,6,0
2024-10-09,7,0
2024-10-09,8,0
2024-10-09,9,0
2024-10-09,10,12
2024-10-09,11,13
2024-10-09,12,19
2024-10-09,13,19
2024-10-09,14,18
2024-10-09,15,11
2024-10-09,16,13
2024-10-09,17,9
2024-10-09,18,16
2024-10-09,19,18
2024-10-09,20,13
2024-10-09,21,13
2024-10-09,22,18
2024-10-09,23,15
2024-10-10,0,0
2024-10-10,1,0
2024-10-10,2,0
2024-10-10,3,0
2024-10-10,4,0
2024-10-10,5,0
2024-10-10,6,0
2024-10-10,7,0
2024-10-10,8,0
2024-10-10,9,0
2024-10-10,10,8
2024-10-10,11,11
2024-10-10,12,15
2024-10-10,13,16
2024-10-10,14,13
2024-10-10,15,8
2024-10-10,16,8
2024-10-10,17,13
2024-10-10,18,15
2024-10-10,19,12
2024-10-10,20,15
2024-10-10,21,18
2024-10-10,22,16
2024-10-10,23,15
2024-10-11,0,0
2024-10-11,1,0
2024-10-11,2,0
2024-10-11,3,0
2024-10-11,4,0
2024-10-11,5,0
2024-10-11,6,0
2024-10-11,7,0
2024-10-11,8,0
2024-10-11,9,0
2024-10-11,10,18
2024-10-11,11,23
2024-10-11,12,28
2024-10-11,13,36
2024-10-11,14,36
2024-10-11,15,19
2024-10-11,16,20
2024-10-11,17,22
2024-10-11,18,31
2024-10-11,19,36
2024-10-11,20,36
2024-10-11,21,36
2024-10-11,22,30
2024-10-11,23,31
2024-10-12,0,0
2024-10-12,1,0
2024-10-12,2,0
2024-10-12,3,0
2024-10-12,4,0
2024-10-12,5,0
2024-10-12,6,0
2024-10-12,7,0
2024-10-12,8,0
2024-10-12,9,0
2024-10-12,10,34
2024-10-12,11,37
2024-10-12,12,45
2024-10-12,13,54
2024-10-12,14,45
2024-10-12,15,39
2024-10-12,16,39
2024-10-12,17,35
2024-10-12,18,51
2024-10-12,19,49
2024-10-12,20,48
2024-10-12,21,55
2024-10-12,22,54
2024-10-12,23,48
2024-10-13,0,0
2024-10-13,1,0
2024-10-13,2,0
2024-10-13,3,0
2024-10-13,4,0
2024-10-13,5,0
2024-10-13,6,0
2024-10-13,7,0
2024-10-13,8,0
2024-10-13,9,0
2024-10-13,10,20
2024-10-13,11,22
2024-10-13,12,31
2024-10-13,13,28
2024-10-13,14,33
2024-10-13,15,21
2024-10-13,16,19
2024-10-13,17,21
2024-10-13,18,27
2024-10-13,19,31
2024-10-13,20,30
2024-10-13,21,34
2024-10-13,22,27
2024-10-13,23,28
2024-10-14,0,0
2024-10-14,1,0
2024-10-14,2,0
2024-10-14,3,0
2024-10-14,4,0
2024-10-14,5,0
2024-10-14,6,0
2024-10-14,7,0
2024-10-14,8,0
2024-10-14,9,0
2024-10-14,10,8
2024-10-14,11,11
2024-10-14,12,18
2024-10-14,13,12
2024-10-14,14,18
2024-10-14,15,11
2024-10-14,16,13
2024-10-14,17,8
2024-10-14,18,19
2024-10-14,19,16
2024-10-14,20,16
2024-10-14,21,18
2024-10-14,22,19
2024-10-14,23,12
2024-10-15,0,0
2024-10-15,1,0
2024-10-15,2,0
2024-10-15,3,0
2024-10-15,4,0
2024-10-15,5,0
2024-10-15,6,0
2024-10-15,7,0
2024-10-15,8,0
2024-10-15,9,0
2024-10-15,10,12
2024-10-15,11,13
2024-10-15,12,12
2024-10-15,13,16
2024-10-15,14,15
2024-10-15,15,10
2024-10-15,16,9
2024-10-15,17,9
2024-10-15,18,19
2024-10-15,19,13
2024-10-15,20,18
2024-10-15,21,13
2024-10-15,22,12
2024-10-15,23,16
2024-10-16,0,0
2024-10-16,1,0
2024-10-16,2,0
2024-10-16,3,0
2024-10-16,4,0
2024-10-16,5,0
2024-10-16,6,0
2024-10-16,7,0
2024-10-16,8,0
2024-10-16,9,0
2024-10-16,10,11
2024-10-16,11,10
2024-10-16,12,16
2024-10-16,13,19
2024-10-16,14,19
2024-10-16,15,12
2024-10-16,16,10
2024-10-16,17,8
2024-10-16,18,13
2024-10-16,19,18
2024-10-16,20,15
2024-10-16,21,19
2024-10-16,22,12
2024-10-16,23,18
2024-10-17,0,0
2024-10-17,1,0
2024-10-17,2,0
2024-10-17,3,0
2024-10-17,4,0
2024-10-17,5,0
2024-10-17,6,0
2024-10-17,7,0
2024-10-17,8,0
2024-10-17,9,0
2024-10-17,10,9
2024-10-17,11,12
2024-10-17,12,19
2024-10-17,13,15
2024-10-17,14,18
2024-10-17,15,10
2024-10-17,16,9
2024-10-17,17,10
2024-10-17,18,19
2024-10-17,19,15
2024-10-17,20,18
2024-10-17,21,18
2024-10-17,22,18
2024-10-17,23,16
2024-10-18,0,0
2024-10-18,1,0
2024-10-18,2,0
2024-10-18,3,0
2024-10-18,4,0
2024-10-18,5,0
2024-10-18,6,0
2024-10-18,7,0
2024-10-18,8,0
2024-10-18,9,0
2024-10-18,10,24
2024-10-18,11,21
2024-10-18,12,36
2024-10-18,13,28
2024-10-18,14,34
2024-10-18,15,21
2024-10-18,16,20
2024-10-18,17,18
2024-10-18,18,31
2024-10-18,19,33
2024-10-18,20,31
2024-10-18,21,31
2024-10-18,22,30
2024-10-18,23,27
2024-10-19,0,0
2024-10-19,1,0
2024-10-19,2,0
2024-10-19,3,0
2024-10-19,4,0
2024-10-19,5,0
2024-10-19,6,0
2024-10-19,7,0
2024-10-19,8,0
2024-10-19,9,0
2024-10-19,10,24
2024-10-19,11,23
2024-10-19,12,33
2024-10-19,13,30
2024-10-19,14,28
2024-10-19,15,24
2024-10-19,16,24
2024-10-19,17,24
2024-10-19,18,31
2024-10-19,19,33
2024-10-19,20,34
2024-10-19,21,33
2024-10-19,22,34
2024-10-19,23,31
2024-10-20,0,0
2024-10-20,1,0
2024-10-20,2,0
2024-10-20,3,0
2024-10-20,4,0
2024-10-20,5,0
2024-10-20,6,0
2024-10-20,7,0
2024-10-20,8,0
2024-10-20,9,0
2024-10-20,10,21
2024-10-20,11,22
2024-10-20,12,30
2024-10-20,13,31
2024-10-20,14,30
2024-10-20,15,20
2024-10-20,16,22
2024-10-20,17,20
2024-10-20,18,30
2024-10-20,19,36
2024-10-20,20,34
2024-10-20,21,33
2024-10-20,22,36
2024-10-20,23,30
2024-10-21,0,0
2024-10-21,1,0
2024-10-21,2,0
2024-10-21,3,0
2024-10-21,4,0
2024-10-21,5,0
2024-10-21,6,0
2024-10-21,7,0
2024-10-21,8,0
2024-10-21,9,0
2024-10-21,10,10
2024-10-21,11,8
2024-10-21,12,16
2024-10-21,13,16
2024-10-21,14,12
2024-10-21,15,9
2024-10-21,16,13
2024-10-21,17,10
2024-10-21,18,18
2024-10-21,19,18
2024-10-21,20,15
2024-10-21,21,15
2024-10-21,22,12
2024-10-21,23,12
2024-10-22,0,0
2024-10-22,1,0
2024-10-22,2,0
2024-10-22,3,0
2024-10-22,4,0
2024-10-22,5,0
2024-10-22,6,0
2024-10-22,7,0
2024-10-22,8,0
2024-10-22,9,0
2024-10-22,10,12
2024-10-22,11,9
2024-10-22,12,13
2024-10-22,13,12
2024-10-22,14,19
2024-10-22,15,12
2024-10-22,16,8
2024-10-22,17,12
2024-10-22,18,13
2024-10-22,19,13
2024-10-22,20,12
2024-10-22,21,19
2024-10-22,22,12
2024-10-22,23,12
2024-10-23,0,0
2024-10-23,1,0
2024-10-23,2,0
2024-10-23,3,0
2024-10-23,4,0
2024-10-23,5,0
2024-10-23,6,0
2024-10-23,7,0
2024-10-23,8,0
2024-10-23,9,0
2024-10-23,10,12
2024-10-23,11,13
2024-10-23,12,15
2024-10-23,13,18
2024-10-23,14,13
2024-10-23,15,13
2024-10-23,16,11
2024-10-23,17,11
2024-10-23,18,16
2024-10-23,19,15
2024-10-23,20,13
2024-10-23,21,16
2024-10-23,22,18
2024-10-23,23,12
2024-10-24,0,0
2024-10-24,1,0
2024-10-24,2,0
2024-10-24,3,0
2024-10-24,4,0
2024-10-24,5,0
2024-10-24,6,0
2024-10-24,7,0
2024-10-24,8,0
2024-10-24,9,0
2024-10-24,10,10
2024-10-24,11,9
2024-10-24,12,18
2024-10-24,13,18
2024-10-24,14,15
2024-10-24,15,9
2024-10-24,16,10
2024-10-24,17,12
2024-10-24,18,13
2024-10-24,19,19
2024-10-24,20,18
2024-10-24,21,13
2024-10-24,22,15
2024-10-24,23,16
2024-10-25,0,0
2024-10-25,1,0
2024-10-25,2,0
2024-10-25,3,0
2024-10-25,4,0
2024-10-25,5,0
2024-10-25,6,0
2024-10-25,7,0
2024-10-25,8,0
2024-10-25,9,0
2024-10-25,10,24
2024-10-25,11,18
2024-10-25,12,28
2024-10-25,13,34
2024-10-25,14,34
2024-10-25,15,22
2024-10-25,16,20
2024-10-25,17,21
2024-10-25,18,31
2024-10-25,19,31
2024-10-25,20,28
2024-10-25,21,33
2024-10-25,22,36
2024-10-25,23,30
2024-10-26,0,0
2024-10-26,1,0
2024-10-26,2,0
2024-10-26,3,0
2024-10-26,4,0
2024-10-26,5,0
2024-10-26,6,0
2024-10-26,7,0
2024-10-26,8,0
2024-10-26,9,0
2024-10-26,10,23
2024-10-26,11,21
2024-10-26,12,34
2024-10-26,13,30
2024-10-26,14,31
2024-10-26,15,24
2024-10-26,16,21
2024-10-26,17,21
2024-10-26,18,31
2024-10-26,19,27
2024-10-26,20,28
2024-10-26,21,28
2024-10-26,22,30
2024-10-26,23,27
2024-10-27,0,0
2024-10-27,1,0
2024-10-27,2,0
2024-10-27,3,0
2024-10-27,4,0
2024-10-27,5,0
2024-10-27,6,0
2024-10-27,7,0
2024-10-27,8,0
2024-10-27,9,0
2024-10-27,10,22
2024-10-27,11,21
2024-10-27,12,33
2024-10-27,13,27
2024-10-27,14,28
2024-10-27,15,18
2024-10-27,16,19
2024-10-27,17,24
2024-10-27,18,36
2024-10-27,19,31
2024-10-27,20,30
2024-10-27,21,28
2024-10-27,22,27
2024-10-27,23,28
2024-10-28,0,0
2024-10-28,1,0
2024-10-28,2,0
2024-10-28,3,0
2024-10-28,4,0
2024-10-28,5,0
2024-10-28,6,0
2024-10-28,7,0
2024-10-28,8,0
2024-10-28,9,0
2024-10-28,10,9
2024-10-28,11,10
2024-10-28,12,12
2024-10-28,13,13
2024-10-28,14,13
2024-10-28,15,13
2024-10-28,16,9
2024-10-28,17,9
2024-10-28,18,16
2024-10-28,19,15
2024-10-28,20,13
2024-10-28,21,12
2024-10-28,22,16
2024-10-28,23,18
2024-10-29,0,0
2024-10-29,1,0
2024-10-29,2,0
2024-10-29,3,0
2024-10-29,4,0
2024-10-29,5,0
2024-10-29,6,0
2024-10-29,7,0
2024-10-29,8,0
2024-10-29,9,0
2024-10-29,10,9
2024-10-29,11,11
2024-10-29,12,12
2024-10-29,13,18
2024-10-29,14,16
2024-10-29,15,11
2024-10-29,16,9
2024-10-29,17,9
2024-10-29,18,19
2024-10-29,19,18
2024-10-29,20,19
2024-10-29,21,19
2024-10-29,22,18
2024-10-29,23,15
2024-10-30,0,0
2024-10-30,1,0
2024-10-30,2,0
2024-10-30,3,0
2024-10-30,4,0
2024-10-30,5,0
2024-10-30,6,0
2024-10-30,7,0
2024-10-30,8,0
2024-10-30,9,0
2024-10-30,10,11
2024-10-30,11,9
2024-10-30,12,12
2024-10-30,13,13
2024-10-30,14,13
2024-10-30,15,12
2024-10-30,16,10
2024-10-30,17,10
2024-10-30,18,16
2024-10-30,19,18
2024-10-30,20,13
2024-10-30,21,13
2024-10-30,22,12
2024-10-30,23,19
2024-10-31,0,0
2024-10-31,1,0
2024-10-31,2,0
2024-10-31,3,0
2024-10-31,4,0
2024-10-31,5,0
2024-10-31,6,0
2024-10-31,7,0
2024-10-31,8,0
2024-10-31,9,0
2024-10-31,10,8
2024-10-31,11,10
2024-10-31,12,13
2024-10-31,13,15
2024-10-31,14,13
2024-10-31,15,11
2024-10-31,16,10
2024-10-31,17,11
2024-10-31,18,19
2024-10-31,19,15
2024-10-31,20,12
2024-10-31,21,12
2024-10-31,22,12
2024-10-31,23,15
2024-11-01,0,0
2024-11-01,1,0
2024-11-01,2,0
2024-11-01,3,0
2024-11-01,4,0
2024-11-01,5,0
2024-11-01,6,0
2024-11-01,7,0
2024-11-01,8,0
2024-11-01,9,0
2024-11-01,10,39
2024-11-01,11,38
2024-11-01,12,52
2024-11-01,13,49
2024-11-01,14,58
2024-11-01,15,33
2024-11-01,16,39
2024-11-01,17,37
2024-11-01,18,52
2024-11-01,19,57
2024-11-01,20,55
2024-11-01,21,46
2024-11-01,22,55
2024-11-01,23,55
2024-11-02,0,0
2024-11-02,1,0
2024-11-02,2,0
2024-11-02,3,0
2024-11-02,4,0
2024-11-02,5,0
2024-11-02,6,0
2024-11-02,7,0
2024-11-02,8,0
2024-11-02,9,0
2024-11-02,10,21
2024-11-02,11,23
2024-11-02,12,30
2024-11-02,13,28
2024-11-02,14,28
2024-11-02,15,20
2024-11-02,16,21
2024-11-02,17,18
2024-11-02,18,30
2024-11-02,19,33
2024-11-02,20,27
2024-11-02,21,27
2024-11-02,22,30
2024-11-02,23,33
2024-11-03,0,0
2024-11-03,1,0
2024-11-03,2,0
2024-11-03,3,0
2024-11-03,4,0
2024-11-03,5,0
2024-11-03,6,0
2024-11-03,7,0
2024-11-03,8,0
2024-11-03,9,0
2024-11-03,10,19
2024-11-03,11,23
2024-11-03,12,34
2024-11-03,13,36
2024-11-03,14,30
2024-11-03,15,20
2024-11-03,16,23
2024-11-03,17,22
2024-11-03,18,33
2024-11-03,19,31
2024-11-03,20,36
2024-11-03,21,27
2024-11-03,22,33
2024-11-03,23,31
2024-11-04,0,0
2024-11-04,1,0
2024-11-04,2,0
2024-11-04,3,0
2024-11-04,4,0
2024-11-04,5,0
2024-11-04,6,0
2024-11-04,7,0
2024-11-04,8,0
2024-11-04,9,0
2024-11-04,10,12
2024-11-04,11,8
2024-11-04,12,13
2024-11-04,13,18
2024-11-04,14,16
2024-11-04,15,11
2024-11-04,16,8
2024-11-04,17,12
2024-11-04,18,16
2024-11-04,19,19
2024-11-04,20,12
2024-11-04,21,16
2024-11-04,22,13
2024-11-04,23,18
2024-11-05,0,0
2024-11-05,1,0
2024-11-05,2,0
2024-11-05,3,0
2024-11-05,4,0
2024-11-05,5,0
2024-11-05,6,0
2024-11-05,7,0
2024-11-05,8,0
2024-11-05,9,0
2024-11-05,10,9
2024-11-05,11,11
2024-11-05,12,16
2024-11-05,13,13
2024-11-05,14,15
2024-11-05,15,11
2024-11-05,16,10
2024-11-05,17,13
2024-11-05,18,15
2024-11-05,19,12
2024-11-05,20,19
2024-11-05,21,19
2024-11-05,22,13
2024-11-05,23,16
2024-11-06,0,0
2024-11-06,1,0
2024-11-06,2,0
2024-11-06,3,0
2024-11-06,4,0
2024-11-06,5,0
2024-11-06,6,0
2024-11-06,7,0
2024-11-06,8,0
2024-11-06,9,0
2024-11-06,10,11
2024-11-06,11,8
2024-11-06,12,16
2024-11-06,13,12
2024-11-06,14,19
2024-11-06,15,13
2024-11-06,16,9
2024-11-06,17,11
2024-11-06,18,19
2024-11-06,19,19
2024-11-06,20,19
2024-11-06,21,15
2024-11-06,22,15
2024-11-06,23,16
2024-11-07,0,0
2024-11-07,1,0
2024-11-07,2,0
2024-11-07,3,0
2024-11-07,4,0
2024-11-07,5,0
2024-11-07,6,0
2024-11-07,7,0
2024-11-07,8,0
2024-11-07,9,0
2024-11-07,10,11
2024-11-07,11,8
2024-11-07,12,19
2024-11-07,13,13
2024-11-07,14,12
2024-11-07,15,12
2024-11-07,16,12
2024-11-07,17,13
2024-11-07,18,15
2024-11-07,19,13
2024-11-07,20,12
2024-11-07,21,16
2024-11-07,22,13
2024-11-07,23,15
2024-11-08,0,0
2024-11-08,1,0
2024-11-08,2,0
2024-11-08,3,0
2024-11-08,4,0
2024-11-08,5,0
2024-11-08,6,0
2024-11-08,7,0
2024-11-08,8,0
2024-11-08,9,0
2024-11-08,10,19
2024-11-08,11,21
2024-11-08,12,30
2024-11-08,13,36
2024-11-08,14,30
2024-11-08,15,24
2024-11-08,16,18
2024-11-08,17,20
2024-11-08,18,30
2024-11-08,19,36
2024-11-08,20,31
2024-11-08,21,36
2024-11-08,22,27
2024-11-08,23,27
2024-11-09,0,0
2024-11-09,1,0
2024-11-09,2,0
2024-11-09,3,0
2024-11-09,4,0
2024-11-09,5,0
2024-11-09,6,0
2024-11-09,7,0
2024-11-09,8,0
2024-11-09,9,0
2024-11-09,10,19
2024-11-09,11,22
2024-11-09,12,36
2024-11-09,13,28
2024-11-09,14,31
2024-11-09,15,18
2024-11-09,16,23
2024-11-09,17,21
2024-11-09,18,36
2024-11-09,19,31
2024-11-09,20,31
2024-11-09,21,33
2024-11-09,22,36
2024-11-09,23,31
2024-11-10,0,0
2024-11-10,1,0
2024-11-10,2,0
2024-11-10,3,0
2024-11-10,4,0
2024-11-10,5,0
2024-11-10,6,0
2024-11-10,7,0
2024-11-10,8,0
2024-11-10,9,0
2024-11-10,10,23
2024-11-10,11,23
2024-11-10,12,28
2024-11-10,13,27
2024-11-10,14,30
2024-11-10,15,21
2024-11-10,16,18
2024-11-10,17,21
2024-11-10,18,27
2024-11-10,19,33
2024-11-10,20,31
2024-11-10,21,31
2024-11-10,22,27
2024-11-10,23,31
2024-11-11,0,0
2024-11-11,1,0
2024-11-11,2,0
2024-11-11,3,0
2024-11-11,4,0
2024-11-11,5,0
2024-11-11,6,0
2024-11-11,7,0
2024-11-11,8,0
2024-11-11,9,0
2024-11-11,10,11
2024-11-11,11,10
2024-11-11,12,19
2024-11-11,13,13
2024-11-11,14,16
2024-11-11,15,12
2024-11-11,16,9
2024-11-11,17,12
2024-11-11,18,18
2024-11-11,19,19
2024-11-11,20,15
2024-11-11,21,16
2024-11-11,22,12
2024-11-11,23,15
2024-11-12,0,0
2024-11-12,1,0
2024-11-12,2,0
2024-11-12,3,0
2024-11-12,4,0
2024-11-12,5,0
2024-11-12,6,0
2024-11-12,7,0
2024-11-12,8,0
2024-11-12,9,0
2024-11-12,10,9
2024-11-12,11,10
2024-11-12,12,19
2024-11-12,13,18
2024-11-12,14,18
2024-11-12,15,11
2024-11-12,16,11
2024-11-12,17,9
2024-11-12,18,18
2024-11-12,19,12
2024-11-12,20,19
2024-11-12,21,13
2024-11-12,22,16
2024-11-12,23,15
2024-11-13,0,0
2024-11-13,1,0
2024-11-13,2,0
2024-11-13,3,0
2024-11-13,4,0
2024-11-13,5,0
2024-11-13,6,0
2024-11-13,7,0
2024-11-13,8,0
2024-11-13,9,0
2024-11-13,10,13
2024-11-13,11,13
2024-11-13,12,12
2024-11-13,13,16
2024-11-13,14,13
2024-11-13,15,9
2024-11-13,16,9
2024-11-13,17,11
2024-11-13,18,15
2024-11-13,19,12
2024-11-13,20,19
2024-11-13,21,16
2024-11-13,22,19
2024-11-13,23,16
2024-11-14,0,0
2024-11-14,1,0
2024-11-14,2,0
2024-11-14,3,0
2024-11-14,4,0
2024-11-14,5,0
2024-11-14,6,0
2024-11-14,7,0
2024-11-14,8,0
2024-11-14,9,0
2024-11-14,10,30
2024-11-14,11,36
2024-11-14,12,45
2024-11-14,13,54
2024-11-14,14,49
2024-11-14,15,30
2024-11-14,16,38
2024-11-14,17,34
2024-11-14,18,48
2024-11-14,19,52
2024-11-14,20,45
2024-11-14,21,55
2024-11-14,22,57
2024-11-14,23,45
2024-11-15,0,0
2024-11-15,1,0
2024-11-15,2,0
2024-11-15,3,0
2024-11-15,4,0
2024-11-15,5,0
2024-11-15,6,0
2024-11-15,7,0
2024-11-15,8,0
2024-11-15,9,0
2024-11-15,10,32
2024-11-15,11,33
2024-11-15,12,48
2024-11-15,13,55
2024-11-15,14,58
2024-11-15,15,31
2024-11-15,16,38
2024-11-15,17,36
2024-11-15,18,52
2024-11-15,19,58
2024-11-15,20,45
2024-11-15,21,46
2024-11-15,22,48
2024-11-15,23,54
2024-11-16,0,0
2024-11-16,1,0
2024-11-16,2,0
2024-11-16,3,0
2024-11-16,4,0
2024-11-16,5,0
2024-11-16,6,0
2024-11-16,7,0
2024-11-16,8,0
2024-11-16,9,0
2024-11-16,10,22
2024-11-16,11,23
2024-11-16,12,27
2024-11-16,13,36
2024-11-16,14,36
2024-11-16,15,24
2024-11-16,16,24
2024-11-16,17,18
2024-11-16,18,27
2024-11-16,19,33
2024-11-16,20,34
2024-11-16,21,27
2024-11-16,22,27
2024-11-16,23,28
2024-11-17,0,0
2024-11-17,1,0
2024-11-17,2,0
2024-11-17,3,0
2024-11-17,4,0
2024-11-17,5,0
2024-11-17,6,0
2024-11-17,7,0
2024-11-17,8,0
2024-11-17,9,0
2024-11-17,10,18
2024-11-17,11,18
2024-11-17,12,30
2024-11-17,13,36
2024-11-17,14,31
2024-11-17,15,20
2024-11-17,16,20
2024-11-17,17,22
2024-11-17,18,34
2024-11-17,19,31
2024-11-17,20,30
2024-11-17,21,27
2024-11-17,22,28
2024-11-17,23,34
2024-11-18,0,0
2024-11-18,1,0
2024-11-18,2,0
2024-11-18,3,0
2024-11-18,4,0
2024-11-18,5,0
2024-11-18,6,0
2024-11-18,7,0
2024-11-18,8,0
2024-11-18,9,0
2024-11-18,10,12
2024-11-18,11,9
2024-11-18,12,19
2024-11-18,13,18
2024-11-18,14,18
2024-11-18,15,10
2024-11-18,16,11
2024-11-18,17,10
2024-11-18,18,13
2024-11-18,19,18
2024-11-18,20,15
2024-11-18,21,13
2024-11-18,22,13
2024-11-18,23,16
2024-11-19,0,0
2024-11-19,1,0
2024-11-19,2,0
2024-11-19,3,0
2024-11-19,4,0
2024-11-19,5,0
2024-11-19,6,0
2024-11-19,7,0
2024-11-19,8,0
2024-11-19,9,0
2024-11-19,10,11
2024-11-19,11,8
2024-11-19,12,19
2024-11-19,13,12
2024-11-19,14,18
2024-11-19,15,10
2024-11-19,16,11
2024-11-19,17,11
2024-11-19,18,13
2024-11-19,19,13
2024-11-19,20,13
2024-11-19,21,12
2024-11-19,22,19
2024-11-19,23,13
2024-11-20,0,0
2024-11-20,1,0
2024-11-20,2,0
2024-11-20,3,0
2024-11-20,4,0
2024-11-20,5,0
2024-11-20,6,0
2024-11-20,7,0
2024-11-20,8,0
2024-11-20,9,0
2024-11-20,10,10
2024-11-20,11,12
2024-11-20,12,13
2024-11-20,13,13
2024-11-20,14,13
2024-11-20,15,10
2024-11-20,16,8
2024-11-20,17,11
2024-11-20,18,13
2024-11-20,19,16
2024-11-20,20,12
2024-11-20,21,13
2024-11-20,22,13
2024-11-20,23,15
2024-11-21,0,0
2024-11-21,1,0
2024-11-21,2,0
2024-11-21,3,0
2024-11-21,4,0
2024-11-21,5,0
2024-11-21,6,0
2024-11-21,7,0
2024-11-21,8,0
2024-11-21,9,0
2024-11-21,10,11
2024-11-21,11,11
2024-11-21,12,15
2024-11-21,13,12
2024-11-21,14,13
2024-11-21,15,9
2024-11-21,16,12
2024-11-21,17,13
2024-11-21,18,15
2024-11-21,19,15
2024-11-21,20,19
2024-11-21,21,18
2024-11-21,22,12
2024-11-21,23,12
2024-11-22,0,0
2024-11-22,1,0
2024-11-22,2,0
2024-11-22,3,0
2024-11-22,4,0
2024-11-22,5,0
2024-11-22,6,0
2024-11-22,7,0
2024-11-22,8,0
2024-11-22,9,0
2024-11-22,10,24
2024-11-22,11,21
2024-11-22,12,34
2024-11-22,13,30
2024-11-22,14,36
2024-11-22,15,21
2024-11-22,16,24
2024-11-22,17,21
2024-11-22,18,28
2024-11-22,19,33
2024-11-22,20,27
2024-11-22,21,30
2024-11-22,22,27
2024-11-22,23,33
2024-11-23,0,0
2024-11-23,1,0
2024-11-23,2,0
2024-11-23,3,0
2024-11-23,4,0
2024-11-23,5,0
2024-11-23,6,0
2024-11-23,7,0
2024-11-23,8,0
2024-11-23,9,0
2024-11-23,10,24
2024-11-23,11,22
2024-11-23,12,31
2024-11-23,13,34
2024-11-23,14,31
2024-11-23,15,20
2024-11-23,16,20
2024-11-23,17,20
2024-11-23,18,33
2024-11-23,19,31
2024-11-23,20,31
2024-11-23,21,34
2024-11-23,22,30
2024-11-23,23,30
2024-11-24,0,0
2024-11-24,1,0
2024-11-24,2,0
2024-11-24,3,0
2024-11-24,4,0
2024-11-24,5,0
2024-11-24,6,0
2024-11-24,7,0
2024-11-24,8,0
2024-11-24,9,0
2024-11-24,10,21
2024-11-24,11,19
2024-11-24,12,33
2024-11-24,13,28
2024-11-24,14,28
2024-11-24,15,23
2024-11-24,16,20
2024-11-24,17,22
2024-11-24,18,30
2024-11-24,19,30
2024-11-24,20,36
2024-11-24,21,28
2024-11-24,22,27
2024-11-24,23,30
2024-11-25,0,0
2024-11-25,1,0
2024-11-25,2,0
2024-11-25,3,0
2024-11-25,4,0
2024-11-25,5,0
2024-11-25,6,0
2024-11-25,7,0
2024-11-25,8,0
2024-11-25,9,0
2024-11-25,10,8
2024-11-25,11,13
2024-11-25,12,19
2024-11-25,13,12
2024-11-25,14,16
2024-11-25,15,10
2024-11-25,16,11
2024-11-25,17,13
2024-11-25,18,12
2024-11-25,19,19
2024-11-25,20,18
2024-11-25,21,12
2024-11-25,22,12
2024-11-25,23,13
2024-11-26,0,0
2024-11-26,1,0
2024-11-26,2,0
2024-11-26,3,0
2024-11-26,4,0
2024-11-26,5,0
2024-11-26,6,0
2024-11-26,7,0
2024-11-26,8,0
2024-11-26,9,0
2024-11-26,10,12
2024-11-26,11,11
2024-11-26,12,15
2024-11-26,13,18
2024-11-26,14,19
2024-11-26,15,13
2024-11-26,16,11
2024-11-26,17,11
2024-11-26,18,13
2024-11-26,19,16
2024-11-26,20,13
2024-11-26,21,16
2024-11-26,22,18
2024-11-26,23,13
2024-11-27,0,0
2024-11-27,1,0
2024-11-27,2,0
2024-11-27,3,0
2024-11-27,4,0
2024-11-27,5,0
2024-11-27,6,0
2024-11-27,7,0
2024-11-27,8,0
2024-11-27,9,0
2024-11-27,10,10
2024-11-27,11,9
2024-11-27,12,15
2024-11-27,13,19
2024-11-27,14,19
2024-11-27,15,10
2024-11-27,16,10
2024-11-27,17,8
2024-11-27,18,12
2024-11-27,19,13
2024-11-27,20,12
2024-11-27,21,15
2024-11-27,22,12
2024-11-27,23,16
2024-11-28,0,0
2024-11-28,1,0
2024-11-28,2,0
2024-11-28,3,0
2024-11-28,4,0
2024-11-28,5,0
2024-11-28,6,0
2024-11-28,7,0
2024-11-28,8,0
2024-11-28,9,0
2024-11-28,10,11
2024-11-28,11,12
2024-11-28,12,18
2024-11-28,13,18
2024-11-28,14,13
2024-11-28,15,12
2024-11-28,16,10
2024-11-28,17,12
2024-11-28,18,16
2024-11-28,19,19
2024-11-28,20,13
2024-11-28,21,16
2024-11-28,22,16
2024-11-28,23,19
2024-11-29,0,0
2024-11-29,1,0
2024-11-29,2,0
2024-11-29,3,0
2024-11-29,4,0
2024-11-29,5,0
2024-11-29,6,0
2024-11-29,7,0
2024-11-29,8,0
2024-11-29,9,0
2024-11-29,10,18
2024-11-29,11,23
2024-11-29,12,28
2024-11-29,13,34
2024-11-29,14,34
2024-11-29,15,23
2024-11-29,16,18
2024-11-29,17,20
2024-11-29,18,36
2024-11-29,19,27
2024-11-29,20,34
2024-11-29,21,30
2024-11-29,22,28
2024-11-29,23,28
2024-11-30,0,0
2024-11-30,1,0
2024-11-30,2,0
2024-11-30,3,0
2024-11-30,4,0
2024-11-30,5,0
2024-11-30,6,0
2024-11-30,7,0
2024-11-30,8,0
2024-11-30,9,0
2024-11-30,10,22
2024-11-30,11,24
2024-11-30,12,27
2024-11-30,13,36
2024-11-30,14,27
2024-11-30,15,24
2024-11-30,16,21
2024-11-30,17,24
2024-11-30,18,33
2024-11-30,19,33
2024-11-30,20,27
2024-11-30,21,36
2024-11-30,22,36
2024-11-30,23,28
2024-12-01,0,0
2024-12-01,1,0
2024-12-01,2,0
2024-12-01,3,0
2024-12-01,4,0
2024-12-01,5,0
2024-12-01,6,0
2024-12-01,7,0
2024-12-01,8,0
2024-12-01,9,0
2024-12-01,10,23
2024-12-01,11,24
2024-12-01,12,31
2024-12-01,13,27
2024-12-01,14,33
2024-12-01,15,22
2024-12-01,16,24
2024-12-01,17,21
2024-12-01,18,36
2024-12-01,19,31
2024-12-01,20,28
2024-12-01,21,34
2024-12-01,22,34
2024-12-01,23,33
2024-12-02,0,0
2024-12-02,1,0
2024-12-02,2,0
2024-12-02,3,0
2024-12-02,4,0
2024-12-02,5,0
2024-12-02,6,0
2024-12-02,7,0
2024-12-02,8,0
2024-12-02,9,0
2024-12-02,10,8
2024-12-02,11,9
2024-12-02,12,18
2024-12-02,13,19
2024-12-02,14,16
2024-12-02,15,13
2024-12-02,16,9
2024-12-02,17,12
2024-12-02,18,16
2024-12-02,19,18
2024-12-02,20,13
2024-12-02,21,12
2024-12-02,22,13
2024-12-02,23,19
2024-12-03,0,0
2024-12-03,1,0
2024-12-03,2,0
2024-12-03,3,0
2024-12-03,4,0
2024-12-03,5,0
2024-12-03,6,0
2024-12-03,7,0
2024-12-03,8,0
2024-12-03,9,0
2024-12-03,10,8
2024-12-03,11,8
2024-12-03,12,19
2024-12-03,13,18
2024-12-03,14,12
2024-12-03,15,13
2024-12-03,16,9
2024-12-03,17,10
2024-12-03,18,16
2024-12-03,19,18
2024-12-03,20,13
2024-12-03,21,13
2024-12-03,22,16
2024-12-03,23,18
2024-12-04,0,0
2024-12-04,1,0
2024-12-04,2,0
2024-12-04,3,0
2024-12-04,4,0
2024-12-04,5,0
2024-12-04,6,0
2024-12-04,7,0
2024-12-04,8,0
2024-12-04,9,0
2024-12-04,10,13
2024-12-04,11,13
2024-12-04,12,12
2024-12-04,13,12
2024-12-04,14,13
2024-12-04,15,8
2024-12-04,16,9
2024-12-04,17,12
2024-12-04,18,16
2024-12-04,19,15
2024-12-04,20,18
2024-12-04,21,19
2024-12-04,22,15
2024-12-04,23,19
2024-12-05,0,0
2024-12-05,1,0
2024-12-05,2,0
2024-12-05,3,0
2024-12-05,4,0
2024-12-05,5,0
2024-12-05,6,0
2024-12-05,7,0
2024-12-05,8,0
2024-12-05,9,0
2024-12-05,10,8
2024-12-05,11,8
2024-12-05,12,18
2024-12-05,13,15
2024-12-05,14,16
2024-12-05,15,11
2024-12-05,16,12
2024-12-05,17,12
2024-12-05,18,18
2024-12-05,19,19
2024-12-05,20,19
2024-12-05,21,12
2024-12-05,22,18
2024-12-05,23,19
2024-12-06,0,0
2024-12-06,1,0
2024-12-06,2,0
2024-12-06,3,0
2024-12-06,4,0
2024-12-06,5,0
2024-12-06,6,0
2024-12-06,7,0
2024-12-06,8,0
2024-12-06,9,0
2024-12-06,10,22
2024-12-06,11,22
2024-12-06,12,30
2024-12-06,13,36
2024-12-06,14,28
2024-12-06,15,18
2024-12-06,16,23
2024-12-06,17,18
2024-12-06,18,27
2024-12-06,19,30
2024-12-06,20,31
2024-12-06,21,31
2024-12-06,22,30
2024-12-06,23,33
2024-12-07,0,0
2024-12-07,1,0
2024-12-07,2,0
2024-12-07,3,0
2024-12-07,4,0
2024-12-07,5,0
2024-12-07,6,0
2024-12-07,7,0
2024-12-07,8,0
2024-12-07,9,0
2024-12-07,10,23
2024-12-07,11,23
2024-12-07,12,33
2024-12-07,13,36
2024-12-07,14,36
2024-12-07,15,21
2024-12-07,16,20
2024-12-07,17,23
2024-12-07,18,30
2024-12-07,19,34
2024-12-07,20,31
2024-12-07,21,33
2024-12-07,22,33
2024-12-07,23,33
2024-12-08,0,0
2024-12-08,1,0
2024-12-08,2,0
2024-12-08,3,0
2024-12-08,4,0
2024-12-08,5,0
2024-12-08,6,0
2024-12-08,7,0
2024-12-08,8,0
2024-12-08,9,0
2024-12-08,10,21
2024-12-08,11,19
2024-12-08,12,31
2024-12-08,13,30
2024-12-08,14,30
2024-12-08,15,24
2024-12-08,16,22
2024-12-08,17,18
2024-12-08,18,33
2024-12-08,19,36
2024-12-08,20,30
2024-12-08,21,27
2024-12-08,22,36
2024-12-08,23,28
2024-12-09,0,0
2024-12-09,1,0
2024-12-09,2,0
2024-12-09,3,0
2024-12-09,4,0
2024-12-09,5,0
2024-12-09,6,0
2024-12-09,7,0
2024-12-09,8,0
2024-12-09,9,0
2024-12-09,10,8
2024-12-09,11,11
2024-12-09,12,15
2024-12-09,13,15
2024-12-09,14,18
2024-12-09,15,8
2024-12-09,16,8
2024-12-09,17,11
2024-12-09,18,16
2024-12-09,19,18
2024-12-09,20,16
2024-12-09,21,13
2024-12-09,22,12
2024-12-09,23,16
2024-12-10,0,0
2024-12-10,1,0
2024-12-10,2,0
2024-12-10,3,0
2024-12-10,4,0
2024-12-10,5,0
2024-12-10,6,0
2024-12-10,7,0
2024-12-10,8,0
2024-12-10,9,0
2024-12-10,10,9
2024-12-10,11,9
2024-12-10,12,16
2024-12-10,13,19
2024-12-10,14,15
2024-12-10,15,10
2024-12-10,16,11
2024-12-10,17,10
2024-12-10,18,13
2024-12-10,19,18
2024-12-10,20,15
2024-12-10,21,13
2024-12-10,22,16
2024-12-10,23,18
2024-12-11,0,0
2024-12-11,1,0
2024-12-11,2,0
2024-12-11,3,0
2024-12-11,4,0
2024-12-11,5,0
2024-12-11,6,0
2024-12-11,7,0
2024-12-11,8,0
2024-12-11,9,0
2024-12-11,10,13
2024-12-11,11,12
2024-12-11,12,18
2024-12-11,13,16
2024-12-11,14,12
2024-12-11,15,12
2024-12-11,16,11
2024-12-11,17,11
2024-12-11,18,13
2024-12-11,19,13
2024-12-11,20,15
2024-12-11,21,18
2024-12-11,22,13
2024-12-11,23,15
2024-12-12,0,0
2024-12-12,1,0
2024-12-12,2,0
2024-12-12,3,0
2024-12-12,4,0
2024-12-12,5,0
2024-12-12,6,0
2024-12-12,7,0
2024-12-12,8,0
2024-12-12,9,0
2024-12-12,10,13
2024-12-12,11,8
2024-12-12,12,15
2024-12-12,13,12
2024-12-12,14,19
2024-12-12,15,10
2024-12-12,16,11
2024-12-12,17,10
2024-12-12,18,12
2024-12-12,19,19
2024-12-12,20,12
2024-12-12,21,15
2024-12-12,22,16
2024-12-12,23,19
2024-12-13,0,0
2024-12-13,1,0
2024-12-13,2,0
2024-12-13,3,0
2024-12-13,4,0
2024-12-13,5,0
2024-12-13,6,0
2024-12-13,7,0
2024-12-13,8,0
2024-12-13,9,0
2024-12-13,10,22
2024-12-13,11,22
2024-12-13,12,28
2024-12-13,13,28
2024-12-13,14,30
2024-12-13,15,24
2024-12-13,16,21
2024-12-13,17,18
2024-12-13,18,33
2024-12-13,19,34
2024-12-13,20,30
2024-12-13,21,34
2024-12-13,22,33
2024-12-13,23,27
2024-12-14,0,0
2024-12-14,1,0
2024-12-14,2,0
2024-12-14,3,0
2024-12-14,4,0
2024-12-14,5,0
2024-12-14,6,0
2024-12-14,7,0
2024-12-14,8,0
2024-12-14,9,0
2024-12-14,10,20
2024-12-14,11,19
2024-12-14,12,28
2024-12-14,13,28
2024-12-14,14,36
2024-12-14,15,22
2024-12-14,16,22
2024-12-14,17,21
2024-12-14,18,30
2024-12-14,19,36
2024-12-14,20,27
2024-12-14,21,36
2024-12-14,22,36
2024-12-14,23,30
2024-12-15,0,0
2024-12-15,1,0
2024-12-15,2,0
2024-12-15,3,0
2024-12-15,4,0
2024-12-15,5,0
2024-12-15,6,0
2024-12-15,7,0
2024-12-15,8,0
2024-12-15,9,0
2024-12-15,10,18
2024-12-15,11,23
2024-12-15,12,34
2024-12-15,13,33
2024-12-15,14,36
2024-12-15,15,23
2024-12-15,16,20
2024-12-15,17,19
2024-12-15,18,28
2024-12-15,19,27
2024-12-15,20,28
2024-12-15,21,33
2024-12-15,22,28
2024-12-15,23,30
2024-12-16,0,0
2024-12-16,1,0
2024-12-16,2,0
2024-12-16,3,0
2024-12-16,4,0
2024-12-16,5,0
2024-12-16,6,0
2024-12-16,7,0
2024-12-16,8,0
2024-12-16,9,0
2024-12-16,10,11
2024-12-16,11,11
2024-12-16,12,15
2024-12-16,13,15
2024-12-16,14,16
2024-12-16,15,13
2024-12-16,16,8
2024-12-16,17,11
2024-12-16,18,18
2024-12-16,19,12
2024-12-16,20,18
2024-12-16,21,19
2024-12-16,22,12
2024-12-16,23,12
2024-12-17,0,0
2024-12-17,1,0
2024-12-17,2,0
2024-12-17,3,0
2024-12-17,4,0
2024-12-17,5,0
2024-12-17,6,0
2024-12-17,7,0
2024-12-17,8,0
2024-12-17,9,0
2024-12-17,10,9
2024-12-17,11,13
2024-12-17,12,16
2024-12-17,13,16
2024-12-17,14,16
2024-12-17,15,11
2024-12-17,16,11
2024-12-17,17,11
2024-12-17,18,12
2024-12-17,19,15
2024-12-17,20,13
2024-12-17,21,18
2024-12-17,22,15
2024-12-17,23,18
2024-12-18,0,0
2024-12-18,1,0
2024-12-18,2,0
2024-12-18,3,0
2024-12-18,4,0
2024-12-18,5,0
2024-12-18,6,0
2024-12-18,7,0
2024-12-18,8,0
2024-12-18,9,0
2024-12-18,10,9
2024-12-18,11,12
2024-12-18,12,13
2024-12-18,13,18
2024-12-18,14,15
2024-12-18,15,11
2024-12-18,16,9
2024-12-18,17,10
2024-12-18,18,13
2024-12-18,19,16
2024-12-18,20,13
2024-12-18,21,13
2024-12-18,22,16
2024-12-18,23,19
2024-12-19,0,0
2024-12-19,1,0
2024-12-19,2,0
2024-12-19,3,0
2024-12-19,4,0
2024-12-19,5,0
2024-12-19,6,0
2024-12-19,7,0
2024-12-19,8,0
2024-12-19,9,0
2024-12-19,10,10
2024-12-19,11,8
2024-12-19,12,18
2024-12-19,13,12
2024-12-19,14,18
2024-12-19,15,10
2024-12-19,16,10
2024-12-19,17,10
2024-12-19,18,19
2024-12-19,19,12
2024-12-19,20,18
2024-12-19,21,18
2024-12-19,22,19
2024-12-19,23,13
2024-12-20,0,0
2024-12-20,1,0
2024-12-20,2,0
2024-12-20,3,0
2024-12-20,4,0
2024-12-20,5,0
2024-12-20,6,0
2024-12-20,7,0
2024-12-20,8,0
2024-12-20,9,0
2024-12-20,10,22
2024-12-20,11,18
2024-12-20,12,36
2024-12-20,13,33
2024-12-20,14,34
2024-12-20,15,19
2024-12-20,16,24
2024-12-20,17,23
2024-12-20,18,28
2024-12-20,19,34
2024-12-20,20,31
2024-12-20,21,27
2024-12-20,22,28
2024-12-20,23,28
2024-12-21,0,0
2024-12-21,1,0
2024-12-21,2,0
2024-12-21,3,0
2024-12-21,4,0
2024-12-21,5,0
2024-12-21,6,0
2024-12-21,7,0
2024-12-21,8,0
2024-12-21,9,0
2024-12-21,10,18
2024-12-21,11,22
2024-12-21,12,30
2024-12-21,13,31
2024-12-21,14,31
2024-12-21,15,19
2024-12-21,16,24
2024-12-21,17,19
2024-12-21,18,28
2024-12-21,19,27
2024-12-21,20,36
2024-12-21,21,34
2024-12-21,22,30
2024-12-21,23,34
2024-12-22,0,0
2024-12-22,1,0
2024-12-22,2,0
2024-12-22,3,0
2024-12-22,4,0
2024-12-22,5,0
2024-12-22,6,0
2024-12-22,7,0
2024-12-22,8,0
2024-12-22,9,0
2024-12-22,10,23
2024-12-22,11,24
2024-12-22,12,27
2024-12-22,13,34
2024-12-22,14,31
2024-12-22,15,22
2024-12-22,16,24
2024-12-22,17,18
2024-12-22,18,36
2024-12-22,19,31
2024-12-22,20,34
2024-12-22,21,34
2024-12-22,22,33
2024-12-22,23,28
2024-12-23,0,0
2024-12-23,1,0
2024-12-23,2,0
2024-12-23,3,0
2024-12-23,4,0
2024-12-23,5,0
2024-12-23,6,0
2024-12-23,7,0
2024-12-23,8,0
2024-12-23,9,0
2024-12-23,10,11
2024-12-23,11,9
2024-12-23,12,19
2024-12-23,13,19
2024-12-23,14,18
2024-12-23,15,8
2024-12-23,16,13
2024-12-23,17,12
2024-12-23,18,15
2024-12-23,19,18
2024-12-23,20,16
2024-12-23,21,16
2024-12-23,22,12
2024-12-23,23,18
2024-12-24,0,0
2024-12-24,1,0
2024-12-24,2,0
2024-12-24,3,0
2024-12-24,4,0
2024-12-24,5,0
2024-12-24,6,0
2024-12-24,7,0
2024-12-24,8,0
2024-12-24,9,0
2024-12-24,10,12
2024-12-24,11,11
2024-12-24,12,18
2024-12-24,13,18
2024-12-24,14,15
2024-12-24,15,10
2024-12-24,16,13
2024-12-24,17,8
2024-12-24,18,18
2024-12-24,19,12
2024-12-24,20,13
2024-12-24,21,15
2024-12-24,22,16
2024-12-24,23,16
2024-12-25,0,0
2024-12-25,1,0
2024-12-25,2,0
2024-12-25,3,0
2024-12-25,4,0
2024-12-25,5,0
2024-12-25,6,0
2024-12-25,7,0
2024-12-25,8,0
2024-12-25,9,0
2024-12-25,10,35
2024-12-25,11,32
2024-12-25,12,57
2024-12-25,13,49
2024-12-25,14,52
2024-12-25,15,33
2024-12-25,16,37
2024-12-25,17,38
2024-12-25,18,55
2024-12-25,19,55
2024-12-25,20,52
2024-12-25,21,57
2024-12-25,22,46
2024-12-25,23,51
2024-12-26,0,0
2024-12-26,1,0
2024-12-26,2,0
2024-12-26,3,0
2024-12-26,4,0
2024-12-26,5,0
2024-12-26,6,0
2024-12-26,7,0
2024-12-26,8,0
2024-12-26,9,0
2024-12-26,10,10
2024-12-26,11,10
2024-12-26,12,19
2024-12-26,13,18
2024-12-26,14,13
2024-12-26,15,12
2024-12-26,16,9
2024-12-26,17,13
2024-12-26,18,13
2024-12-26,19,16
2024-12-26,20,19
2024-12-26,21,12
2024-12-26,22,13
2024-12-26,23,15
2024-12-27,0,0
2024-12-27,1,0
2024-12-27,2,0
2024-12-27,3,0
2024-12-27,4,0
2024-12-27,5,0
2024-12-27,6,0
2024-12-27,7,0
2024-12-27,8,0
2024-12-27,9,0
2024-12-27,10,18
2024-12-27,11,23
2024-12-27,12,31
2024-12-27,13,36
2024-12-27,14,30
2024-12-27,15,23
2024-12-27,16,22
2024-12-27,17,22
2024-12-27,18,31
2024-12-27,19,33
2024-12-27,20,31
2024-12-27,21,31
2024-12-27,22,28
2024-12-27,23,31
2024-12-28,0,0
2024-12-28,1,0
2024-12-28,2,0
2024-12-28,3,0
2024-12-28,4,0
2024-12-28,5,0
2024-12-28,6,0
2024-12-28,7,0
2024-12-28,8,0
2024-12-28,9,0
2024-12-28,10,19
2024-12-28,11,22
2024-12-28,12,34
2024-12-28,13,33
2024-12-28,14,27
2024-12-28,15,20
2024-12-28,16,24
2024-12-28,17,21
2024-12-28,18,34
2024-12-28,19,33
2024-12-28,20,34
2024-12-28,21,33
2024-12-28,22,31
2024-12-28,23,30
2024-12-29,0,0
2024-12-29,1,0
2024-12-29,2,0
2024-12-29,3,0
2024-12-29,4,0
2024-12-29,5,0
2024-12-29,6,0
2024-12-29,7,0
2024-12-29,8,0
2024-12-29,9,0
2024-12-29,10,18
2024-12-29,11,18
2024-12-29,12,27
2024-12-29,13,33
2024-12-29,14,34
2024-12-29,15,21
2024-12-29,16,18
2024-12-29,17,19
2024-12-29,18,36
2024-12-29,19,33
2024-12-29,20,34
2024-12-29,21,36
2024-12-29,22,30
2024-12-29,23,34
2024-12-30,0,0
2024-12-30,1,0
2024-12-30,2,0
2024-12-30,3,0
2024-12-30,4,0
2024-12-30,5,0
2024-12-30,6,0
2024-12-30,7,0
2024-12-30,8,0
2024-12-30,9,0
2024-12-30,10,8
2024-12-30,11,13
2024-12-30,12,13
2024-12-30,13,16
2024-12-30,14,13
2024-12-30,15,11
2024-12-30,16,11
2024-12-30,17,8
2024-12-30,18,16
2024-12-30,19,18
2024-12-30,20,12
2024-12-30,21,13
2024-12-30,22,18
2024-12-30,23,16
2024-12-31,0,0
2024-12-31,1,0
2024-12-31,2,0
2024-12-31,3,0
2024-12-31,4,0
2024-12-31,5,0
2024-12-31,6,0
2024-12-31,7,0
2024-12-31,8,0
2024-12-31,9,0
2024-12-31,10,9
2024-12-31,11,11
2024-12-31,12,16
2024-12-31,13,15
2024-12-31,14,19
2024-12-31,15,9
2024-12-31,16,11
2024-12-31,17,12
2024-12-31,18,13
2024-12-31,19,16
2024-12-31,20,13
2024-12-31,21,12
2024-12-31,22,16
2024-12-31,23,18
2025-01-01,0,0
2025-01-01,1,0
2025-01-01,2,0
2025-01-01,3,0
2025-01-01,4,0
2025-01-01,5,0
2025-01-01,6,0
2025-01-01,7,0
2025-01-01,8,0
2025-01-01,9,0
2025-01-01,10,13
2025-01-01,11,10
2025-01-01,12,13
2025-01-01,13,18
2025-01-01,14,19
2025-01-01,15,9
2025-01-01,16,12
2025-01-01,17,11
2025-01-01,18,13
2025-01-01,19,15
2025-01-01,20,12
2025-01-01,21,13
2025-01-01,22,13
2025-01-01,23,12
2025-01-02,0,0
2025-01-02,1,0
2025-01-02,2,0
2025-01-02,3,0
2025-01-02,4,0
2025-01-02,5,0
2025-01-02,6,0
2025-01-02,7,0
2025-01-02,8,0
2025-01-02,9,0
2025-01-02,10,11
2025-01-02,11,12
2025-01-02,12,15
2025-01-02,13,16
2025-01-02,14,15
2025-01-02,15,10
2025-01-02,16,13
2025-01-02,17,8
2025-01-02,18,16
2025-01-02,19,19
2025-01-02,20,19
2025-01-02,21,15
2025-01-02,22,16
2025-01-02,23,12
2025-01-03,0,0
2025-01-03,1,0
2025-01-03,2,0
2025-01-03,3,0
2025-01-03,4,0
2025-01-03,5,0
2025-01-03,6,0
2025-01-03,7,0
2025-01-03,8,0
2025-01-03,9,0
2025-01-03,10,21
2025-01-03,11,19
2025-01-03,12,28
2025-01-03,13,33
2025-01-03,14,34
2025-01-03,15,19
2025-01-03,16,19
2025-01-03,17,20
2025-01-03,18,31
2025-01-03,19,34
2025-01-03,20,30
2025-01-03,21,30
2025-01-03,22,28
2025-01-03,23,34
2025-01-04,0,0
2025-01-04,1,0
2025-01-04,2,0
2025-01-04,3,0
2025-01-04,4,0
2025-01-04,5,0
2025-01-04,6,0
2025-01-04,7,0
2025-01-04,8,0
2025-01-04,9,0
2025-01-04,10,23
2025-01-04,11,24
2025-01-04,12,34
2025-01-04,13,33
2025-01-04,14,34
2025-01-04,15,24
2025-01-04,16,19
2025-01-04,17,23
2025-01-04,18,36
2025-01-04,19,36
2025-01-04,20,30
2025-01-04,21,33
2025-01-04,22,27
2025-01-04,23,30
2025-01-05,0,0
2025-01-05,1,0
2025-01-05,2,0
2025-01-05,3,0
2025-01-05,4,0
2025-01-05,5,0
2025-01-05,6,0
2025-01-05,7,0
2025-01-05,8,0
2025-01-05,9,0
2025-01-05,10,21
2025-01-05,11,23
2025-01-05,12,30
2025-01-05,13,27
2025-01-05,14,34
2025-01-05,15,22
2025-01-05,16,20
2025-01-05,17,21
2025-01-05,18,34
2025-01-05,19,30
2025-01-05,20,33
2025-01-05,21,31
2025-01-05,22,27
2025-01-05,23,31
2025-01-06,0,0
2025-01-06,1,0
2025-01-06,2,0
2025-01-06,3,0
2025-01-06,4,0
2025-01-06,5,0
2025-01-06,6,0
2025-01-06,7,0
2025-01-06,8,0
2025-01-06,9,0
2025-01-06,10,13
2025-01-06,11,13
2025-01-06,12,12
2025-01-06,13,13
2025-01-06,14,13
2025-01-06,15,13
2025-01-06,16,13
2025-01-06,17,10
2025-01-06,18,13
2025-01-06,19,15
2025-01-06,20,15
2025-01-06,21,16
2025-01-06,22,18
2025-01-06,23,15
2025-01-07,0,0
2025-01-07,1,0
2025-01-07,2,0
2025-01-07,3,0
2025-01-07,4,0
2025-01-07,5,0
2025-01-07,6,0
2025-01-07,7,0
2025-01-07,8,0
2025-01-07,9,0
2025-01-07,10,10
2025-01-07,11,9
2025-01-07,12,15
2025-01-07,13,18
2025-01-07,14,16
2025-01-07,15,9
2025-01-07,16,11
2025-01-07,17,12
2025-01-07,18,19
2025-01-07,19,12
2025-01-07,20,12
2025-01-07,21,12
2025-01-07,22,18
2025-01-07,23,19
2025-01-08,0,0
2025-01-08,1,0
2025-01-08,2,0
2025-01-08,3,0
2025-01-08,4,0
2025-01-08,5,0
2025-01-08,6,0
2025-01-08,7,0
2025-01-08,8,0
2025-01-08,9,0
2025-01-08,10,8
2025-01-08,11,12
2025-01-08,12,12
2025-01-08,13,16
2025-01-08,14,18
2025-01-08,15,9
2025-01-08,16,9
2025-01-08,17,9
2025-01-08,18,15
2025-01-08,19,16
2025-01-08,20,19
2025-01-08,21,19
2025-01-08,22,18
2025-01-08,23,15
2025-01-09,0,0
2025-01-09,1,0
2025-01-09,2,0
2025-01-09,3,0
2025-01-09,4,0
2025-01-09,5,0
2025-01-09,6,0
2025-01-09,7,0
2025-01-09,8,0
2025-01-09,9,0
2025-01-09,10,8
2025-01-09,11,12
2025-01-09,12,13
2025-01-09,13,12
2025-01-09,14,15
2025-01-09,15,8
2025-01-09,16,8
2025-01-09,17,10
2025-01-09,18,19
2025-01-09,19,18
2025-01-09,20,18
2025-01-09,21,15
2025-01-09,22,15
2025-01-09,23,13
2025-01-10,0,0
2025-01-10,1,0
2025-01-10,2,0
2025-01-10,3,0
2025-01-10,4,0
2025-01-10,5,0
2025-01-10,6,0
2025-01-10,7,0
2025-01-10,8,0
2025-01-10,9,0
2025-01-10,10,18
2025-01-10,11,20
2025-01-10,12,36
2025-01-10,13,34
2025-01-10,14,30
2025-01-10,15,24
2025-01-10,16,21
2025-01-10,17,23
2025-01-10,18,30
2025-01-10,19,28
2025-01-10,20,33
2025-01-10,21,27
2025-01-10,22,31
2025-01-10,23,34
2025-01-11,0,0
2025-01-11,1,0
2025-01-11,2,0
2025-01-11,3,0
2025-01-11,4,0
2025-01-11,5,0
2025-01-11,6,0
2025-01-11,7,0
2025-01-11,8,0
2025-01-11,9,0
2025-01-11,10,20
2025-01-11,11,24
2025-01-11,12,30
2025-01-11,13,34
2025-01-11,14,27
2025-01-11,15,22
2025-01-11,16,21
2025-01-11,17,24
2025-01-11,18,36
2025-01-11,19,27
2025-01-11,20,27
2025-01-11,21,36
2025-01-11,22,33
2025-01-11,23,34
2025-01-12,0,0
2025-01-12,1,0
2025-01-12,2,0
2025-01-12,3,0
2025-01-12,4,0
2025-01-12,5,0
2025-01-12,6,0
2025-01-12,7,0
2025-01-12,8,0
2025-01-12,9,0
2025-01-12,10,19
2025-01-12,11,18
2025-01-12,12,30
2025-01-12,13,31
2025-01-12,14,30
2025-01-12,15,23
2025-01-12,16,24
2025-01-12,17,21
2025-01-12,18,34
2025-01-12,19,30
2025-01-12,20,30
2025-01-12,21,36
2025-01-12,22,36
2025-01-12,23,31
2025-01-13,0,0
2025-01-13,1,0
2025-01-13,2,0
2025-01-13,3,0
2025-01-13,4,0
2025-01-13,5,0
2025-01-13,6,0
2025-01-13,7,0
2025-01-13,8,0
2025-01-13,9,0
2025-01-13,10,9
2025-01-13,11,10
2025-01-13,12,18
2025-01-13,13,12
2025-01-13,14,12
2025-01-13,15,13
2025-01-13,16,13
2025-01-13,17,13
2025-01-13,18,15
2025-01-13,19,15
2025-01-13,20,15
2025-01-13,21,16
2025-01-13,22,16
2025-01-13,23,13
2025-01-14,0,0
2025-01-14,1,0
2025-01-14,2,0
2025-01-14,3,0
2025-01-14,4,0
2025-01-14,5,0
2025-01-14,6,0
2025-01-14,7,0
2025-01-14,8,0
2025-01-14,9,0
2025-01-14,10,8
2025-01-14,11,13
2025-01-14,12,19
2025-01-14,13,13
2025-01-14,14,12
2025-01-14,15,13
2025-01-14,16,11
2025-01-14,17,10
2025-01-14,18,16
2025-01-14,19,15
2025-01-14,20,12
2025-01-14,21,15
2025-01-14,22,15
2025-01-14,23,18
2025-01-15,0,0
2025-01-15,1,0
2025-01-15,2,0
2025-01-15,3,0
2025-01-15,4,0
2025-01-15,5,0
2025-01-15,6,0
2025-01-15,7,0
2025-01-15,8,0
2025-01-15,9,0
2025-01-15,10,8
2025-01-15,11,8
2025-01-15,12,12
2025-01-15,13,19
2025-01-15,14,19
2025-01-15,15,11
2025-01-15,16,8
2025-01-15,17,11
2025-01-15,18,12
2025-01-15,19,19
2025-01-15,20,15
2025-01-15,21,19
2025-01-15,22,13
2025-01-15,23,13
2025-01-16,0,0
2025-01-16,1,0
2025-01-16,2,0
2025-01-16,3,0
2025-01-16,4,0
2025-01-16,5,0
2025-01-16,6,0
2025-01-16,7,0
2025-01-16,8,0
2025-01-16,9,0
2025-01-16,10,10
2025-01-16,11,12
2025-01-16,12,15
2025-01-16,13,18
2025-01-16,14,15
2025-01-16,15,9
2025-01-16,16,10
2025-01-16,17,9
2025-01-16,18,13
2025-01-16,19,13
2025-01-16,20,13
2025-01-16,21,13
2025-01-16,22,16
2025-01-16,23,19
2025-01-17,0,0
2025-01-17,1,0
2025-01-17,2,0
2025-01-17,3,0
2025-01-17,4,0
2025-01-17,5,0
2025-01-17,6,0
2025-01-17,7,0
2025-01-17,8,0
2025-01-17,9,0
2025-01-17,10,18
2025-01-17,11,18
2025-01-17,12,31
2025-01-17,13,34
2025-01-17,14,28
2025-01-17,15,24
2025-01-17,16,22
2025-01-17,17,24
2025-01-17,18,33
2025-01-17,19,28
2025-01-17,20,27
2025-01-17,21,31
2025-01-17,22,31
2025-01-17,23,28
2025-01-18,0,0
2025-01-18,1,0
2025-01-18,2,0
2025-01-18,3,0
2025-01-18,4,0
2025-01-18,5,0
2025-01-18,6,0
2025-01-18,7,0
2025-01-18,8,0
2025-01-18,9,0
2025-01-18,10,24
2025-01-18,11,21
2025-01-18,12,31
2025-01-18,13,31
2025-01-18,14,31
2025-01-18,15,24
2025-01-18,16,18
2025-01-18,17,22
2025-01-18,18,34
2025-01-18,19,36
2025-01-18,20,28
2025-01-18,21,30
2025-01-18,22,34
2025-01-18,23,31
2025-01-19,0,0
2025-01-19,1,0
2025-01-19,2,0
2025-01-19,3,0
2025-01-19,4,0
2025-01-19,5,0
2025-01-19,6,0
2025-01-19,7,0
2025-01-19,8,0
2025-01-19,9,0
2025-01-19,10,23
2025-01-19,11,18
2025-01-19,12,31
2025-01-19,13,30
2025-01-19,14,34
2025-01-19,15,19
2025-01-19,16,21
2025-01-19,17,21
2025-01-19,18,28
2025-01-19,19,36
2025-01-19,20,31
2025-01-19,21,28
2025-01-19,22,27
2025-01-19,23,27
2025-01-20,0,0
2025-01-20,1,0
2025-01-20,2,0
2025-01-20,3,0
2025-01-20,4,0
2025-01-20,5,0
2025-01-20,6,0
2025-01-20,7,0
2025-01-20,8,0
2025-01-20,9,0
2025-01-20,10,12
2025-01-20,11,9
2025-01-20,12,18
2025-01-20,13,18
2025-01-20,14,15
2025-01-20,15,9
2025-01-20,16,12
2025-01-20,17,10
2025-01-20,18,12
2025-01-20,19,18
2025-01-20,20,19
2025-01-20,21,16
2025-01-20,22,19
2025-01-20,23,12
2025-01-21,0,0
2025-01-21,1,0
2025-01-21,2,0
2025-01-21,3,0
2025-01-21,4,0
2025-01-21,5,0
2025-01-21,6,0
2025-01-21,7,0
2025-01-21,8,0
2025-01-21,9,0
2025-01-21,10,8
2025-01-21,11,10
2025-01-21,12,13
2025-01-21,13,16
2025-01-21,14,15
2025-01-21,15,13
2025-01-21,16,13
2025-01-21,17,12
2025-01-21,18,12
2025-01-21,19,19
2025-01-21,20,13
2025-01-21,21,18
2025-01-21,22,16
2025-01-21,23,12
2025-01-22,0,0
2025-01-22,1,0
2025-01-22,2,0
2025-01-22,3,0
2025-01-22,4,0
2025-01-22,5,0
2025-01-22,6,0
2025-01-22,7,0
2025-01-22,8,0
2025-01-22,9,0
2025-01-22,10,10
2025-01-22,11,10
2025-01-22,12,13
2025-01-22,13,12
2025-01-22,14,15
2025-01-22,15,11
2025-01-22,16,8
2025-01-22,17,11
2025-01-22,18,18
2025-01-22,19,12
2025-01-22,20,13
2025-01-22,21,12
2025-01-22,22,16
2025-01-22,23,15
2025-01-23,0,0
2025-01-23,1,0
2025-01-23,2,0
2025-01-23,3,0
2025-01-23,4,0
2025-01-23,5,0
2025-01-23,6,0
2025-01-23,7,0
2025-01-23,8,0
2025-01-23,9,0
2025-01-23,10,12
2025-01-23,11,12
2025-01-23,12,13
2025-01-23,13,15
2025-01-23,14,12
2025-01-23,15,11
2025-01-23,16,11
2025-01-23,17,12
2025-01-23,18,19
2025-01-23,19,13
2025-01-23,20,18
2025-01-23,21,15
2025-01-23,22,15
2025-01-23,23,15
2025-01-24,0,0
2025-01-24,1,0
2025-01-24,2,0
2025-01-24,3,0
2025-01-24,4,0
2025-01-24,5,0
2025-01-24,6,0
2025-01-24,7,0
2025-01-24,8,0
2025-01-24,9,0
2025-01-24,10,18
2025-01-24,11,23
2025-01-24,12,30
2025-01-24,13,36
2025-01-24,14,28
2025-01-24,15,20
2025-01-24,16,21
2025-01-24,17,21
2025-01-24,18,28
2025-01-24,19,27
2025-01-24,20,36
2025-01-24,21,28
2025-01-24,22,36
2025-01-24,23,30
2025-01-25,0,0
2025-01-25,1,0
2025-01-25,2,0
2025-01-25,3,0
2025-01-25,4,0
2025-01-25,5,0
2025-01-25,6,0
2025-01-25,7,0
2025-01-25,8,0
2025-01-25,9,0
2025-01-25,10,22
2025-01-25,11,22
2025-01-25,12,31
2025-01-25,13,30
2025-01-25,14,30
2025-01-25,15,20
2025-01-25,16,20
2025-01-25,17,19
2025-01-25,18,27
2025-01-25,19,31
2025-01-25,20,36
2025-01-25,21,27
2025-01-25,22,30
2025-01-25,23,27
2025-01-26,0,0
2025-01-26,1,0
2025-01-26,2,0
2025-01-26,3,0
2025-01-26,4,0
2025-01-26,5,0
2025-01-26,6,0
2025-01-26,7,0
2025-01-26,8,0
2025-01-26,9,0
2025-01-26,10,34
2025-01-26,11,32
2025-01-26,12,49
2025-01-26,13,45
2025-01-26,14,55
2025-01-26,15,34
2025-01-26,16,30
2025-01-26,17,37
2025-01-26,18,57
2025-01-26,19,57
2025-01-26,20,48
2025-01-26,21,51
2025-01-26,22,57
2025-01-26,23,57
2025-01-27,0,0
2025-01-27,1,0
2025-01-27,2,0
2025-01-27,3,0
2025-01-27,4,0
2025-01-27,5,0
2025-01-27,6,0
2025-01-27,7,0
2025-01-27,8,0
2025-01-27,9,0
2025-01-27,10,11
2025-01-27,11,8
2025-01-27,12,12
2025-01-27,13,19
2025-01-27,14,18
2025-01-27,15,8
2025-01-27,16,9
2025-01-27,17,10
2025-01-27,18,12
2025-01-27,19,18
2025-01-27,20,13
2025-01-27,21,18
2025-01-27,22,13
2025-01-27,23,13
2025-01-28,0,0
2025-01-28,1,0
2025-01-28,2,0
2025-01-28,3,0
2025-01-28,4,0
2025-01-28,5,0
2025-01-28,6,0
2025-01-28,7,0
2025-01-28,8,0
2025-01-28,9,0
2025-01-28,10,9
2025-01-28,11,11
2025-01-28,12,15
2025-01-28,13,13
2025-01-28,14,16
2025-01-28,15,11
2025-01-28,16,8
2025-01-28,17,13
2025-01-28,18,19
2025-01-28,19,15
2025-01-28,20,15
2025-01-28,21,18
2025-01-28,22,13
2025-01-28,23,13
2025-01-29,0,0
2025-01-29,1,0
2025-01-29,2,0
2025-01-29,3,0
2025-01-29,4,0
2025-01-29,5,0
2025-01-29,6,0
2025-01-29,7,0
2025-01-29,8,0
2025-01-29,9,0
2025-01-29,10,9
2025-01-29,11,8
2025-01-29,12,13
2025-01-29,13,13
2025-01-29,14,16
2025-01-29,15,11
2025-01-29,16,12
2025-01-29,17,10
2025-01-29,18,15
2025-01-29,19,12
2025-01-29,20,16
2025-01-29,21,13
2025-01-29,22,15
2025-01-29,23,12
2025-01-30,0,0
2025-01-30,1,0
2025-01-30,2,0
2025-01-30,3,0
2025-01-30,4,0
2025-01-30,5,0
2025-01-30,6,0
2025-01-30,7,0
2025-01-30,8,0
2025-01-30,9,0
2025-01-30,10,12
2025-01-30,11,12
2025-01-30,12,15
2025-01-30,13,13
2025-01-30,14,18
2025-01-30,15,8
2025-01-30,16,11
2025-01-30,17,11
2025-01-30,18,12
2025-01-30,19,15
2025-01-30,20,16
2025-01-30,21,18
2025-01-30,22,12
2025-01-30,23,16
2025-01-31,0,0
2025-01-31,1,0
2025-01-31,2,0
2025-01-31,3,0
2025-01-31,4,0
2025-01-31,5,0
2025-01-31,6,0
2025-01-31,7,0
2025-01-31,8,0
2025-01-31,9,0
2025-01-31,10,24
2025-01-31,11,21
2025-01-31,12,33
2025-01-31,13,28
2025-01-31,14,28
2025-01-31,15,19
2025-01-31,16,24
2025-01-31,17,21
2025-01-31,18,28
2025-01-31,19,27
2025-01-31,20,36
2025-01-31,21,36
2025-01-31,22,34
2025-01-31,23,31
2025-02-01,0,0
2025-02-01,1,0
2025-02-01,2,0
2025-02-01,3,0
2025-02-01,4,0
2025-02-01,5,0
2025-02-01,6,0
2025-02-01,7,0
2025-02-01,8,0
2025-02-01,9,0
2025-02-01,10,19
2025-02-01,11,24
2025-02-01,12,27
2025-02-01,13,33
2025-02-01,14,28
2025-02-01,15,24
2025-02-01,16,19
2025-02-01,17,19
2025-02-01,18,36
2025-02-01,19,27
2025-02-01,20,28
2025-02-01,21,30
2025-02-01,22,31
2025-02-01,23,33
2025-02-02,0,0
2025-02-02,1,0
2025-02-02,2,0
2025-02-02,3,0
2025-02-02,4,0
2025-02-02,5,0
2025-02-02,6,0
2025-02-02,7,0
2025-02-02,8,0
2025-02-02,9,0
2025-02-02,10,22
2025-02-02,11,24
2025-02-02,12,30
2025-02-02,13,27
2025-02-02,14,30
2025-02-02,15,18
2025-02-02,16,18
2025-02-02,17,19
2025-02-02,18,34
2025-02-02,19,34
2025-02-02,20,33
2025-02-02,21,34
2025-02-02,22,36
2025-02-02,23,30
2025-02-03,0,0
2025-02-03,1,0
2025-02-03,2,0
2025-02-03,3,0
2025-02-03,4,0
2025-02-03,5,0
2025-02-03,6,0
2025-02-03,7,0
2025-02-03,8,0
2025-02-03,9,0
2025-02-03,10,13
2025-02-03,11,12
2025-02-03,12,18
2025-02-03,13,18
2025-02-03,14,19
2025-02-03,15,9
2025-02-03,16,10
2025-02-03,17,11
2025-02-03,18,16
2025-02-03,19,19
2025-02-03,20,16
2025-02-03,21,18
2025-02-03,22,19
2025-02-03,23,12
2025-02-04,0,0
2025-02-04,1,0
2025-02-04,2,0
2025-02-04,3,0
2025-02-04,4,0
2025-02-04,5,0
2025-02-04,6,0
2025-02-04,7,0
2025-02-04,8,0
2025-02-04,9,0
2025-02-04,10,9
2025-02-04,11,10
2025-02-04,12,13
2025-02-04,13,18
2025-02-04,14,18
2025-02-04,15,13
2025-02-04,16,13
2025-02-04,17,13
2025-02-04,18,16
2025-02-04,19,19
2025-02-04,20,13
2025-02-04,21,12
2025-02-04,22,19
2025-02-04,23,18
2025-02-05,0,0
2025-02-05,1,0
2025-02-05,2,0
2025-02-05,3,0
2025-02-05,4,0
2025-02-05,5,0
2025-02-05,6,0
2025-02-05,7,0
2025-02-05,8,0
2025-02-05,9,0
2025-02-05,10,8
2025-02-05,11,13
2025-02-05,12,16
2025-02-05,13,18
2025-02-05,14,15
2025-02-05,15,12
2025-02-05,16,10
2025-02-05,17,10
2025-02-05,18,12
2025-02-05,19,13
2025-02-05,20,12
2025-02-05,21,12
2025-02-05,22,15
2025-02-05,23,13
2025-02-06,0,0
2025-02-06,1,0
2025-02-06,2,0
2025-02-06,3,0
2025-02-06,4,0
2025-02-06,5,0
2025-02-06,6,0
2025-02-06,7,0
2025-02-06,8,0
2025-02-06,9,0
2025-02-06,10,13
2025-02-06,11,11
2025-02-06,12,19
2025-02-06,13,18
2025-02-06,14,19
2025-02-06,15,10
2025-02-06,16,9
2025-02-06,17,10
2025-02-06,18,15
2025-02-06,19,19
2025-02-06,20,12
2025-02-06,21,13
2025-02-06,22,18
2025-02-06,23,19
2025-02-07,0,0
2025-02-07,1,0
2025-02-07,2,0
2025-02-07,3,0
2025-02-07,4,0
2025-02-07,5,0
2025-02-07,6,0
2025-02-07,7,0
2025-02-07,8,0
2025-02-07,9,0
2025-02-07,10,21
2025-02-07,11,24
2025-02-07,12,36
2025-02-07,13,28
2025-02-07,14,34
2025-02-07,15,21
2025-02-07,16,18
2025-02-07,17,21
2025-02-07,18,36
2025-02-07,19,34
2025-02-07,20,28
2025-02-07,21,28
2025-02-07,22,28
2025-02-07,23,27
2025-02-08,0,0
2025-02-08,1,0
2025-02-08,2,0
2025-02-08,3,0
2025-02-08,4,0
2025-02-08,5,0
2025-02-08,6,0
2025-02-08,7,0
2025-02-08,8,0
2025-02-08,9,0
2025-02-08,10,24
2025-02-08,11,23
2025-02-08,12,31
2025-02-08,13,31
2025-02-08,14,34
2025-02-08,15,20
2025-02-08,16,20
2025-02-08,17,24
2025-02-08,18,30
2025-02-08,19,33
2025-02-08,20,33
2025-02-08,21,31
2025-02-08,22,27
2025-02-08,23,34
2025-02-09,0,0
2025-02-09,1,0
2025-02-09,2,0
2025-02-09,3,0
2025-02-09,4,0
2025-02-09,5,0
2025-02-09,6,0
2025-02-09,7,0
2025-02-09,8,0
2025-02-09,9,0
2025-02-09,10,23
2025-02-09,11,18
2025-02-09,12,28
2025-02-09,13,36
2025-02-09,14,28
2025-02-09,15,24
2025-02-09,16,24
2025-02-09,17,24
2025-02-09,18,30
2025-02-09,19,27
2025-02-09,20,28
2025-02-09,21,31
2025-02-09,22,30
2025-02-09,23,27
2025-02-10,0,0
2025-02-10,1,0
2025-02-10,2,0
2025-02-10,3,0
2025-02-10,4,0
2025-02-10,5,0
2025-02-10,6,0
2025-02-10,7,0
2025-02-10,8,0
2025-02-10,9,0
2025-02-10,10,8
2025-02-10,11,9
2025-02-10,12,13
2025-02-10,13,15
2025-02-10,14,18
2025-02-10,15,10
2025-02-10,16,9
2025-02-10,17,13
2025-02-10,18,16
2025-02-10,19,19
2025-02-10,20,16
2025-02-10,21,13
2025-02-10,22,15
2025-02-10,23,18
2025-02-11,0,0
2025-02-11,1,0
2025-02-11,2,0
2025-02-11,3,0
2025-02-11,4,0
2025-02-11,5,0
2025-02-11,6,0
2025-02-11,7,0
2025-02-11,8,0
2025-02-11,9,0
2025-02-11,10,11
2025-02-11,11,8
2025-02-11,12,19
2025-02-11,13,15
2025-02-11,14,15
2025-02-11,15,11
2025-02-11,16,11
2025-02-11,17,11
2025-02-11,18,13
2025-02-11,19,13
2025-02-11,20,18
2025-02-11,21,15
2025-02-11,22,15
2025-02-11,23,15
2025-02-12,0,0
2025-02-12,1,0
2025-02-12,2,0
2025-02-12,3,0
2025-02-12,4,0
2025-02-12,5,0
2025-02-12,6,0
2025-02-12,7,0
2025-02-12,8,0
2025-02-12,9,0
2025-02-12,10,11
2025-02-12,11,10
2025-02-12,12,13
2025-02-12,13,18
2025-02-12,14,18
2025-02-12,15,13
2025-02-12,16,13
2025-02-12,17,12
2025-02-12,18,16
2025-02-12,19,13
2025-02-12,20,12
2025-02-12,21,15
2025-02-12,22,16
2025-02-12,23,12
2025-02-13,0,0
2025-02-13,1,0
2025-02-13,2,0
2025-02-13,3,0
2025-02-13,4,0
2025-02-13,5,0
2025-02-13,6,0
2025-02-13,7,0
2025-02-13,8,0
2025-02-13,9,0
2025-02-13,10,10
2025-02-13,11,9
2025-02-13,12,18
2025-02-13,13,18
2025-02-13,14,18
2025-02-13,15,8
2025-02-13,16,10
2025-02-13,17,9
2025-02-13,18,13
2025-02-13,19,12
2025-02-13,20,15
2025-02-13,21,15
2025-02-13,22,15
2025-02-13,23,13
2025-02-14,0,0
2025-02-14,1,0
2025-02-14,2,0
2025-02-14,3,0
2025-02-14,4,0
2025-02-14,5,0
2025-02-14,6,0
2025-02-14,7,0
2025-02-14,8,0
2025-02-14,9,0
2025-02-14,10,18
2025-02-14,11,24
2025-02-14,12,28
2025-02-14,13,36
2025-02-14,14,31
2025-02-14,15,20
2025-02-14,16,24
2025-02-14,17,19
2025-02-14,18,36
2025-02-14,19,28
2025-02-14,20,36
2025-02-14,21,30
2025-02-14,22,31
2025-02-14,23,30
2025-02-15,0,0
2025-02-15,1,0
2025-02-15,2,0
2025-02-15,3,0
2025-02-15,4,0
2025-02-15,5,0
2025-02-15,6,0
2025-02-15,7,0
2025-02-15,8,0
2025-02-15,9,0
2025-02-15,10,19
2025-02-15,11,20
2025-02-15,12,28
2025-02-15,13,36
2025-02-15,14,33
2025-02-15,15,20
2025-02-15,16,19
2025-02-15,17,24
2025-02-15,18,31
2025-02-15,19,28
2025-02-15,20,28
2025-02-15,21,36
2025-02-15,22,34
2025-02-15,23,27
2025-02-16,0,0
2025-02-16,1,0
2025-02-16,2,0
2025-02-16,3,0
2025-02-16,4,0
2025-02-16,5,0
2025-02-16,6,0
2025-02-16,7,0
2025-02-16,8,0
2025-02-16,9,0
2025-02-16,10,18
2025-02-16,11,22
2025-02-16,12,34
2025-02-16,13,33
2025-02-16,14,30
2025-02-16,15,19
2025-02-16,16,20
2025-02-16,17,21
2025-02-16,18,31
2025-02-16,19,31
2025-02-16,20,33
2025-02-16,21,33
2025-02-16,22,30
2025-02-16,23,34
2025-02-17,0,0
2025-02-17,1,0
2025-02-17,2,0
2025-02-17,3,0
2025-02-17,4,0
2025-02-17,5,0
2025-02-17,6,0
2025-02-17,7,0
2025-02-17,8,0
2025-02-17,9,0
2025-02-17,10,13
2025-02-17,11,10
2025-02-17,12,19
2025-02-17,13,13
2025-02-17,14,18
2025-02-17,15,11
2025-02-17,16,9
2025-02-17,17,8
2025-02-17,18,12
2025-02-17,19,13
2025-02-17,20,19
2025-02-17,21,19
2025-02-17,22,13
2025-02-17,23,12
2025-02-18,0,0
2025-02-18,1,0
2025-02-18,2,0
2025-02-18,3,0
2025-02-18,4,0
2025-02-18,5,0
2025-02-18,6,0
2025-02-18,7,0
2025-02-18,8,0
2025-02-18,9,0
2025-02-18,10,13
2025-02-18,11,11
2025-02-18,12,12
2025-02-18,13,15
2025-02-18,14,19
2025-02-18,15,11
2025-02-18,16,8
2025-02-18,17,10
2025-02-18,18,15
2025-02-18,19,16
2025-02-18,20,13
2025-02-18,21,15
2025-02-18,22,19
2025-02-18,23,18
2025-02-19,0,0
2025-02-19,1,0
2025-02-19,2,0
2025-02-19,3,0
2025-02-19,4,0
2025-02-19,5,0
2025-02-19,6,0
2025-02-19,7,0
2025-02-19,8,0
2025-02-19,9,0
2025-02-19,10,9
2025-02-19,11,10
2025-02-19,12,18
2025-02-19,13,12
2025-02-19,14,12
2025-02-19,15,8
2025-02-19,16,10
2025-02-19,17,8
2025-02-19,18,12
2025-02-19,19,12
2025-02-19,20,13
2025-02-19,21,12
2025-02-19,22,18
2025-02-19,23,12
2025-02-20,0,0
2025-02-20,1,0
2025-02-20,2,0
2025-02-20,3,0
2025-02-20,4,0
2025-02-20,5,0
2025-02-20,6,0
2025-02-20,7,0
2025-02-20,8,0
2025-02-20,9,0
2025-02-20,10,10
2025-02-20,11,13
2025-02-20,12,18
2025-02-20,13,18
2025-02-20,14,18
2025-02-20,15,11
2025-02-20,16,12
2025-02-20,17,12
2025-02-20,18,12
2025-02-20,19,18
2025-02-20,20,12
2025-02-20,21,16
2025-02-20,22,16
2025-02-20,23,16
2025-02-21,0,0
2025-02-21,1,0
2025-02-21,2,0
2025-02-21,3,0
2025-02-21,4,0
2025-02-21,5,0
2025-02-21,6,0
2025-02-21,7,0
2025-02-21,8,0
2025-02-21,9,0
2025-02-21,10,24
2025-02-21,11,22
2025-02-21,12,33
2025-02-21,13,33
2025-02-21,14,30
2025-02-21,15,20
2025-02-21,16,23
2025-02-21,17,24
2025-02-21,18,33
2025-02-21,19,30
2025-02-21,20,36
2025-02-21,21,34
2025-02-21,22,31
2025-02-21,23,36
2025-02-22,0,0
2025-02-22,1,0
2025-02-22,2,0
2025-02-22,3,0
2025-02-22,4,0
2025-02-22,5,0
2025-02-22,6,0
2025-02-22,7,0
2025-02-22,8,0
2025-02-22,9,0
2025-02-22,10,23
2025-02-22,11,22
2025-02-22,12,36
2025-02-22,13,33
2025-02-22,14,36
2025-02-22,15,21
2025-02-22,16,22
2025-02-22,17,21
2025-02-22,18,28
2025-02-22,19,30
2025-02-22,20,30
2025-02-22,21,31
2025-02-22,22,31
2025-02-22,23,27
2025-02-23,0,0
2025-02-23,1,0
2025-02-23,2,0
2025-02-23,3,0
2025-02-23,4,0
2025-02-23,5,0
2025-02-23,6,0
2025-02-23,7,0
2025-02-23,8,0
2025-02-23,9,0
2025-02-23,10,23
2025-02-23,11,18
2025-02-23,12,36
2025-02-23,13,27
2025-02-23,14,28
2025-02-23,15,22
2025-02-23,16,20
2025-02-23,17,21
2025-02-23,18,27
2025-02-23,19,36
2025-02-23,20,28
2025-02-23,21,30
2025-02-23,22,31
2025-02-23,23,27
2025-02-24,0,0
2025-02-24,1,0
2025-02-24,2,0
2025-02-24,3,0
2025-02-24,4,0
2025-02-24,5,0
2025-02-24,6,0
2025-02-24,7,0
2025-02-24,8,0
2025-02-24,9,0
2025-02-24,10,9
2025-02-24,11,9
2025-02-24,12,13
2025-02-24,13,12
2025-02-24,14,18
2025-02-24,15,13
2025-02-24,16,10
2025-02-24,17,8
2025-02-24,18,18
2025-02-24,19,18
2025-02-24,20,12
2025-02-24,21,12
2025-02-24,22,16
2025-02-24,23,16
2025-02-25,0,0
2025-02-25,1,0
2025-02-25,2,0
2025-02-25,3,0
2025-02-25,4,0
2025-02-25,5,0
2025-02-25,6,0
2025-02-25,7,0
2025-02-25,8,0
2025-02-25,9,0
2025-02-25,10,11
2025-02-25,11,13
2025-02-25,12,18
2025-02-25,13,13
2025-02-25,14,19
2025-02-25,15,12
2025-02-25,16,12
2025-02-25,17,10
2025-02-25,18,16
2025-02-25,19,18
2025-02-25,20,16
2025-02-25,21,13
2025-02-25,22,12
2025-02-25,23,12
2025-02-26,0,0
2025-02-26,1,0
2025-02-26,2,0
2025-02-26,3,0
2025-02-26,4,0
2025-02-26,5,0
2025-02-26,6,0
2025-02-26,7,0
2025-02-26,8,0
2025-02-26,9,0
2025-02-26,10,35
2025-02-26,11,36
2025-02-26,12,55
2025-02-26,13,57
2025-02-26,14,54
2025-02-26,15,38
2025-02-26,16,37
2025-02-26,17,32
2025-02-26,18,48
2025-02-26,19,45
2025-02-26,20,55
2025-02-26,21,54
2025-02-26,22,45
2025-02-26,23,52
2025-02-27,0,0
2025-02-27,1,0
2025-02-27,2,0
2025-02-27,3,0
2025-02-27,4,0
2025-02-27,5,0
2025-02-27,6,0
2025-02-27,7,0
2025-02-27,8,0
2025-02-27,9,0
2025-02-27,10,10
2025-02-27,11,9
2025-02-27,12,16
2025-02-27,13,13
2025-02-27,14,13
2025-02-27,15,12
2025-02-27,16,12
2025-02-27,17,13
2025-02-27,18,15
2025-02-27,19,16
2025-02-27,20,19
2025-02-27,21,12
2025-02-27,22,19
2025-02-27,23,15
2025-02-28,0,0
2025-02-28,1,0
2025-02-28,2,0
2025-02-28,3,0
2025-02-28,4,0
2025-02-28,5,0
2025-02-28,6,0
2025-02-28,7,0
2025-02-28,8,0
2025-02-28,9,0
2025-02-28,10,20
2025-02-28,11,19
2025-02-28,12,30
2025-02-28,13,28
2025-02-28,14,31
2025-02-28,15,23
2025-02-28,16,21
2025-02-28,17,20
2025-02-28,18,36
2025-02-28,19,28
2025-02-28,20,27
2025-02-28,21,33
2025-02-28,22,27
2025-02-28,23,34
2025-03-01,0,0
2025-03-01,1,0
2025-03-01,2,0
2025-03-01,3,0
2025-03-01,4,0
2025-03-01,5,0
2025-03-01,6,0
2025-03-01,7,0
2025-03-01,8,0
2025-03-01,9,0
2025-03-01,10,19
2025-03-01,11,24
2025-03-01,12,30
2025-03-01,13,33
2025-03-01,14,28
2025-03-01,15,22
2025-03-01,16,20
2025-03-01,17,18
2025-03-01,18,34
2025-03-01,19,28
2025-03-01,20,28
2025-03-01,21,36
2025-03-01,22,30
2025-03-01,23,34
2025-03-02,0,0
2025-03-02,1,0
2025-03-02,2,0
2025-03-02,3,0
2025-03-02,4,0
2025-03-02,5,0
2025-03-02,6,0
2025-03-02,7,0
2025-03-02,8,0
2025-03-02,9,0
2025-03-02,10,21
2025-03-02,11,23
2025-03-02,12,36
2025-03-02,13,36
2025-03-02,14,31
2025-03-02,15,24
2025-03-02,16,21
2025-03-02,17,21
2025-03-02,18,27
2025-03-02,19,36
2025-03-02,20,31
2025-03-02,21,28
2025-03-02,22,36
2025-03-02,23,34
2025-03-03,0,0
2025-03-03,1,0
2025-03-03,2,0
2025-03-03,3,0
2025-03-03,4,0
2025-03-03,5,0
2025-03-03,6,0
2025-03-03,7,0
2025-03-03,8,0
2025-03-03,9,0
2025-03-03,10,12
2025-03-03,11,11
2025-03-03,12,13
2025-03-03,13,12
2025-03-03,14,15
2025-03-03,15,13
2025-03-03,16,13
2025-03-03,17,9
2025-03-03,18,19
2025-03-03,19,12
2025-03-03,20,16
2025-03-03,21,16
2025-03-03,22,12
2025-03-03,23,19
2025-03-04,0,0
2025-03-04,1,0
2025-03-04,2,0
2025-03-04,3,0
2025-03-04,4,0
2025-03-04,5,0
2025-03-04,6,0
2025-03-04,7,0
2025-03-04,8,0
2025-03-04,9,0
2025-03-04,10,13
2025-03-04,11,12
2025-03-04,12,16
2025-03-04,13,12
2025-03-04,14,16
2025-03-04,15,9
2025-03-04,16,10
2025-03-04,17,13
2025-03-04,18,15
2025-03-04,19,16
2025-03-04,20,13
2025-03-04,21,18
2025-03-04,22,15
2025-03-04,23,18
2025-03-05,0,0
2025-03-05,1,0
2025-03-05,2,0
2025-03-05,3,0
2025-03-05,4,0
2025-03-05,5,0
2025-03-05,6,0
2025-03-05,7,0
2025-03-05,8,0
2025-03-05,9,0
2025-03-05,10,12
2025-03-05,11,11
2025-03-05,12,19
2025-03-05,13,18
2025-03-05,14,12
2025-03-05,15,13
2025-03-05,16,12
2025-03-05,17,8
2025-03-05,18,15
2025-03-05,19,15
2025-03-05,20,19
2025-03-05,21,16
2025-03-05,22,18
2025-03-05,23,15
2025-03-06,0,0
2025-03-06,1,0
2025-03-06,2,0
2025-03-06,3,0
2025-03-06,4,0
2025-03-06,5,0
2025-03-06,6,0
2025-03-06,7,0
2025-03-06,8,0
2025-03-06,9,0
2025-03-06,10,11
2025-03-06,11,10
2025-03-06,12,18
2025-03-06,13,15
2025-03-06,14,13
2025-03-06,15,8
2025-03-06,16,11
2025-03-06,17,8
2025-03-06,18,19
2025-03-06,19,15
2025-03-06,20,19
2025-03-06,21,12
2025-03-06,22,13
2025-03-06,23,15
2025-03-07,0,0
2025-03-07,1,0
2025-03-07,2,0
2025-03-07,3,0
2025-03-07,4,0
2025-03-07,5,0
2025-03-07,6,0
2025-03-07,7,0
2025-03-07,8,0
2025-03-07,9,0
2025-03-07,10,22
2025-03-07,11,18
2025-03-07,12,28
2025-03-07,13,28
2025-03-07,14,33
2025-03-07,15,22
2025-03-07,16,20
2025-03-07,17,21
2025-03-07,18,36
2025-03-07,19,34
2025-03-07,20,34
2025-03-07,21,36
2025-03-07,22,30
2025-03-07,23,31
2025-03-08,0,0
2025-03-08,1,0
2025-03-08,2,0
2025-03-08,3,0
2025-03-08,4,0
2025-03-08,5,0
2025-03-08,6,0
2025-03-08,7,0
2025-03-08,8,0
2025-03-08,9,0
2025-03-08,10,24
2025-03-08,11,20
2025-03-08,12,28
2025-03-08,13,33
2025-03-08,14,33
2025-03-08,15,23
2025-03-08,16,19
2025-03-08,17,19
2025-03-08,18,30
2025-03-08,19,28
2025-03-08,20,31
2025-03-08,21,27
2025-03-08,22,27
2025-03-08,23,28
2025-03-09,0,0
2025-03-09,1,0
2025-03-09,2,0
2025-03-09,3,0
2025-03-09,4,0
2025-03-09,5,0
2025-03-09,6,0
2025-03-09,7,0
2025-03-09,8,0
2025-03-09,9,0
2025-03-09,10,22
2025-03-09,11,19
2025-03-09,12,36
2025-03-09,13,34
2025-03-09,14,28
2025-03-09,15,22
2025-03-09,16,23
2025-03-09,17,19
2025-03-09,18,28
2025-03-09,19,36
2025-03-09,20,28
2025-03-09,21,36
2025-03-09,22,36
2025-03-09,23,34
2025-03-10,0,0
2025-03-10,1,0
2025-03-10,2,0
2025-03-10,3,0
2025-03-10,4,0
2025-03-10,5,0
2025-03-10,6,0
2025-03-10,7,0
2025-03-10,8,0
2025-03-10,9,0
2025-03-10,10,13
2025-03-10,11,12
2025-03-10,12,13
2025-03-10,13,15
2025-03-10,14,19
2025-03-10,15,13
2025-03-10,16,9
2025-03-10,17,10
2025-03-10,18,12
2025-03-10,19,16
2025-03-10,20,15
2025-03-10,21,16
2025-03-10,22,18
2025-03-10,23,19
2025-03-11,0,0
2025-03-11,1,0
2025-03-11,2,0
2025-03-11,3,0
2025-03-11,4,0
2025-03-11,5,0
2025-03-11,6,0
2025-03-11,7,0
2025-03-11,8,0
2025-03-11,9,0
2025-03-11,10,10
2025-03-11,11,11
2025-03-11,12,18
2025-03-11,13,12
2025-03-11,14,15
2025-03-11,15,12
2025-03-11,16,12
2025-03-11,17,12
2025-03-11,18,16
2025-03-11,19,18
2025-03-11,20,19
2025-03-11,21,15
2025-03-11,22,15
2025-03-11,23,18
2025-03-12,0,0
2025-03-12,1,0
2025-03-12,2,0
2025-03-12,3,0
2025-03-12,4,0
2025-03-12,5,0
2025-03-12,6,0
2025-03-12,7,0
2025-03-12,8,0
2025-03-12,9,0
2025-03-12,10,9
2025-03-12,11,9
2025-03-12,12,15
2025-03-12,13,19
2025-03-12,14,16
2025-03-12,15,11
2025-03-12,16,9
2025-03-12,17,11
2025-03-12,18,12
2025-03-12,19,12
2025-03-12,20,16
2025-03-12,21,15
2025-03-12,22,15
2025-03-12,23,12
2025-03-13,0,0
2025-03-13,1,0
2025-03-13,2,0
2025-03-13,3,0
2025-03-13,4,0
2025-03-13,5,0
2025-03-13,6,0
2025-03-13,7,0
2025-03-13,8,0
2025-03-13,9,0
2025-03-13,10,8
2025-03-13,11,8
2025-03-13,12,13
2025-03-13,13,15
2025-03-13,14,18
2025-03-13,15,10
2025-03-13,16,12
2025-03-13,17,11
2025-03-13,18,18
2025-03-13,19,16
2025-03-13,20,12
2025-03-13,21,19
2025-03-13,22,13
2025-03-13,23,19
2025-03-14,0,0
2025-03-14,1,0
2025-03-14,2,0
2025-03-14,3,0
2025-03-14,4,0
2025-03-14,5,0
2025-03-14,6,0
2025-03-14,7,0
2025-03-14,8,0
2025-03-14,9,0
2025-03-14,10,38
2025-03-14,11,37
2025-03-14,12,45
2025-03-14,13,55
2025-03-14,14,52
2025-03-14,15,38
2025-03-14,16,39
2025-03-14,17,39
2025-03-14,18,46
2025-03-14,19,45
2025-03-14,20,45
2025-03-14,21,48
2025-03-14,22,52
2025-03-14,23,54
2025-03-15,0,0
2025-03-15,1,0
2025-03-15,2,0
2025-03-15,3,0
2025-03-15,4,0
2025-03-15,5,0
2025-03-15,6,0
2025-03-15,7,0
2025-03-15,8,0
2025-03-15,9,0
2025-03-15,10,22
2025-03-15,11,20
2025-03-15,12,36
2025-03-15,13,33
2025-03-15,14,30
2025-03-15,15,23
2025-03-15,16,18
2025-03-15,17,22
2025-03-15,18,28
2025-03-15,19,36
2025-03-15,20,31
2025-03-15,21,31
2025-03-15,22,30
2025-03-15,23,34
2025-03-16,0,0
2025-03-16,1,0
2025-03-16,2,0
2025-03-16,3,0
2025-03-16,4,0
2025-03-16,5,0
2025-03-16,6,0
2025-03-16,7,0
2025-03-16,8,0
2025-03-16,9,0
2025-03-16,10,21
2025-03-16,11,18
2025-03-16,12,33
2025-03-16,13,28
2025-03-16,14,33
2025-03-16,15,23
2025-03-16,16,18
2025-03-16,17,24
2025-03-16,18,34
2025-03-16,19,30
2025-03-16,20,34
2025-03-16,21,36
2025-03-16,22,30
2025-03-16,23,31
2025-03-17,0,0
2025-03-17,1,0
2025-03-17,2,0
2025-03-17,3,0
2025-03-17,4,0
2025-03-17,5,0
2025-03-17,6,0
2025-03-17,7,0
2025-03-17,8,0
2025-03-17,9,0
2025-03-17,10,10
2025-03-17,11,8
2025-03-17,12,15
2025-03-17,13,19
2025-03-17,14,19
2025-03-17,15,11
2025-03-17,16,12
2025-03-17,17,13
2025-03-17,18,15
2025-03-17,19,19
2025-03-17,20,19
2025-03-17,21,19
2025-03-17,22,15
2025-03-17,23,13
2025-03-18,0,0
2025-03-18,1,0
2025-03-18,2,0
2025-03-18,3,0
2025-03-18,4,0
2025-03-18,5,0
2025-03-18,6,0
2025-03-18,7,0
2025-03-18,8,0
2025-03-18,9,0
2025-03-18,10,9
2025-03-18,11,9
2025-03-18,12,16
2025-03-18,13,18
2025-03-18,14,15
2025-03-18,15,12
2025-03-18,16,10
2025-03-18,17,11
2025-03-18,18,12
2025-03-18,19,19
2025-03-18,20,13
2025-03-18,21,18
2025-03-18,22,18
2025-03-18,23,12
2025-03-19,0,0
2025-03-19,1,0
2025-03-19,2,0
2025-03-19,3,0
2025-03-19,4,0
2025-03-19,5,0
2025-03-19,6,0
2025-03-19,7,0
2025-03-19,8,0
2025-03-19,9,0
2025-03-19,10,8
2025-03-19,11,10
2025-03-19,12,19
2025-03-19,13,13
2025-03-19,14,13
2025-03-19,15,8
2025-03-19,16,8
2025-03-19,17,12
2025-03-19,18,19
2025-03-19,19,16
2025-03-19,20,16
2025-03-19,21,19
2025-03-19,22,18
2025-03-19,23,19
2025-03-20,0,0
2025-03-20,1,0
2025-03-20,2,0
2025-03-20,3,0
2025-03-20,4,0
2025-03-20,5,0
2025-03-20,6,0
2025-03-20,7,0
2025-03-20,8,0
2025-03-20,9,0
2025-03-20,10,10
2025-03-20,11,12
2025-03-20,12,18
2025-03-20,13,16
2025-03-20,14,19
2025-03-20,15,8
2025-03-20,16,13
2025-03-20,17,13
2025-03-20,18,18
2025-03-20,19,16
2025-03-20,20,12
2025-03-20,21,13
2025-03-20,22,13
2025-03-20,23,16
2025-03-21,0,0
2025-03-21,1,0
2025-03-21,2,0
2025-03-21,3,0
2025-03-21,4,0
2025-03-21,5,0
2025-03-21,6,0
2025-03-21,7,0
2025-03-21,8,0
2025-03-21,9,0
2025-03-21,10,21
2025-03-21,11,24
2025-03-21,12,28
2025-03-21,13,33
2025-03-21,14,33
2025-03-21,15,19
2025-03-21,16,23
2025-03-21,17,20
2025-03-21,18,36
2025-03-21,19,33
2025-03-21,20,34
2025-03-21,21,31
2025-03-21,22,31
2025-03-21,23,34
2025-03-22,0,0
2025-03-22,1,0
2025-03-22,2,0
2025-03-22,3,0
2025-03-22,4,0
2025-03-22,5,0
2025-03-22,6,0
2025-03-22,7,0
2025-03-22,8,0
2025-03-22,9,0
2025-03-22,10,22
2025-03-22,11,23
2025-03-22,12,28
2025-03-22,13,27
2025-03-22,14,31
2025-03-22,15,23
2025-03-22,16,18
2025-03-22,17,20
2025-03-22,18,36
2025-03-22,19,34
2025-03-22,20,36
2025-03-22,21,31
2025-03-22,22,27
2025-03-22,23,27
2025-03-23,0,0
2025-03-23,1,0
2025-03-23,2,0
2025-03-23,3,0
2025-03-23,4,0
2025-03-23,5,0
2025-03-23,6,0
2025-03-23,7,0
2025-03-23,8,0
2025-03-23,9,0
2025-03-23,10,18
2025-03-23,11,20
2025-03-23,12,31
2025-03-23,13,30
2025-03-23,14,28
2025-03-23,15,21
2025-03-23,16,19
2025-03-23,17,18
2025-03-23,18,30
2025-03-23,19,33
2025-03-23,20,31
2025-03-23,21,30
2025-03-23,22,28
2025-03-23,23,27
2025-03-24,0,0
2025-03-24,1,0
2025-03-24,2,0
2025-03-24,3,0
2025-03-24,4,0
2025-03-24,5,0
2025-03-24,6,0
2025-03-24,7,0
2025-03-24,8,0
2025-03-24,9,0
2025-03-24,10,11
2025-03-24,11,11
2025-03-24,12,12
2025-03-24,13,19
2025-03-24,14,19
2025-03-24,15,11
2025-03-24,16,10
2025-03-24,17,11
2025-03-24,18,13
2025-03-24,19,18
2025-03-24,20,15
2025-03-24,21,13
2025-03-24,22,16
2025-03-24,23,13
2025-03-25,0,0
2025-03-25,1,0
2025-03-25,2,0
2025-03-25,3,0
2025-03-25,4,0
2025-03-25,5,0
2025-03-25,6,0
2025-03-25,7,0
2025-03-25,8,0
2025-03-25,9,0
2025-03-25,10,10
2025-03-25,11,13
2025-03-25,12,18
2025-03-25,13,12
2025-03-25,14,18
2025-03-25,15,12
2025-03-25,16,9
2025-03-25,17,11
2025-03-25,18,12
2025-03-25,19,15
2025-03-25,20,16
2025-03-25,21,15
2025-03-25,22,19
2025-03-25,23,12
2025-03-26,0,0
2025-03-26,1,0
2025-03-26,2,0
2025-03-26,3,0
2025-03-26,4,0
2025-03-26,5,0
2025-03-26,6,0
2025-03-26,7,0
2025-03-26,8,0
2025-03-26,9,0
2025-03-26,10,13
2025-03-26,11,13
2025-03-26,12,13
2025-03-26,13,13
2025-03-26,14,16
2025-03-26,15,8
2025-03-26,16,11
2025-03-26,17,9
2025-03-26,18,19
2025-03-26,19,16
2025-03-26,20,12
2025-03-26,21,12
2025-03-26,22,18
2025-03-26,23,13
2025-03-27,0,0
2025-03-27,1,0
2025-03-27,2,0
2025-03-27,3,0
2025-03-27,4,0
2025-03-27,5,0
2025-03-27,6,0
2025-03-27,7,0
2025-03-27,8,0
2025-03-27,9,0
2025-03-27,10,9
2025-03-27,11,13
2025-03-27,12,13
2025-03-27,13,16
2025-03-27,14,19
2025-03-27,15,8
2025-03-27,16,11
2025-03-27,17,10
2025-03-27,18,12
2025-03-27,19,12
2025-03-27,20,19
2025-03-27,21,12
2025-03-27,22,16
2025-03-27,23,13
2025-03-28,0,0
2025-03-28,1,0
2025-03-28,2,0
2025-03-28,3,0
2025-03-28,4,0
2025-03-28,5,0
2025-03-28,6,0
2025-03-28,7,0
2025-03-28,8,0
2025-03-28,9,0
2025-03-28,10,22
2025-03-28,11,19
2025-03-28,12,36
2025-03-28,13,30
2025-03-28,14,30
2025-03-28,15,21
2025-03-28,16,22
2025-03-28,17,20
2025-03-28,18,31
2025-03-28,19,30
2025-03-28,20,31
2025-03-28,21,31
2025-03-28,22,36
2025-03-28,23,36
2025-03-29,0,0
2025-03-29,1,0
2025-03-29,2,0
2025-03-29,3,0
2025-03-29,4,0
2025-03-29,5,0
2025-03-29,6,0
2025-03-29,7,0
2025-03-29,8,0
2025-03-29,9,0
2025-03-29,10,21
2025-03-29,11,21
2025-03-29,12,27
2025-03-29,13,30
2025-03-29,14,34
2025-03-29,15,21
2025-03-29,16,20
2025-03-29,17,19
2025-03-29,18,36
2025-03-29,19,30
2025-03-29,20,34
2025-03-29,21,31
2025-03-29,22,30
2025-03-29,23,36
2025-03-30,0,0
2025-03-30,1,0
2025-03-30,2,0
2025-03-30,3,0
2025-03-30,4,0
2025-03-30,5,0
2025-03-30,6,0
2025-03-30,7,0
2025-03-30,8,0
2025-03-30,9,0
2025-03-30,10,19
2025-03-30,11,24
2025-03-30,12,30
2025-03-30,13,28
2025-03-30,14,36
2025-03-30,15,22
2025-03-30,16,21
2025-03-30,17,19
2025-03-30,18,28
2025-03-30,19,34
2025-03-30,20,31
2025-03-30,21,36
2025-03-30,22,34
2025-03-30,23,34
2025-03-31,0,0
2025-03-31,1,0
2025-03-31,2,0
2025-03-31,3,0
2025-03-31,4,0
2025-03-31,5,0
2025-03-31,6,0
2025-03-31,7,0
2025-03-31,8,0
2025-03-31,9,0
2025-03-31,10,32
2025-03-31,11,38
2025-03-31,12,49
2025-03-31,13,54
2025-03-31,14,52
2025-03-31,15,39
2025-03-31,16,37
2025-03-31,17,36
2025-03-31,18,57
2025-03-31,19,45
2025-03-31,20,57
2025-03-31,21,49
2025-03-31,22,48
2025-03-31,23,52
2025-04-01,0,0
2025-04-01,1,0
2025-04-01,2,0
2025-04-01,3,0
2025-04-01,4,0
2025-04-01,5,0
2025-04-01,6,0
2025-04-01,7,0
2025-04-01,8,0
2025-04-01,9,0
2025-04-01,10,10
2025-04-01,11,8
2025-04-01,12,13
2025-04-01,13,16
2025-04-01,14,13
2025-04-01,15,8
2025-04-01,16,9
2025-04-01,17,10
2025-04-01,18,13
2025-04-01,19,12
2025-04-01,20,12
2025-04-01,21,19
2025-04-01,22,15
2025-04-01,23,15
2025-04-02,0,0
2025-04-02,1,0
2025-04-02,2,0
2025-04-02,3,0
2025-04-02,4,0
2025-04-02,5,0
2025-04-02,6,0
2025-04-02,7,0
2025-04-02,8,0
2025-04-02,9,0
2025-04-02,10,11
2025-04-02,11,9
2025-04-02,12,13
2025-04-02,13,15
2025-04-02,14,15
2025-04-02,15,10
2025-04-02,16,13
2025-04-02,17,10
2025-04-02,18,18
2025-04-02,19,16
2025-04-02,20,16
2025-04-02,21,16
2025-04-02,22,12
2025-04-02,23,15
2025-04-03,0,0
2025-04-03,1,0
2025-04-03,2,0
2025-04-03,3,0
2025-04-03,4,0
2025-04-03,5,0
2025-04-03,6,0
2025-04-03,7,0
2025-04-03,8,0
2025-04-03,9,0
2025-04-03,10,13
2025-04-03,11,10
2025-04-03,12,12
2025-04-03,13,19
2025-04-03,14,18
2025-04-03,15,13
2025-04-03,16,13
2025-04-03,17,9
2025-04-03,18,16
2025-04-03,19,13
2025-04-03,20,12
2025-04-03,21,15
2025-04-03,22,15
2025-04-03,23,16
2025-04-04,0,0
2025-04-04,1,0
2025-04-04,2,0
2025-04-04,3,0
2025-04-04,4,0
2025-04-04,5,0
2025-04-04,6,0
2025-04-04,7,0
2025-04-04,8,0
2025-04-04,9,0
2025-04-04,10,23
2025-04-04,11,18
2025-04-04,12,34
2025-04-04,13,33
2025-04-04,14,28
2025-04-04,15,22
2025-04-04,16,20
2025-04-04,17,21
2025-04-04,18,28
2025-04-04,19,27
2025-04-04,20,36
2025-04-04,21,33
2025-04-04,22,28
2025-04-04,23,30
2025-04-05,0,0
2025-04-05,1,0
2025-04-05,2,0
2025-04-05,3,0
2025-04-05,4,0
2025-04-05,5,0
2025-04-05,6,0
2025-04-05,7,0
2025-04-05,8,0
2025-04-05,9,0
2025-04-05,10,22
2025-04-05,11,24
2025-04-05,12,34
2025-04-05,13,28
2025-04-05,14,27
2025-04-05,15,19
2025-04-05,16,19
2025-04-05,17,18
2025-04-05,18,28
2025-04-05,19,31
2025-04-05,20,31
2025-04-05,21,28
2025-04-05,22,27
2025-04-05,23,33
2025-04-06,0,0
2025-04-06,1,0
2025-04-06,2,0
2025-04-06,3,0
2025-04-06,4,0
2025-04-06,5,0
2025-04-06,6,0
2025-04-06,7,0
2025-04-06,8,0
2025-04-06,9,0
2025-04-06,10,18
2025-04-06,11,22
2025-04-06,12,33
2025-04-06,13,30
2025-04-06,14,33
2025-04-06,15,18
2025-04-06,16,19
2025-04-06,17,23
2025-04-06,18,31
2025-04-06,19,31
2025-04-06,20,28
2025-04-06,21,33
2025-04-06,22,33
2025-04-06,23,28
2025-04-07,0,0
2025-04-07,1,0
2025-04-07,2,0
2025-04-07,3,0
2025-04-07,4,0
2025-04-07,5,0
2025-04-07,6,0
2025-04-07,7,0
2025-04-07,8,0
2025-04-07,9,0
2025-04-07,10,13
2025-04-07,11,12
2025-04-07,12,19
2025-04-07,13,18
2025-04-07,14,18
2025-04-07,15,8
2025-04-07,16,13
2025-04-07,17,8
2025-04-07,18,19
2025-04-07,19,19
2025-04-07,20,19
2025-04-07,21,13
2025-04-07,22,16
2025-04-07,23,18
2025-04-08,0,0
2025-04-08,1,0
2025-04-08,2,0
2025-04-08,3,0
2025-04-08,4,0
2025-04-08,5,0
2025-04-08,6,0
2025-04-08,7,0
2025-04-08,8,0
2025-04-08,9,0
2025-04-08,10,9
2025-04-08,11,13
2025-04-08,12,15
2025-04-08,13,18
2025-04-08,14,15
2025-04-08,15,13
2025-04-08,16,10
2025-04-08,17,11
2025-04-08,18,19
2025-04-08,19,19
2025-04-08,20,12
2025-04-08,21,16
2025-04-08,22,18
2025-04-08,23,13
2025-04-09,0,0
2025-04-09,1,0
2025-04-09,2,0
2025-04-09,3,0
2025-04-09,4,0
2025-04-09,5,0
2025-04-09,6,0
2025-04-09,7,0
2025-04-09,8,0
2025-04-09,9,0
2025-04-09,10,10
2025-04-09,11,10
2025-04-09,12,16
2025-04-09,13,19
2025-04-09,14,18
2025-04-09,15,11
2025-04-09,16,13
2025-04-09,17,8
2025-04-09,18,13
2025-04-09,19,19
2025-04-09,20,12
2025-04-09,21,18
2025-04-09,22,16
2025-04-09,23,13
2025-04-10,0,0
2025-04-10,1,0
2025-04-10,2,0
2025-04-10,3,0
2025-04-10,4,0
2025-04-10,5,0
2025-04-10,6,0
2025-04-10,7,0
2025-04-10,8,0
2025-04-10,9,0
2025-04-10,10,37
2025-04-10,11,32
2025-04-10,12,57
2025-04-10,13,49
2025-04-10,14,55
2025-04-10,15,38
2025-04-10,16,35
2025-04-10,17,37
2025-04-10,18,45
2025-04-10,19,52
2025-04-10,20,46
2025-04-10,21,48
2025-04-10,22,52
2025-04-10,23,55
2025-04-11,0,0
2025-04-11,1,0
2025-04-11,2,0
2025-04-11,3,0
2025-04-11,4,0
2025-04-11,5,0
2025-04-11,6,0
2025-04-11,7,0
2025-04-11,8,0
2025-04-11,9,0
2025-04-11,10,22
2025-04-11,11,23
2025-04-11,12,28
2025-04-11,13,33
2025-04-11,14,36
2025-04-11,15,18
2025-04-11,16,22
2025-04-11,17,18
2025-04-11,18,33
2025-04-11,19,31
2025-04-11,20,30
2025-04-11,21,34
2025-04-11,22,34
2025-04-11,23,34
2025-04-12,0,0
2025-04-12,1,0
2025-04-12,2,0
2025-04-12,3,0
2025-04-12,4,0
2025-04-12,5,0
2025-04-12,6,0
2025-04-12,7,0
2025-04-12,8,0
2025-04-12,9,0
2025-04-12,10,21
2025-04-12,11,20
2025-04-12,12,34
2025-04-12,13,30
2025-04-12,14,27
2025-04-12,15,21
2025-04-12,16,18
2025-04-12,17,18
2025-04-12,18,36
2025-04-12,19,36
2025-04-12,20,27
2025-04-12,21,28
2025-04-12,22,27
2025-04-12,23,31
2025-04-13,0,0
2025-04-13,1,0
2025-04-13,2,0
2025-04-13,3,0
2025-04-13,4,0
2025-04-13,5,0
2025-04-13,6,0
2025-04-13,7,0
2025-04-13,8,0
2025-04-13,9,0
2025-04-13,10,19
2025-04-13,11,20
2025-04-13,12,31
2025-04-13,13,36
2025-04-13,14,28
2025-04-13,15,18
2025-04-13,16,20
2025-04-13,17,23
2025-04-13,18,36
2025-04-13,19,30
2025-04-13,20,27
2025-04-13,21,30
2025-04-13,22,28
2025-04-13,23,28
2025-04-14,0,0
2025-04-14,1,0
2025-04-14,2,0
2025-04-14,3,0
2025-04-14,4,0
2025-04-14,5,0
2025-04-14,6,0
2025-04-14,7,0
2025-04-14,8,0
2025-04-14,9,0
2025-04-14,10,12
2025-04-14,11,10
2025-04-14,12,16
2025-04-14,13,16
2025-04-14,14,15
2025-04-14,15,11
2025-04-14,16,13
2025-04-14,17,11
2025-04-14,18,12
2025-04-14,19,13
2025-04-14,20,15
2025-04-14,21,12
2025-04-14,22,13
2025-04-14,23,15
2025-04-15,0,0
2025-04-15,1,0
2025-04-15,2,0
2025-04-15,3,0
2025-04-15,4,0
2025-04-15,5,0
2025-04-15,6,0
2025-04-15,7,0
2025-04-15,8,0
2025-04-15,9,0
2025-04-15,10,9
2025-04-15,11,12
2025-04-15,12,15
2025-04-15,13,18
2025-04-15,14,18
2025-04-15,15,9
2025-04-15,16,11
2025-04-15,17,13
2025-04-15,18,18
2025-04-15,19,15
2025-04-15,20,19
2025-04-15,21,15
2025-04-15,22,15
2025-04-15,23,19
2025-04-16,0,0
2025-04-16,1,0
2025-04-16,2,0
2025-04-16,3,0
2025-04-16,4,0
2025-04-16,5,0
2025-04-16,6,0
2025-04-16,7,0
2025-04-16,8,0
2025-04-16,9,0
2025-04-16,10,13
2025-04-16,11,10
2025-04-16,12,16
2025-04-16,13,15
2025-04-16,14,16
2025-04-16,15,12
2025-04-16,16,11
2025-04-16,17,12
2025-04-16,18,18
2025-04-16,19,15
2025-04-16,20,16
2025-04-16,21,12
2025-04-16,22,16
2025-04-16,23,12
2025-04-17,0,0
2025-04-17,1,0
2025-04-17,2,0
2025-04-17,3,0
2025-04-17,4,0
2025-04-17,5,0
2025-04-17,6,0
2025-04-17,7,0
2025-04-17,8,0
2025-04-17,9,0
2025-04-17,10,9
2025-04-17,11,11
2025-04-17,12,15
2025-04-17,13,15
2025-04-17,14,12
2025-04-17,15,13
2025-04-17,16,10
2025-04-17,17,12
2025-04-17,18,19
2025-04-17,19,18
2025-04-17,20,15
2025-04-17,21,12
2025-04-17,22,19
2025-04-17,23,19
2025-04-18,0,0
2025-04-18,1,0
2025-04-18,2,0
2025-04-18,3,0
2025-04-18,4,0
2025-04-18,5,0
2025-04-18,6,0
2025-04-18,7,0
2025-04-18,8,0
2025-04-18,9,0
2025-04-18,10,31
2025-04-18,11,31
2025-04-18,12,45
2025-04-18,13,55
2025-04-18,14,54
2025-04-18,15,36
2025-04-18,16,31
2025-04-18,17,30
2025-04-18,18,51
2025-04-18,19,54
2025-04-18,20,55
2025-04-18,21,52
2025-04-18,22,48
2025-04-18,23,49
2025-04-19,0,0
2025-04-19,1,0
2025-04-19,2,0
2025-04-19,3,0
2025-04-19,4,0
2025-04-19,5,0
2025-04-19,6,0
2025-04-19,7,0
2025-04-19,8,0
2025-04-19,9,0
2025-04-19,10,20
2025-04-19,11,20
2025-04-19,12,31
2025-04-19,13,27
2025-04-19,14,34
2025-04-19,15,18
2025-04-19,16,23
2025-04-19,17,20
2025-04-19,18,28
2025-04-19,19,34
2025-04-19,20,34
2025-04-19,21,27
2025-04-19,22,27
2025-04-19,23,31
2025-04-20,0,0
2025-04-20,1,0
2025-04-20,2,0
2025-04-20,3,0
2025-04-20,4,0
2025-04-20,5,0
2025-04-20,6,0
2025-04-20,7,0
2025-04-20,8,0
2025-04-20,9,0
2025-04-20,10,20
2025-04-20,11,20
2025-04-20,12,30
2025-04-20,13,33
2025-04-20,14,28
2025-04-20,15,23
2025-04-20,16,22
2025-04-20,17,23
2025-04-20,18,33
2025-04-20,19,27
2025-04-20,20,27
2025-04-20,21,27
2025-04-20,22,33
2025-04-20,23,34
2025-04-21,0,0
2025-04-21,1,0
2025-04-21,2,0
2025-04-21,3,0
2025-04-21,4,0
2025-04-21,5,0
2025-04-21,6,0
2025-04-21,7,0
2025-04-21,8,0
2025-04-21,9,0
2025-04-21,10,9
2025-04-21,11,12
2025-04-21,12,19
2025-04-21,13,16
2025-04-21,14,18
2025-04-21,15,9
2025-04-21,16,10
2025-04-21,17,9
2025-04-21,18,18
2025-04-21,19,16
2025-04-21,20,12
2025-04-21,21,12
2025-04-21,22,19
2025-04-21,23,18
2025-04-22,0,0
2025-04-22,1,0
2025-04-22,2,0
2025-04-22,3,0
2025-04-22,4,0
2025-04-22,5,0
2025-04-22,6,0
2025-04-22,7,0
2025-04-22,8,0
2025-04-22,9,0
2025-04-22,10,10
2025-04-22,11,9
2025-04-22,12,16
2025-04-22,13,13
2025-04-22,14,13
2025-04-22,15,11
2025-04-22,16,13
2025-04-22,17,11
2025-04-22,18,15
2025-04-22,19,13
2025-04-22,20,19
2025-04-22,21,13
2025-04-22,22,12
2025-04-22,23,15
2025-04-23,0,0
2025-04-23,1,0
2025-04-23,2,0
2025-04-23,3,0
2025-04-23,4,0
2025-04-23,5,0
2025-04-23,6,0
2025-04-23,7,0
2025-04-23,8,0
2025-04-23,9,0
2025-04-23,10,10
2025-04-23,11,8
2025-04-23,12,15
2025-04-23,13,19
2025-04-23,14,19
2025-04-23,15,8
2025-04-23,16,11
2025-04-23,17,11
2025-04-23,18,15
2025-04-23,19,19
2025-04-23,20,15
2025-04-23,21,18
2025-04-23,22,15
2025-04-23,23,15
2025-04-24,0,0
2025-04-24,1,0
2025-04-24,2,0
2025-04-24,3,0
2025-04-24,4,0
2025-04-24,5,0
2025-04-24,6,0
2025-04-24,7,0
2025-04-24,8,0
2025-04-24,9,0
2025-04-24,10,13
2025-04-24,11,11
2025-04-24,12,12
2025-04-24,13,18
2025-04-24,14,12
2025-04-24,15,11
2025-04-24,16,12
2025-04-24,17,12
2025-04-24,18,16
2025-04-24,19,19
2025-04-24,20,18
2025-04-24,21,19
2025-04-24,22,15
2025-04-24,23,19
2025-04-25,0,0
2025-04-25,1,0
2025-04-25,2,0
2025-04-25,3,0
2025-04-25,4,0
2025-04-25,5,0
2025-04-25,6,0
2025-04-25,7,0
2025-04-25,8,0
2025-04-25,9,0
2025-04-25,10,18
2025-04-25,11,22
2025-04-25,12,27
2025-04-25,13,34
2025-04-25,14,30
2025-04-25,15,21
2025-04-25,16,24
2025-04-25,17,20
2025-04-25,18,33
2025-04-25,19,27
2025-04-25,20,36
2025-04-25,21,33
2025-04-25,22,30
2025-04-25,23,36
2025-04-26,0,0
2025-04-26,1,0
2025-04-26,2,0
2025-04-26,3,0
2025-04-26,4,0
2025-04-26,5,0
2025-04-26,6,0
2025-04-26,7,0
2025-04-26,8,0
2025-04-26,9,0
2025-04-26,10,21
2025-04-26,11,18
2025-04-26,12,31
2025-04-26,13,36
2025-04-26,14,27
2025-04-26,15,23
2025-04-26,16,20
2025-04-26,17,21
2025-04-26,18,36
2025-04-26,19,30
2025-04-26,20,31
2025-04-26,21,34
2025-04-26,22,36
2025-04-26,23,33
2025-04-27,0,0
2025-04-27,1,0
2025-04-27,2,0
2025-04-27,3,0
2025-04-27,4,0
2025-04-27,5,0
2025-04-27,6,0
2025-04-27,7,0
2025-04-27,8,0
2025-04-27,9,0
2025-04-27,10,19
2025-04-27,11,23
2025-04-27,12,34
2025-04-27,13,28
2025-04-27,14,34
2025-04-27,15,21
2025-04-27,16,24
2025-04-27,17,21
2025-04-27,18,31
2025-04-27,19,28
2025-04-27,20,27
2025-04-27,21,30
2025-04-27,22,30
2025-04-27,23,30
2025-04-28,0,0
2025-04-28,1,0
2025-04-28,2,0
2025-04-28,3,0
2025-04-28,4,0
2025-04-28,5,0
2025-04-28,6,0
2025-04-28,7,0
2025-04-28,8,0
2025-04-28,9,0
2025-04-28,10,9
2025-04-28,11,9
2025-04-28,12,19
2025-04-28,13,19
2025-04-28,14,19
2025-04-28,15,10
2025-04-28,16,11
2025-04-28,17,10
2025-04-28,18,13
2025-04-28,19,12
2025-04-28,20,12
2025-04-28,21,19
2025-04-28,22,12
2025-04-28,23,15
2025-04-29,0,0
2025-04-29,1,0
2025-04-29,2,0
2025-04-29,3,0
2025-04-29,4,0
2025-04-29,5,0
2025-04-29,6,0
2025-04-29,7,0
2025-04-29,8,0
2025-04-29,9,0
2025-04-29,10,13
2025-04-29,11,13
2025-04-29,12,13
2025-04-29,13,19
2025-04-29,14,19
2025-04-29,15,13
2025-04-29,16,9
2025-04-29,17,12
2025-04-29,18,15
2025-04-29,19,18
2025-04-29,20,12
2025-04-29,21,12
2025-04-29,22,18
2025-04-29,23,12
2025-04-30,0,0
2025-04-30,1,0
2025-04-30,2,0
2025-04-30,3,0
2025-04-30,4,0
2025-04-30,5,0
2025-04-30,6,0
2025-04-30,7,0
2025-04-30,8,0
2025-04-30,9,0
2025-04-30,10,13
2025-04-30,11,13
2025-04-30,12,13
2025-04-30,13,18
2025-04-30,14,18
2025-04-30,15,9
2025-04-30,16,10
2025-04-30,17,13
2025-04-30,18,19
2025-04-30,19,19
2025-04-30,20,18
2025-04-30,21,12
2025-04-30,22,13
2025-04-30,23,15
2025-05-01,0,0
2025-05-01,1,0
2025-05-01,2,0
2025-05-01,3,0
2025-05-01,4,0
2025-05-01,5,0
2025-05-01,6,0
2025-05-01,7,0
2025-05-01,8,0
2025-05-01,9,0
2025-05-01,10,10
2025-05-01,11,12
2025-05-01,12,13
2025-05-01,13,19
2025-05-01,14,16
2025-05-01,15,13
2025-05-01,16,9
2025-05-01,17,8
2025-05-01,18,12
2025-05-01,19,13
2025-05-01,20,15
2025-05-01,21,13
2025-05-01,22,15
2025-05-01,23,13
2025-05-02,0,0
2025-05-02,1,0
2025-05-02,2,0
2025-05-02,3,0
2025-05-02,4,0
2025-05-02,5,0
2025-05-02,6,0
2025-05-02,7,0
2025-05-02,8,0
2025-05-02,9,0
2025-05-02,10,22
2025-05-02,11,18
2025-05-02,12,31
2025-05-02,13,28
2025-05-02,14,30
2025-05-02,15,20
2025-05-02,16,18
2025-05-02,17,23
2025-05-02,18,36
2025-05-02,19,27
2025-05-02,20,30
2025-05-02,21,27
2025-05-02,22,34
2025-05-02,23,31
2025-05-03,0,0
2025-05-03,1,0
2025-05-03,2,0
2025-05-03,3,0
2025-05-03,4,0
2025-05-03,5,0
2025-05-03,6,0
2025-05-03,7,0
2025-05-03,8,0
2025-05-03,9,0
2025-05-03,10,22
2025-05-03,11,22
2025-05-03,12,33
2025-05-03,13,36
2025-05-03,14,33
2025-05-03,15,20
2025-05-03,16,24
2025-05-03,17,24
2025-05-03,18,36
2025-05-03,19,31
2025-05-03,20,30
2025-05-03,21,28
2025-05-03,22,31
2025-05-03,23,33
2025-05-04,0,0
2025-05-04,1,0
2025-05-04,2,0
2025-05-04,3,0
2025-05-04,4,0
2025-05-04,5,0
2025-05-04,6,0
2025-05-04,7,0
2025-05-04,8,0
2025-05-04,9,0
2025-05-04,10,22
2025-05-04,11,23
2025-05-04,12,27
2025-05-04,13,30
2025-05-04,14,27
2025-05-04,15,18
2025-05-04,16,18
2025-05-04,17,19
2025-05-04,18,30
2025-05-04,19,36
2025-05-04,20,34
2025-05-04,21,34
2025-05-04,22,28
2025-05-04,23,34
2025-05-05,0,0
2025-05-05,1,0
2025-05-05,2,0
2025-05-05,3,0
2025-05-05,4,0
2025-05-05,5,0
2025-05-05,6,0
2025-05-05,7,0
2025-05-05,8,0
2025-05-05,9,0
2025-05-05,10,11
2025-05-05,11,8
2025-05-05,12,16
2025-05-05,13,12
2025-05-05,14,13
2025-05-05,15,12
2025-05-05,16,9
2025-05-05,17,11
2025-05-05,18,16
2025-05-05,19,12
2025-05-05,20,15
2025-05-05,21,13
2025-05-05,22,15
2025-05-05,23,16
2025-05-06,0,0
2025-05-06,1,0
2025-05-06,2,0
2025-05-06,3,0
2025-05-06,4,0
2025-05-06,5,0
2025-05-06,6,0
2025-05-06,7,0
2025-05-06,8,0
2025-05-06,9,0
2025-05-06,10,11
2025-05-06,11,13
2025-05-06,12,12
2025-05-06,13,16
2025-05-06,14,12
2025-05-06,15,10
2025-05-06,16,8
2025-05-06,17,10
2025-05-06,18,16
2025-05-06,19,13
2025-05-06,20,18
2025-05-06,21,19
2025-05-06,22,12
2025-05-06,23,15
2025-05-07,0,0
2025-05-07,1,0
2025-05-07,2,0
2025-05-07,3,0
2025-05-07,4,0
2025-05-07,5,0
2025-05-07,6,0
2025-05-07,7,0
2025-05-07,8,0
2025-05-07,9,0
2025-05-07,10,12
2025-05-07,11,8
2025-05-07,12,13
2025-05-07,13,13
2025-05-07,14,13
2025-05-07,15,13
2025-05-07,16,12
2025-05-07,17,10
2025-05-07,18,12
2025-05-07,19,16
2025-05-07,20,16
2025-05-07,21,18
2025-05-07,22,19
2025-05-07,23,18
2025-05-08,0,0
2025-05-08,1,0
2025-05-08,2,0
2025-05-08,3,0
2025-05-08,4,0
2025-05-08,5,0
2025-05-08,6,0
2025-05-08,7,0
2025-05-08,8,0
2025-05-08,9,0
2025-05-08,10,8
2025-05-08,11,9
2025-05-08,12,15
2025-05-08,13,19
2025-05-08,14,13
2025-05-08,15,13
2025-05-08,16,10
2025-05-08,17,10
2025-05-08,18,18
2025-05-08,19,16
2025-05-08,20,15
2025-05-08,21,16
2025-05-08,22,18
2025-05-08,23,16
2025-05-09,0,0
2025-05-09,1,0
2025-05-09,2,0
2025-05-09,3,0
2025-05-09,4,0
2025-05-09,5,0
2025-05-09,6,0
2025-05-09,7,0
2025-05-09,8,0
2025-05-09,9,0
2025-05-09,10,23
2025-05-09,11,23
2025-05-09,12,31
2025-05-09,13,31
2025-05-09,14,28
2025-05-09,15,18
2025-05-09,16,22
2025-05-09,17,20
2025-05-09,18,36
2025-05-09,19,31
2025-05-09,20,36
2025-05-09,21,31
2025-05-09,22,27
2025-05-09,23,33
2025-05-10,0,0
2025-05-10,1,0
2025-05-10,2,0
2025-05-10,3,0
2025-05-10,4,0
2025-05-10,5,0
2025-05-10,6,0
2025-05-10,7,0
2025-05-10,8,0
2025-05-10,9,0
2025-05-10,10,20
2025-05-10,11,23
2025-05-10,12,33
2025-05-10,13,28
2025-05-10,14,30
2025-05-10,15,18
2025-05-10,16,21
2025-05-10,17,21
2025-05-10,18,27
2025-05-10,19,27
2025-05-10,20,27
2025-05-10,21,28
2025-05-10,22,28
2025-05-10,23,31
2025-05-11,0,0
2025-05-11,1,0
2025-05-11,2,0
2025-05-11,3,0
2025-05-11,4,0
2025-05-11,5,0
2025-05-11,6,0
2025-05-11,7,0
2025-05-11,8,0
2025-05-11,9,0
2025-05-11,10,33
2025-05-11,11,36
2025-05-11,12,55
2025-05-11,13,51
2025-05-11,14,57
2025-05-11,15,32
2025-05-11,16,33
2025-05-11,17,36
2025-05-11,18,58
2025-05-11,19,51
2025-05-11,20,49
2025-05-11,21,52
2025-05-11,22,57
2025-05-11,23,45
2025-05-12,0,0
2025-05-12,1,0
2025-05-12,2,0
2025-05-12,3,0
2025-05-12,4,0
2025-05-12,5,0
2025-05-12,6,0
2025-05-12,7,0
2025-05-12,8,0
2025-05-12,9,0
2025-05-12,10,31
2025-05-12,11,38
2025-05-12,12,55
2025-05-12,13,52
2025-05-12,14,49
2025-05-12,15,35
2025-05-12,16,32
2025-05-12,17,34
2025-05-12,18,51
2025-05-12,19,51
2025-05-12,20,51
2025-05-12,21,55
2025-05-12,22,48
2025-05-12,23,45
2025-05-13,0,0
2025-05-13,1,0
2025-05-13,2,0
2025-05-13,3,0
2025-05-13,4,0
2025-05-13,5,0
2025-05-13,6,0
2025-05-13,7,0
2025-05-13,8,0
2025-05-13,9,0
2025-05-13,10,12
2025-05-13,11,8
2025-05-13,12,16
2025-05-13,13,19
2025-05-13,14,16
2025-05-13,15,11
2025-05-13,16,12
2025-05-13,17,8
2025-05-13,18,16
2025-05-13,19,16
2025-05-13,20,18
2025-05-13,21,19
2025-05-13,22,16
2025-05-13,23,18
2025-05-14,0,0
2025-05-14,1,0
2025-05-14,2,0
2025-05-14,3,0
2025-05-14,4,0
2025-05-14,5,0
2025-05-14,6,0
2025-05-14,7,0
2025-05-14,8,0
2025-05-14,9,0
2025-05-14,10,10
2025-05-14,11,8
2025-05-14,12,19
2025-05-14,13,16
2025-05-14,14,18
2025-05-14,15,10
2025-05-14,16,9
2025-05-14,17,12
2025-05-14,18,13
2025-05-14,19,18
2025-05-14,20,16
2025-05-14,21,18
2025-05-14,22,19
2025-05-14,23,15
2025-05-15,0,0
2025-05-15,1,0
2025-05-15,2,0
2025-05-15,3,0
2025-05-15,4,0
2025-05-15,5,0
2025-05-15,6,0
2025-05-15,7,0
2025-05-15,8,0
2025-05-15,9,0
2025-05-15,10,11
2025-05-15,11,11
2025-05-15,12,13
2025-05-15,13,16
2025-05-15,14,18
2025-05-15,15,13
2025-05-15,16,11
2025-05-15,17,10
2025-05-15,18,13
2025-05-15,19,13
2025-05-15,20,12
2025-05-15,21,19
2025-05-15,22,13
2025-05-15,23,12
2025-05-16,0,0
2025-05-16,1,0
2025-05-16,2,0
2025-05-16,3,0
2025-05-16,4,0
2025-05-16,5,0
2025-05-16,6,0
2025-05-16,7,0
2025-05-16,8,0
2025-05-16,9,0
2025-05-16,10,18
2025-05-16,11,22
2025-05-16,12,34
2025-05-16,13,36
2025-05-16,14,28
2025-05-16,15,24
2025-05-16,16,20
2025-05-16,17,19
2025-05-16,18,28
2025-05-16,19,33
2025-05-16,20,30
2025-05-16,21,27
2025-05-16,22,30
2025-05-16,23,34
2025-05-17,0,0
2025-05-17,1,0
2025-05-17,2,0
2025-05-17,3,0
2025-05-17,4,0
2025-05-17,5,0
2025-05-17,6,0
2025-05-17,7,0
2025-05-17,8,0
2025-05-17,9,0
2025-05-17,10,22
2025-05-17,11,24
2025-05-17,12,28
2025-05-17,13,27
2025-05-17,14,28
2025-05-17,15,23
2025-05-17,16,23
2025-05-17,17,22
2025-05-17,18,27
2025-05-17,19,31
2025-05-17,20,34
2025-05-17,21,27
2025-05-17,22,27
2025-05-17,23,36
2025-05-18,0,0
2025-05-18,1,0
2025-05-18,2,0
2025-05-18,3,0
2025-05-18,4,0
2025-05-18,5,0
2025-05-18,6,0
2025-05-18,7,0
2025-05-18,8,0
2025-05-18,9,0
2025-05-18,10,22
2025-05-18,11,19
2025-05-18,12,30
2025-05-18,13,28
2025-05-18,14,31
2025-05-18,15,18
2025-05-18,16,21
2025-05-18,17,20
2025-05-18,18,28
2025-05-18,19,34
2025-05-18,20,34
2025-05-18,21,28
2025-05-18,22,27
2025-05-18,23,27
2025-05-19,0,0
2025-05-19,1,0
2025-05-19,2,0
2025-05-19,3,0
2025-05-19,4,0
2025-05-19,5,0
2025-05-19,6,0
2025-05-19,7,0
2025-05-19,8,0
2025-05-19,9,0
2025-05-19,10,12
2025-05-19,11,11
2025-05-19,12,15
2025-05-19,13,16
2025-05-19,14,16
2025-05-19,15,8
2025-05-19,16,8
2025-05-19,17,8
2025-05-19,18,19
2025-05-19,19,13
2025-05-19,20,19
2025-05-19,21,13
2025-05-19,22,13
2025-05-19,23,16
2025-05-20,0,0
